Handle,Title,Body (HTML),Vendor,Type,Tags,Published,Option1 Name,Option1 Value,Variant SKU,Variant Inventory Tracker,Variant Inventory Qty,Variant Inventory Policy,Variant Fulfillment Service,Variant Price,Variant Compare At Price,Variant Requires Shipping,Variant Taxable,Image Src,Image Position,Image Alt Text,Status,Metafield: custom.by_fabric [single_line_text_field],Metafield: custom.by_pieces [single_line_text_field],Metafield: custom.by_type [single_line_text_field],Metafield: custom.by_color [single_line_text_field],_title_branded,_title_whitelabel,_source_brand,_source_url,_in_stock_at_source
alkaram-3-pc-printed-lawn-suit-with-lawn-dupatta-ss-15-1-24-2-black,Alkaram · Ladies Unstitched 3 piece,,Alkaram,Ladies Unstitched,"brand:Alkaram, gender:ladies, unstitched, pieces:3",FALSE,Title,Default Title,KJC-LU-ALK-10015,shopify,0,deny,manual,3423.00,4890.00,TRUE,TRUE,https://cdn.shopify.com/s/files/1/0623/6481/1444/files/SS-15.1-24-2-Black-2.jpg?v=1718563841,1,Ladies Unstitched 3 piece,draft,,3 piece,,,Alkaram · Ladies Unstitched 3 piece,Ladies Unstitched 3 piece,Alkaram,https://alkaramstudio.com/products/3-pc-printed-lawn-suit-with-lawn-dupatta-ss-15-1-24-2-black,yes
alkaram-4-piece-embroidered-yarn-dyed-organza-suit-with-yarn-dyed-organza-dupatta-hf-14-25-1-cherry-,Alkaram · Ladies Unstitched Printed Organza 3 piece,,Alkaram,Ladies Unstitched,"brand:Alkaram, gender:ladies, unstitched, fabric:Organza, pieces:3, type:Printed",FALSE,Title,Default Title,KJC-LU-ALK-10016,shopify,0,deny,manual,12792.00,15990.00,TRUE,TRUE,https://cdn.shopify.com/s/files/1/0623/6481/1444/files/HF-14-25-1-CHERRY_RED-1_2f7f5700-5cee-4df6-bf61-5b9147b5ebf4.jpg?v=1738659881,1,Ladies Unstitched Printed Organza 3 piece,draft,Organza,3 piece,Printed,,Alkaram · Ladies Unstitched Printed Organza 3 piece,Ladies Unstitched Printed Organza 3 piece,Alkaram,https://alkaramstudio.com/products/4-piece-embroidered-yarn-dyed-organza-suit-with-yarn-dyed-organza-dupatta-hf-14-25-1-cherry-red,yes
alkaram-2-pc-embroidered-thin-cambric-suit-with-fancy-zarri-dupatta-fc-34n-25-persian-blue,Alkaram · Ladies Unstitched Printed 2 piece,,Alkaram,Ladies Unstitched,"brand:Alkaram, gender:ladies, unstitched, pieces:2, type:Printed",FALSE,Title,Default Title,KJC-LU-ALK-10017,shopify,0,deny,manual,4893.00,6990.00,TRUE,TRUE,https://cdn.shopify.com/s/files/1/0623/6481/1444/files/FC-34N-25-PERSIAN_BLUE-1_b1b3d57a-a602-48db-8a1e-467fe6b887f6.jpg?v=1738575431,1,Ladies Unstitched Printed 2 piece,draft,,2 piece,Printed,,Alkaram · Ladies Unstitched Printed 2 piece,Ladies Unstitched Printed 2 piece,Alkaram,https://alkaramstudio.com/products/2-pc-embroidered-thin-cambric-suit-with-fancy-zarri-dupatta-fc-34n-25-persian-blue,yes
alkaram-3-pc-embroidered-viscose-jacquard-suit-with-chiffon-dupatta-fc-27k-25-white,Alkaram · Ladies Unstitched Embroidered Lawn 3 piece,,Alkaram,Ladies Unstitched,"brand:Alkaram, gender:ladies, unstitched, fabric:Lawn, pieces:3, type:Embroidered",FALSE,Title,Default Title,KJC-LU-ALK-10018,shopify,0,deny,manual,7693.00,10990.00,TRUE,TRUE,https://cdn.shopify.com/s/files/1/0623/6481/1444/files/FC-27K-25-WHITE-1_5e3e5769-409f-4198-8456-03d95cf64396.jpg?v=1738575373,1,Ladies Unstitched Embroidered Lawn 3 piece,draft,Lawn,3 piece,Embroidered,,Alkaram · Ladies Unstitched Embroidered Lawn 3 piece,Ladies Unstitched Embroidered Lawn 3 piece,Alkaram,https://alkaramstudio.com/products/3-pc-embroidered-viscose-jacquard-suit-with-chiffon-dupatta-fc-27k-25-white,yes
alkaram-3-pc-embroidered-lawn-suit-with-burnout-dupatta-fc-24j-25-lavender,Alkaram · Ladies Unstitched Embroidered Lawn 3 piece,,Alkaram,Ladies Unstitched,"brand:Alkaram, gender:ladies, unstitched, fabric:Lawn, pieces:3, type:Embroidered",FALSE,Title,Default Title,KJC-LU-ALK-10019,shopify,0,deny,manual,7693.00,10990.00,TRUE,TRUE,https://cdn.shopify.com/s/files/1/0623/6481/1444/files/FC-24J-25-LAVENDER-1_3cd39641-03f7-453b-8b05-64fe2110812d.jpg?v=1738575348,1,Ladies Unstitched Embroidered Lawn 3 piece,draft,Lawn,3 piece,Embroidered,,Alkaram · Ladies Unstitched Embroidered Lawn 3 piece,Ladies Unstitched Embroidered Lawn 3 piece,Alkaram,https://alkaramstudio.com/products/3-pc-embroidered-lawn-suit-with-burnout-dupatta-fc-24j-25-lavender,yes
alkaram-3-pc-embroidered-jacquard-suit-with-organza-jacquard-dupatta-fc-20h-25-green,Alkaram · Ladies Unstitched Embroidered Jacquard 3 piece,,Alkaram,Ladies Unstitched,"brand:Alkaram, gender:ladies, unstitched, fabric:Jacquard, pieces:3, type:Embroidered",FALSE,Title,Default Title,KJC-LU-ALK-10020,shopify,0,deny,manual,7693.00,10990.00,TRUE,TRUE,https://cdn.shopify.com/s/files/1/0623/6481/1444/files/FC-20H-25-GREEN-1_4d5ebc21-797c-496e-bcec-6bd21c91c13f.jpg?v=1738575316,1,Ladies Unstitched Embroidered Jacquard 3 piece,draft,Jacquard,3 piece,Embroidered,,Alkaram · Ladies Unstitched Embroidered Jacquard 3 piece,Ladies Unstitched Embroidered Jacquard 3 piece,Alkaram,https://alkaramstudio.com/products/3-pc-embroidered-jacquard-suit-with-organza-jacquard-dupatta-fc-20h-25-green,yes
alkaram-3-piece-embroidered-lawn-suit-with-chiffon-dupatta-ll-12-25-1-royal-blue,Alkaram · Ladies Unstitched Embroidered Lawn 3 piece,,Alkaram,Ladies Unstitched,"brand:Alkaram, gender:ladies, unstitched, fabric:Lawn, pieces:3, type:Embroidered",FALSE,Title,Default Title,KJC-LU-ALK-10021,shopify,0,deny,manual,8393.00,11990.00,TRUE,TRUE,https://cdn.shopify.com/s/files/1/0623/6481/1444/files/LL-12-25-1-ROYAL_BLUE-1_cfa938d3-3615-4dc4-a73b-e2456e1a3e94.jpg?v=1738133707,1,Ladies Unstitched Embroidered Lawn 3 piece,draft,Lawn,3 piece,Embroidered,,Alkaram · Ladies Unstitched Embroidered Lawn 3 piece,Ladies Unstitched Embroidered Lawn 3 piece,Alkaram,https://alkaramstudio.com/products/3-piece-embroidered-lawn-suit-with-chiffon-dupatta-ll-12-25-1-royal-blue,yes
alkaram-3-piece-embroidered-lawn-suit-with-tissue-silk-dupatta-ll-11-25-1-sage-green,Alkaram · Ladies Unstitched Printed Lawn 3 piece,,Alkaram,Ladies Unstitched,"brand:Alkaram, gender:ladies, unstitched, fabric:Lawn, pieces:3, type:Printed",FALSE,Title,Default Title,KJC-LU-ALK-10022,shopify,0,deny,manual,8393.00,11990.00,TRUE,TRUE,https://cdn.shopify.com/s/files/1/0623/6481/1444/files/LL-11-25-1-SAGE_GREEN-1_97bd0264-c9b0-44d7-b05b-230744d7cd38.jpg?v=1738133697,1,Ladies Unstitched Printed Lawn 3 piece,draft,Lawn,3 piece,Printed,,Alkaram · Ladies Unstitched Printed Lawn 3 piece,Ladies Unstitched Printed Lawn 3 piece,Alkaram,https://alkaramstudio.com/products/3-piece-embroidered-lawn-suit-with-tissue-silk-dupatta-ll-11-25-1-sage-green,yes
alkaram-3-piece-printed-lawn-suit-with-printed-zari-dupatta-ss-6-25-1-dark-blue,Alkaram · Ladies Unstitched Printed Lawn 3 piece,,Alkaram,Ladies Unstitched,"brand:Alkaram, gender:ladies, unstitched, fabric:Lawn, pieces:3, type:Printed",FALSE,Title,Default Title,KJC-LU-ALK-10023,shopify,0,deny,manual,4403.00,6290.00,TRUE,TRUE,https://cdn.shopify.com/s/files/1/0623/6481/1444/files/SS-6-25-1-DARK_BLUE-1_2e2a00b0-2903-4da2-a020-c4d4f1f0a572.jpg?v=1736449549,1,Ladies Unstitched Printed Lawn 3 piece,draft,Lawn,3 piece,Printed,,Alkaram · Ladies Unstitched Printed Lawn 3 piece,Ladies Unstitched Printed Lawn 3 piece,Alkaram,https://alkaramstudio.com/products/3-piece-printed-lawn-suit-with-printed-zari-dupatta-ss-6-25-1-dark-blue,yes
alkaram-four-piece-embroidered-organza-6m-suit-with-organza-dupatta-lf-09-24-2-ivory,Alkaram · Ladies Unstitched Embroidered Organza 3 piece,,Alkaram,Ladies Unstitched,"brand:Alkaram, gender:ladies, unstitched, fabric:Organza, pieces:3, type:Embroidered",FALSE,Title,Default Title,KJC-LU-ALK-10024,shopify,0,deny,manual,21592.00,26990.00,TRUE,TRUE,https://cdn.shopify.com/s/files/1/0623/6481/1444/files/LF-09-24-2-IVORY-1_7b1260a3-416a-4030-a2b4-ffd909d2b374.jpg?v=1729146309,1,Ladies Unstitched Embroidered Organza 3 piece,draft,Organza,3 piece,Embroidered,,Alkaram · Ladies Unstitched Embroidered Organza 3 piece,Ladies Unstitched Embroidered Organza 3 piece,Alkaram,https://alkaramstudio.com/products/four-piece-embroidered-organza-6m-suit-with-organza-dupatta-lf-09-24-2-ivory,yes
alkaram-3-pc-embroidered-indian-silk-suit-with-yarn-dyed-dupatta-f2-10-25-pink,Alkaram · Ladies Unstitched Embroidered Lawn 3 piece,,Alkaram,Ladies Unstitched,"brand:Alkaram, gender:ladies, unstitched, fabric:Lawn, pieces:3, type:Embroidered",FALSE,Title,Default Title,KJC-LU-ALK-10025,shopify,0,deny,manual,6643.00,9490.00,TRUE,TRUE,https://cdn.shopify.com/s/files/1/0623/6481/1444/files/F2-10-25-PINK-1_4895dbcf-4a75-4979-a4bb-4b32a44baecd.jpg?v=1749021080,1,Ladies Unstitched Embroidered Lawn 3 piece,draft,Lawn,3 piece,Embroidered,,Alkaram · Ladies Unstitched Embroidered Lawn 3 piece,Ladies Unstitched Embroidered Lawn 3 piece,Alkaram,https://alkaramstudio.com/products/3-pc-embroidered-indian-silk-suit-with-yarn-dyed-dupatta-f2-10-25-pink,yes
alkaram-3-piece-printed-lawn-suit-with-printed-lawn-dupatta-ss-10-1-25-1-pink,Alkaram · Ladies Unstitched Printed Lawn 3 piece,,Alkaram,Ladies Unstitched,"brand:Alkaram, gender:ladies, unstitched, fabric:Lawn, pieces:3, type:Printed",FALSE,Title,Default Title,KJC-LU-ALK-10026,shopify,0,deny,manual,3353.00,4790.00,TRUE,TRUE,https://cdn.shopify.com/s/files/1/0623/6481/1444/files/SS-10.1-25-1-PINK-1_27e618bf-56c5-4d70-99a3-51dc30251ae4.jpg?v=1748331824,1,Ladies Unstitched Printed Lawn 3 piece,draft,Lawn,3 piece,Printed,,Alkaram · Ladies Unstitched Printed Lawn 3 piece,Ladies Unstitched Printed Lawn 3 piece,Alkaram,https://alkaramstudio.com/products/3-piece-printed-lawn-suit-with-printed-lawn-dupatta-ss-10-1-25-1-pink,yes
alkaram-3-piece-embroiderd-dyed-self-jacquard-suit-with-printed-manar-dupatta-jec-02-25-1-mint-green,Alkaram · Ladies Unstitched Jacquard Lawn 2 piece,,Alkaram,Ladies Unstitched,"brand:Alkaram, gender:ladies, unstitched, fabric:Lawn, pieces:2, type:Jacquard, colour:Silver",FALSE,Title,Default Title,KJC-LU-ALK-10027,shopify,0,deny,manual,5618.00,7490.00,TRUE,TRUE,https://cdn.shopify.com/s/files/1/0623/6481/1444/files/JEC-02-25-1-MINT_GREEN-1_1ee634ce-d5c6-4c71-a15a-8601c52e066d.jpg?v=1744970252,1,Ladies Unstitched Jacquard Lawn 2 piece,draft,Lawn,2 piece,Jacquard,Silver,Alkaram · Ladies Unstitched Jacquard Lawn 2 piece,Ladies Unstitched Jacquard Lawn 2 piece,Alkaram,https://alkaramstudio.com/products/3-piece-embroiderd-dyed-self-jacquard-suit-with-printed-manar-dupatta-jec-02-25-1-mint-green,yes
alkaram-3-piece-printed-light-cambric-suit-with-slub-dupatta-ac-03-25-1-black,Alkaram · Ladies Unstitched Printed 3 piece,,Alkaram,Ladies Unstitched,"brand:Alkaram, gender:ladies, unstitched, pieces:3, type:Printed, colour:White",FALSE,Title,Default Title,KJC-LU-ALK-10028,shopify,0,deny,manual,4193.00,5590.00,TRUE,TRUE,https://cdn.shopify.com/s/files/1/0623/6481/1444/files/AC-03-25-1-Black-1_e5f4d08e-2c47-4ea5-b8f8-387afe0fb759.jpg?v=1744652717,1,Ladies Unstitched Printed 3 piece,draft,,3 piece,Printed,White,Alkaram · Ladies Unstitched Printed 3 piece,Ladies Unstitched Printed 3 piece,Alkaram,https://alkaramstudio.com/products/3-piece-printed-light-cambric-suit-with-slub-dupatta-ac-03-25-1-black,yes
alkaram-3-pc-printed-lawn-suit-with-printed-lawn-dupatta-ss-58-25-2-green,Alkaram · Ladies Unstitched Printed Lawn 3 piece,,Alkaram,Ladies Unstitched,"brand:Alkaram, gender:ladies, unstitched, fabric:Lawn, pieces:3, type:Printed",FALSE,Title,Default Title,KJC-LU-ALK-10029,shopify,0,deny,manual,3213.00,4590.00,TRUE,TRUE,https://cdn.shopify.com/s/files/1/0623/6481/1444/files/SS-58-25-2-GREEN-1_a13a1c50-09e3-4b59-bfac-8f418fdfc0a9.jpg?v=1742868494,1,Ladies Unstitched Printed Lawn 3 piece,draft,Lawn,3 piece,Printed,,Alkaram · Ladies Unstitched Printed Lawn 3 piece,Ladies Unstitched Printed Lawn 3 piece,Alkaram,https://alkaramstudio.com/products/3-pc-printed-lawn-suit-with-printed-lawn-dupatta-ss-58-25-2-green,yes
alkaram-3-pc-embroidered-dyed-lawn-suit-with-printed-burnout-dupatta-ss-43-25-2-red,Alkaram · Ladies Unstitched Embroidered Lawn 3 piece,,Alkaram,Ladies Unstitched,"brand:Alkaram, gender:ladies, unstitched, fabric:Lawn, pieces:3, type:Embroidered",FALSE,Title,Default Title,KJC-LU-ALK-10030,shopify,0,deny,manual,4893.00,6990.00,TRUE,TRUE,https://cdn.shopify.com/s/files/1/0623/6481/1444/files/SS-43-25-2-RED-1.jpg?v=1745525926,1,Ladies Unstitched Embroidered Lawn 3 piece,draft,Lawn,3 piece,Embroidered,,Alkaram · Ladies Unstitched Embroidered Lawn 3 piece,Ladies Unstitched Embroidered Lawn 3 piece,Alkaram,https://alkaramstudio.com/products/3-pc-embroidered-dyed-lawn-suit-with-printed-burnout-dupatta-ss-43-25-2-red,yes
alkaram-3-pc-embroidered-dyed-self-jacquard-suit-with-printed-chiffon-dupatta-ss-38-1-25-2-black,Alkaram · Ladies Unstitched Jacquard Lawn 2 piece,,Alkaram,Ladies Unstitched,"brand:Alkaram, gender:ladies, unstitched, fabric:Lawn, pieces:2, type:Jacquard",FALSE,Title,Default Title,KJC-LU-ALK-10031,shopify,0,deny,manual,4543.00,6490.00,TRUE,TRUE,https://cdn.shopify.com/s/files/1/0623/6481/1444/files/SS-38.1-25-2-BLACK-1_82f7a6b0-c4b0-4eae-915c-6eea15ed5221.jpg?v=1742868206,1,Ladies Unstitched Jacquard Lawn 2 piece,draft,Lawn,2 piece,Jacquard,,Alkaram · Ladies Unstitched Jacquard Lawn 2 piece,Ladies Unstitched Jacquard Lawn 2 piece,Alkaram,https://alkaramstudio.com/products/3-pc-embroidered-dyed-self-jacquard-suit-with-printed-chiffon-dupatta-ss-38-1-25-2-black,yes
alkaram-2-pc-printed-lawn-suit-with-printed-lawn-dupatta-ss-66-1-25-2-green,Alkaram · Ladies Unstitched Embroidered Lawn 2 piece,,Alkaram,Ladies Unstitched,"brand:Alkaram, gender:ladies, unstitched, fabric:Lawn, pieces:2, type:Embroidered",FALSE,Title,Default Title,KJC-LU-ALK-10032,shopify,0,deny,manual,2233.00,3190.00,TRUE,TRUE,https://cdn.shopify.com/s/files/1/0623/6481/1444/files/SS-66.1-25-2-GREEN-1_f4d09f8c-4044-4800-9c02-dd132934b2e3.jpg?v=1742868097,1,Ladies Unstitched Embroidered Lawn 2 piece,draft,Lawn,2 piece,Embroidered,,Alkaram · Ladies Unstitched Embroidered Lawn 2 piece,Ladies Unstitched Embroidered Lawn 2 piece,Alkaram,https://alkaramstudio.com/products/2-pc-printed-lawn-suit-with-printed-lawn-dupatta-ss-66-1-25-2-green,yes
alkaram-2-pc-embroidered-dyed-dobby-suit-with-dyed-cambric-trouser-ss-65-1-25-2-cream,Alkaram · Ladies Unstitched Embroidered 2 piece,,Alkaram,Ladies Unstitched,"brand:Alkaram, gender:ladies, unstitched, pieces:2, type:Embroidered",FALSE,Title,Default Title,KJC-LU-ALK-10033,shopify,0,deny,manual,3493.00,4990.00,TRUE,TRUE,https://cdn.shopify.com/s/files/1/0623/6481/1444/files/SS-65.1-25-2-CREAM-1_a803620b-e422-47cd-95dd-7ff2c13fa481.jpg?v=1742868089,1,Ladies Unstitched Embroidered 2 piece,draft,,2 piece,Embroidered,,Alkaram · Ladies Unstitched Embroidered 2 piece,Ladies Unstitched Embroidered 2 piece,Alkaram,https://alkaramstudio.com/products/2-pc-embroidered-dyed-dobby-suit-with-dyed-cambric-trouser-ss-65-1-25-2-cream,yes
alkaram-4-piece-embroidered-yarn-dyed-organza-suit-with-yarn-dyed-organza-dupatta-hf-15-25-1-navy-bl,Alkaram · Ladies Unstitched Printed Organza 3 piece,,Alkaram,Ladies Unstitched,"brand:Alkaram, gender:ladies, unstitched, fabric:Organza, pieces:3, type:Printed",FALSE,Title,Default Title,KJC-LU-ALK-10034,shopify,0,deny,manual,17592.00,21990.00,TRUE,TRUE,https://cdn.shopify.com/s/files/1/0623/6481/1444/files/HF-15-25-1-NAVY_BLUE-1_ccc731df-8581-4bee-ac83-44f3967f4447.jpg?v=1738659885,1,Ladies Unstitched Printed Organza 3 piece,draft,Organza,3 piece,Printed,,Alkaram · Ladies Unstitched Printed Organza 3 piece,Ladies Unstitched Printed Organza 3 piece,Alkaram,https://alkaramstudio.com/products/4-piece-embroidered-yarn-dyed-organza-suit-with-yarn-dyed-organza-dupatta-hf-15-25-1-navy-blue,yes
alkaram-4-piece-embroidered-yarn-dyed-organza-suit-with-dyed-organza-dupatta-hf-13-25-1-cream,Alkaram · Ladies Unstitched Printed Organza 3 piece,,Alkaram,Ladies Unstitched,"brand:Alkaram, gender:ladies, unstitched, fabric:Organza, pieces:3, type:Printed",FALSE,Title,Default Title,KJC-LU-ALK-10035,shopify,0,deny,manual,15192.00,18990.00,TRUE,TRUE,https://cdn.shopify.com/s/files/1/0623/6481/1444/files/HF-13-25-1-CREAM-1_7ff61390-a18c-41dd-bb66-9cc857893c88.jpg?v=1738659871,1,Ladies Unstitched Printed Organza 3 piece,draft,Organza,3 piece,Printed,,Alkaram · Ladies Unstitched Printed Organza 3 piece,Ladies Unstitched Printed Organza 3 piece,Alkaram,https://alkaramstudio.com/products/4-piece-embroidered-yarn-dyed-organza-suit-with-dyed-organza-dupatta-hf-13-25-1-cream,yes
alkaram-4-piece-embroidered-yarn-dyed-organza-suit-with-dyed-organza-dupatta-hf-12-25-1-blush-pink,Alkaram · Ladies Unstitched Printed Organza 3 piece,,Alkaram,Ladies Unstitched,"brand:Alkaram, gender:ladies, unstitched, fabric:Organza, pieces:3, type:Printed",FALSE,Title,Default Title,KJC-LU-ALK-10036,shopify,0,deny,manual,17592.00,21990.00,TRUE,TRUE,https://cdn.shopify.com/s/files/1/0623/6481/1444/files/HF-12-25-1-BLUSH_PINK-1_c5c99bd7-9462-49ce-8a02-d6c8eb525543.jpg?v=1738659863,1,Ladies Unstitched Printed Organza 3 piece,draft,Organza,3 piece,Printed,,Alkaram · Ladies Unstitched Printed Organza 3 piece,Ladies Unstitched Printed Organza 3 piece,Alkaram,https://alkaramstudio.com/products/4-piece-embroidered-yarn-dyed-organza-suit-with-dyed-organza-dupatta-hf-12-25-1-blush-pink,yes
alkaram-4-piece-embroidered-yarn-dyed-zari-net-suit-with-dyed-zari-net-dupatta-hf-11-25-1-lavender,Alkaram · Ladies Unstitched Printed 3 piece,,Alkaram,Ladies Unstitched,"brand:Alkaram, gender:ladies, unstitched, pieces:3, type:Printed",FALSE,Title,Default Title,KJC-LU-ALK-10037,shopify,0,deny,manual,15192.00,18990.00,TRUE,TRUE,https://cdn.shopify.com/s/files/1/0623/6481/1444/files/HF-11-25-1-Lavender_1.jpg?v=1740839707,1,Ladies Unstitched Printed 3 piece,draft,,3 piece,Printed,,Alkaram · Ladies Unstitched Printed 3 piece,Ladies Unstitched Printed 3 piece,Alkaram,https://alkaramstudio.com/products/4-piece-embroidered-yarn-dyed-zari-net-suit-with-dyed-zari-net-dupatta-hf-11-25-1-lavender,yes
alkaram-4-piece-embroidered-yarn-dyed-zari-net-suit-with-yarn-dyed-zari-net-dupatta-hf-10-25-1-sage-,Alkaram · Ladies Unstitched Printed 3 piece,,Alkaram,Ladies Unstitched,"brand:Alkaram, gender:ladies, unstitched, pieces:3, type:Printed",FALSE,Title,Default Title,KJC-LU-ALK-10038,shopify,0,deny,manual,15192.00,18990.00,TRUE,TRUE,https://cdn.shopify.com/s/files/1/0623/6481/1444/files/HF-10-25-1-SAGE_GREEN-1_2e6b66e9-00ac-4aca-9be3-5013be7e9c0d.jpg?v=1738659844,1,Ladies Unstitched Printed 3 piece,draft,,3 piece,Printed,,Alkaram · Ladies Unstitched Printed 3 piece,Ladies Unstitched Printed 3 piece,Alkaram,https://alkaramstudio.com/products/4-piece-embroidered-yarn-dyed-zari-net-suit-with-yarn-dyed-zari-net-dupatta-hf-10-25-1-sage-green,yes
alkaram-4-piece-embroidered-yarn-dyed-suit-with-yarn-dyed-zari-net-dupatta-hf-06-25-1-pink,Alkaram · Ladies Unstitched Printed Jacquard 3 piece,,Alkaram,Ladies Unstitched,"brand:Alkaram, gender:ladies, unstitched, fabric:Jacquard, pieces:3, type:Printed",FALSE,Title,Default Title,KJC-LU-ALK-10039,shopify,0,deny,manual,10392.00,12990.00,TRUE,TRUE,https://cdn.shopify.com/s/files/1/0623/6481/1444/files/HF-06-25-1-PINK-1_7b7cc7f8-cbdf-44c7-8153-190320f7802b.jpg?v=1738659808,1,Ladies Unstitched Printed Jacquard 3 piece,draft,Jacquard,3 piece,Printed,,Alkaram · Ladies Unstitched Printed Jacquard 3 piece,Ladies Unstitched Printed Jacquard 3 piece,Alkaram,https://alkaramstudio.com/products/4-piece-embroidered-yarn-dyed-suit-with-yarn-dyed-zari-net-dupatta-hf-06-25-1-pink,yes
alkaram-4-piece-embroidered-yarn-dyed-suit-with-zari-khaddi-dupatta-hf-01-25-1-beige,Alkaram · Ladies Unstitched Printed Jacquard 3 piece,,Alkaram,Ladies Unstitched,"brand:Alkaram, gender:ladies, unstitched, fabric:Jacquard, pieces:3, type:Printed",FALSE,Title,Default Title,KJC-LU-ALK-10040,shopify,0,deny,manual,10392.00,12990.00,TRUE,TRUE,https://cdn.shopify.com/s/files/1/0623/6481/1444/files/HF-01-25-1-BEIGE-1_1eacc0b2-68a0-4726-a285-51ac157bffc0.jpg?v=1738659765,1,Ladies Unstitched Printed Jacquard 3 piece,draft,Jacquard,3 piece,Printed,,Alkaram · Ladies Unstitched Printed Jacquard 3 piece,Ladies Unstitched Printed Jacquard 3 piece,Alkaram,https://alkaramstudio.com/products/4-piece-embroidered-yarn-dyed-suit-with-zari-khaddi-dupatta-hf-01-25-1-beige,yes
alkaram-2-pc-embroidered-thin-cambric-suit-with-yarn-dyed-dupatta-fc-33n-25-mint,Alkaram · Ladies Unstitched Printed 2 piece,,Alkaram,Ladies Unstitched,"brand:Alkaram, gender:ladies, unstitched, pieces:2, type:Printed",FALSE,Title,Default Title,KJC-LU-ALK-10041,shopify,0,deny,manual,4893.00,6990.00,TRUE,TRUE,https://cdn.shopify.com/s/files/1/0623/6481/1444/files/FC-33N-25-MINT-1_7b7623f7-038c-4734-8c4c-ff03ba5c8fa1.jpg?v=1738575423,1,Ladies Unstitched Printed 2 piece,draft,,2 piece,Printed,,Alkaram · Ladies Unstitched Printed 2 piece,Ladies Unstitched Printed 2 piece,Alkaram,https://alkaramstudio.com/products/2-pc-embroidered-thin-cambric-suit-with-yarn-dyed-dupatta-fc-33n-25-mint,yes
alkaram-3-pc-embroidered-cotton-silk-suit-with-poly-net-dupatta-fc-32m-25-red,Alkaram · Ladies Unstitched Embroidered 3 piece,,Alkaram,Ladies Unstitched,"brand:Alkaram, gender:ladies, unstitched, pieces:3, type:Embroidered",FALSE,Title,Default Title,KJC-LU-ALK-10042,shopify,0,deny,manual,6993.00,9990.00,TRUE,TRUE,https://cdn.shopify.com/s/files/1/0623/6481/1444/files/FC-32M-25-RED-1_3f96979c-084f-492f-a2b0-68b023bbbabe.jpg?v=1738575415,1,Ladies Unstitched Embroidered 3 piece,draft,,3 piece,Embroidered,,Alkaram · Ladies Unstitched Embroidered 3 piece,Ladies Unstitched Embroidered 3 piece,Alkaram,https://alkaramstudio.com/products/3-pc-embroidered-cotton-silk-suit-with-poly-net-dupatta-fc-32m-25-red,yes
alkaram-3-pc-embroidered-cotton-silk-suit-with-organza-dupatta-fc-12e-25-lime-green,Alkaram · Ladies Unstitched Embroidered 3 piece,,Alkaram,Ladies Unstitched,"brand:Alkaram, gender:ladies, unstitched, pieces:3, type:Embroidered",FALSE,Title,Default Title,KJC-LU-ALK-10043,shopify,0,deny,manual,6993.00,9990.00,TRUE,TRUE,https://cdn.shopify.com/s/files/1/0623/6481/1444/files/FC-12E-25-LIME_GREEN-1_11cfd001-f670-4f33-aab6-9c6b1db3679c.jpg?v=1738575251,1,Ladies Unstitched Embroidered 3 piece,draft,,3 piece,Embroidered,,Alkaram · Ladies Unstitched Embroidered 3 piece,Ladies Unstitched Embroidered 3 piece,Alkaram,https://alkaramstudio.com/products/3-pc-embroidered-cotton-silk-suit-with-organza-dupatta-fc-12e-25-lime-green,yes
alkaram-3-piece-printed-lawn-suit-with-printed-chiffon-dupatta-ss-10-25-1-black,Alkaram · Ladies Unstitched Printed Lawn 3 piece,,Alkaram,Ladies Unstitched,"brand:Alkaram, gender:ladies, unstitched, fabric:Lawn, pieces:3, type:Printed",FALSE,Title,Default Title,KJC-LU-ALK-10044,shopify,0,deny,manual,3843.00,5490.00,TRUE,TRUE,https://cdn.shopify.com/s/files/1/0623/6481/1444/files/SS-10-25-1-BLACK-1.jpg?v=1736793231,1,Ladies Unstitched Printed Lawn 3 piece,draft,Lawn,3 piece,Printed,,Alkaram · Ladies Unstitched Printed Lawn 3 piece,Ladies Unstitched Printed Lawn 3 piece,Alkaram,https://alkaramstudio.com/products/3-piece-printed-lawn-suit-with-printed-chiffon-dupatta-ss-10-25-1-black,yes
alkaram-3-piece-printed-lawn-suit-with-printed-chiffon-dupatta-ss-9-25-1-green,Alkaram · Ladies Unstitched Printed Lawn 3 piece,,Alkaram,Ladies Unstitched,"brand:Alkaram, gender:ladies, unstitched, fabric:Lawn, pieces:3, type:Printed",FALSE,Title,Default Title,KJC-LU-ALK-10045,shopify,0,deny,manual,3843.00,5490.00,TRUE,TRUE,https://cdn.shopify.com/s/files/1/0623/6481/1444/files/SS-9-25-1-GREEN-1.jpg?v=1736793203,1,Ladies Unstitched Printed Lawn 3 piece,draft,Lawn,3 piece,Printed,,Alkaram · Ladies Unstitched Printed Lawn 3 piece,Ladies Unstitched Printed Lawn 3 piece,Alkaram,https://alkaramstudio.com/products/3-piece-printed-lawn-suit-with-printed-chiffon-dupatta-ss-9-25-1-green,yes
alkaram-rts-shirt-trouser-dupatta-ccb-12-26-purple,Alkaram · Ladies Unstitched 3 piece,,Alkaram,Ladies Unstitched,"brand:Alkaram, gender:ladies, unstitched, pieces:3, colour:Purple",FALSE,Title,Default Title,KJC-LU-ALK-10046,shopify,0,deny,manual,6593.00,8790.00,TRUE,TRUE,https://cdn.shopify.com/s/files/1/0623/6481/1444/files/CACB-12-26-Purple-1_e9e53f03-1506-4366-9e5d-eb466823dbf1.jpg?v=1768652500,1,Ladies Unstitched 3 piece,draft,,3 piece,,Purple,Alkaram · Ladies Unstitched 3 piece,Ladies Unstitched 3 piece,Alkaram,https://alkaramstudio.com/products/rts-shirt-trouser-dupatta-ccb-12-26-purple,yes
alkaram-rts-shirt-trouser-dupatta-ccb-11-26-sea-green,Alkaram · Ladies Unstitched 3 piece,,Alkaram,Ladies Unstitched,"brand:Alkaram, gender:ladies, unstitched, pieces:3",FALSE,Title,Default Title,KJC-LU-ALK-10047,shopify,0,deny,manual,6593.00,8790.00,TRUE,TRUE,https://cdn.shopify.com/s/files/1/0623/6481/1444/files/CACB-11-26-Sea_Green-1_8421c72e-73ce-478b-9e25-d7a24bbcad96.jpg?v=1768652498,1,Ladies Unstitched 3 piece,draft,,3 piece,,,Alkaram · Ladies Unstitched 3 piece,Ladies Unstitched 3 piece,Alkaram,https://alkaramstudio.com/products/rts-shirt-trouser-dupatta-ccb-11-26-sea-green,yes
alkaram-rts-shirt-trouser-dupatta-ccb-10-26-green,Alkaram · Ladies Unstitched 3 piece,,Alkaram,Ladies Unstitched,"brand:Alkaram, gender:ladies, unstitched, pieces:3",FALSE,Title,Default Title,KJC-LU-ALK-10048,shopify,0,deny,manual,5768.00,7690.00,TRUE,TRUE,https://cdn.shopify.com/s/files/1/0623/6481/1444/files/CACB-10-26-Green-1_d6625120-9792-4b44-927a-785a72c96c34.jpg?v=1768652496,1,Ladies Unstitched 3 piece,draft,,3 piece,,,Alkaram · Ladies Unstitched 3 piece,Ladies Unstitched 3 piece,Alkaram,https://alkaramstudio.com/products/rts-shirt-trouser-dupatta-ccb-10-26-green,yes
alkaram-rts-shirt-trouser-dupatta-ccb-09-26-lilac,Alkaram · Ladies Unstitched 3 piece,,Alkaram,Ladies Unstitched,"brand:Alkaram, gender:ladies, unstitched, pieces:3, colour:Purple",FALSE,Title,Default Title,KJC-LU-ALK-10049,shopify,0,deny,manual,6593.00,8790.00,TRUE,TRUE,https://cdn.shopify.com/s/files/1/0623/6481/1444/files/CACB-09-26-Lilac-1_8f9089b3-c81c-4855-bb13-789f5eb2dd5e.jpg?v=1768652494,1,Ladies Unstitched 3 piece,draft,,3 piece,,Purple,Alkaram · Ladies Unstitched 3 piece,Ladies Unstitched 3 piece,Alkaram,https://alkaramstudio.com/products/rts-shirt-trouser-dupatta-ccb-09-26-lilac,yes
alkaram-rts-shirt-trouser-dupatta-ccb-07-26-black,Alkaram · Ladies Unstitched 3 piece,,Alkaram,Ladies Unstitched,"brand:Alkaram, gender:ladies, unstitched, pieces:3, colour:White",FALSE,Title,Default Title,KJC-LU-ALK-10050,shopify,0,deny,manual,6593.00,8790.00,TRUE,TRUE,https://cdn.shopify.com/s/files/1/0623/6481/1444/files/CACB-07-26-Black-1_050e3fd0-e26b-4273-be2e-1ade858c4479.jpg?v=1768652490,1,Ladies Unstitched 3 piece,draft,,3 piece,,White,Alkaram · Ladies Unstitched 3 piece,Ladies Unstitched 3 piece,Alkaram,https://alkaramstudio.com/products/rts-shirt-trouser-dupatta-ccb-07-26-black,yes
alkaram-rts-shirt-trouser-dupatta-ccb-06-26-blue,Alkaram · Ladies Unstitched 3 piece,,Alkaram,Ladies Unstitched,"brand:Alkaram, gender:ladies, unstitched, pieces:3",FALSE,Title,Default Title,KJC-LU-ALK-10051,shopify,0,deny,manual,5768.00,7690.00,TRUE,TRUE,https://cdn.shopify.com/s/files/1/0623/6481/1444/files/CACB-06-26-Blue-1_e71a855f-07ca-4b8f-b88d-613a9551de19.jpg?v=1768652488,1,Ladies Unstitched 3 piece,draft,,3 piece,,,Alkaram · Ladies Unstitched 3 piece,Ladies Unstitched 3 piece,Alkaram,https://alkaramstudio.com/products/rts-shirt-trouser-dupatta-ccb-06-26-blue,yes
alkaram-rts-shirt-trouser-dupatta-ccb-05-26-sand,Alkaram · Ladies Unstitched 3 piece,,Alkaram,Ladies Unstitched,"brand:Alkaram, gender:ladies, unstitched, pieces:3",FALSE,Title,Default Title,KJC-LU-ALK-10052,shopify,0,deny,manual,6593.00,8790.00,TRUE,TRUE,https://cdn.shopify.com/s/files/1/0623/6481/1444/files/CACB-05-26-Sand-1_c8436048-fb18-4c74-888f-203fd14e0ccd.jpg?v=1768652486,1,Ladies Unstitched 3 piece,draft,,3 piece,,,Alkaram · Ladies Unstitched 3 piece,Ladies Unstitched 3 piece,Alkaram,https://alkaramstudio.com/products/rts-shirt-trouser-dupatta-ccb-05-26-sand,yes
alkaram-rts-shirt-trouser-dupatta-ccb-04-26-offwhite,Alkaram · Ladies Unstitched 3 piece,,Alkaram,Ladies Unstitched,"brand:Alkaram, gender:ladies, unstitched, pieces:3",FALSE,Title,Default Title,KJC-LU-ALK-10053,shopify,0,deny,manual,6593.00,8790.00,TRUE,TRUE,https://cdn.shopify.com/s/files/1/0623/6481/1444/files/CACB-04-26-Off_White-1_a8a49f9f-7fc3-4c4f-beff-6d31d7c419db.jpg?v=1768652483,1,Ladies Unstitched 3 piece,draft,,3 piece,,,Alkaram · Ladies Unstitched 3 piece,Ladies Unstitched 3 piece,Alkaram,https://alkaramstudio.com/products/rts-shirt-trouser-dupatta-ccb-04-26-offwhite,yes
alkaram-rts-shirt-trouser-dupatta-ccb-03-26-orange,Alkaram · Ladies Unstitched 3 piece,,Alkaram,Ladies Unstitched,"brand:Alkaram, gender:ladies, unstitched, pieces:3",FALSE,Title,Default Title,KJC-LU-ALK-10054,shopify,0,deny,manual,6593.00,8790.00,TRUE,TRUE,https://cdn.shopify.com/s/files/1/0623/6481/1444/files/CACB-03-26-Orange-1_893c865b-e169-426e-a06e-00e05b27d735.jpg?v=1768652481,1,Ladies Unstitched 3 piece,draft,,3 piece,,,Alkaram · Ladies Unstitched 3 piece,Ladies Unstitched 3 piece,Alkaram,https://alkaramstudio.com/products/rts-shirt-trouser-dupatta-ccb-03-26-orange,yes
alkaram-rts-shirt-trouser-dupatta-ccb-02-26-grey,Alkaram · Ladies Unstitched 3 piece,,Alkaram,Ladies Unstitched,"brand:Alkaram, gender:ladies, unstitched, pieces:3",FALSE,Title,Default Title,KJC-LU-ALK-10055,shopify,0,deny,manual,6593.00,8790.00,TRUE,TRUE,https://cdn.shopify.com/s/files/1/0623/6481/1444/files/CACB-02-26-Grey-1_3c560537-38f1-4401-bb71-c3fe099e7b71.jpg?v=1768652478,1,Ladies Unstitched 3 piece,draft,,3 piece,,,Alkaram · Ladies Unstitched 3 piece,Ladies Unstitched 3 piece,Alkaram,https://alkaramstudio.com/products/rts-shirt-trouser-dupatta-ccb-02-26-grey,yes
alkaram-rts-shirt-trouser-dupatta-ccb-01-26-pink,Alkaram · Ladies Unstitched 3 piece,,Alkaram,Ladies Unstitched,"brand:Alkaram, gender:ladies, unstitched, pieces:3",FALSE,Title,Default Title,KJC-LU-ALK-10056,shopify,0,deny,manual,5768.00,7690.00,TRUE,TRUE,https://cdn.shopify.com/s/files/1/0623/6481/1444/files/CACB-01-26-Pink-1_ab6fc747-67e6-4948-ad1a-5c687e3edaf5.jpg?v=1768652476,1,Ladies Unstitched 3 piece,draft,,3 piece,,,Alkaram · Ladies Unstitched 3 piece,Ladies Unstitched 3 piece,Alkaram,https://alkaramstudio.com/products/rts-shirt-trouser-dupatta-ccb-01-26-pink,yes
alkaram-rts-shirt-trouser-dupatta-m-14-26-peach,Alkaram · Ladies Unstitched 3 piece,,Alkaram,Ladies Unstitched,"brand:Alkaram, gender:ladies, unstitched, pieces:3",FALSE,Title,Default Title,KJC-LU-ALK-10057,shopify,0,deny,manual,7493.00,9990.00,TRUE,TRUE,https://cdn.shopify.com/s/files/1/0623/6481/1444/files/M-14-26-peach2.jpg?v=1768649121,1,Ladies Unstitched 3 piece,draft,,3 piece,,,Alkaram · Ladies Unstitched 3 piece,Ladies Unstitched 3 piece,Alkaram,https://alkaramstudio.com/products/rts-shirt-trouser-dupatta-m-14-26-peach,yes
alkaram-rts-shirt-trouser-dupatta-m-12-26-siege,Alkaram · Ladies Unstitched 3 piece,,Alkaram,Ladies Unstitched,"brand:Alkaram, gender:ladies, unstitched, pieces:3",FALSE,Title,Default Title,KJC-LU-ALK-10058,shopify,0,deny,manual,7493.00,9990.00,TRUE,TRUE,https://cdn.shopify.com/s/files/1/0623/6481/1444/files/M-12-26-siege2.jpg?v=1768649056,1,Ladies Unstitched 3 piece,draft,,3 piece,,,Alkaram · Ladies Unstitched 3 piece,Ladies Unstitched 3 piece,Alkaram,https://alkaramstudio.com/products/rts-shirt-trouser-dupatta-m-12-26-siege,yes
alkaram-rts-shirt-trouser-dupatta-m-11-26-fawn,Alkaram · Ladies Unstitched 3 piece,,Alkaram,Ladies Unstitched,"brand:Alkaram, gender:ladies, unstitched, pieces:3",FALSE,Title,Default Title,KJC-LU-ALK-10059,shopify,0,deny,manual,7493.00,9990.00,TRUE,TRUE,https://cdn.shopify.com/s/files/1/0623/6481/1444/files/M-11-26-Fawn-1_06c1965e-9774-42b0-b989-7686ac7ad85c.jpg?v=1768566405,1,Ladies Unstitched 3 piece,draft,,3 piece,,,Alkaram · Ladies Unstitched 3 piece,Ladies Unstitched 3 piece,Alkaram,https://alkaramstudio.com/products/rts-shirt-trouser-dupatta-m-11-26-fawn,yes
alkaram-rts-shirt-trouser-dupatta-m-09-26-off-white,Alkaram · Ladies Unstitched 3 piece,,Alkaram,Ladies Unstitched,"brand:Alkaram, gender:ladies, unstitched, pieces:3, colour:White",FALSE,Title,Default Title,KJC-LU-ALK-10060,shopify,0,deny,manual,7493.00,9990.00,TRUE,TRUE,https://cdn.shopify.com/s/files/1/0623/6481/1444/files/M-09-26-offwhite2.jpg?v=1768649039,1,Ladies Unstitched 3 piece,draft,,3 piece,,White,Alkaram · Ladies Unstitched 3 piece,Ladies Unstitched 3 piece,Alkaram,https://alkaramstudio.com/products/rts-shirt-trouser-dupatta-m-09-26-off-white,yes
alkaram-rts-shirt-trouser-dupatta-m-08-26-yellow,Alkaram · Ladies Unstitched 3 piece,,Alkaram,Ladies Unstitched,"brand:Alkaram, gender:ladies, unstitched, pieces:3",FALSE,Title,Default Title,KJC-LU-ALK-10061,shopify,0,deny,manual,7493.00,9990.00,TRUE,TRUE,https://cdn.shopify.com/s/files/1/0623/6481/1444/files/M-08-26-Yellow2.jpg?v=1768649018,1,Ladies Unstitched 3 piece,draft,,3 piece,,,Alkaram · Ladies Unstitched 3 piece,Ladies Unstitched 3 piece,Alkaram,https://alkaramstudio.com/products/rts-shirt-trouser-dupatta-m-08-26-yellow,yes
alkaram-rts-shirt-trouser-dupatta-m-07-26-off-white,Alkaram · Ladies Unstitched 3 piece,,Alkaram,Ladies Unstitched,"brand:Alkaram, gender:ladies, unstitched, pieces:3",FALSE,Title,Default Title,KJC-LU-ALK-10062,shopify,0,deny,manual,7493.00,9990.00,TRUE,TRUE,https://cdn.shopify.com/s/files/1/0623/6481/1444/files/M-07-26-Off_White-1_2d2d96fb-134e-41f0-8026-0d29e0882853.jpg?v=1768566401,1,Ladies Unstitched 3 piece,draft,,3 piece,,,Alkaram · Ladies Unstitched 3 piece,Ladies Unstitched 3 piece,Alkaram,https://alkaramstudio.com/products/rts-shirt-trouser-dupatta-m-07-26-off-white,yes
alkaram-rts-shirt-trouser-dupatta-m-06-26-sky-blue,Alkaram · Ladies Unstitched 3 piece,,Alkaram,Ladies Unstitched,"brand:Alkaram, gender:ladies, unstitched, pieces:3",FALSE,Title,Default Title,KJC-LU-ALK-10063,shopify,0,deny,manual,7493.00,9990.00,TRUE,TRUE,https://cdn.shopify.com/s/files/1/0623/6481/1444/files/M-06-26-Sky_Blue-1_96a5b8b2-58d3-45bf-9bb3-5b5dc291c356.jpg?v=1768566398,1,Ladies Unstitched 3 piece,draft,,3 piece,,,Alkaram · Ladies Unstitched 3 piece,Ladies Unstitched 3 piece,Alkaram,https://alkaramstudio.com/products/rts-shirt-trouser-dupatta-m-06-26-sky-blue,yes
alkaram-rts-shirt-trouser-dupatta-m-05-26-peach,Alkaram · Ladies Unstitched 3 piece,,Alkaram,Ladies Unstitched,"brand:Alkaram, gender:ladies, unstitched, pieces:3",FALSE,Title,Default Title,KJC-LU-ALK-10064,shopify,0,deny,manual,7493.00,9990.00,TRUE,TRUE,https://cdn.shopify.com/s/files/1/0623/6481/1444/files/M-05-26-Peach-1_c82194db-881e-47e7-8ac6-bdb144d0c8f7.jpg?v=1768566396,1,Ladies Unstitched 3 piece,draft,,3 piece,,,Alkaram · Ladies Unstitched 3 piece,Ladies Unstitched 3 piece,Alkaram,https://alkaramstudio.com/products/rts-shirt-trouser-dupatta-m-05-26-peach,yes
alkaram-rts-shirt-trouser-dupatta-caj-02-26-peach,Alkaram · Ladies Unstitched Jacquard Jacquard 3 piece,,Alkaram,Ladies Unstitched,"brand:Alkaram, gender:ladies, unstitched, fabric:Jacquard, pieces:3, type:Jacquard",FALSE,Title,Default Title,KJC-LU-ALK-10065,shopify,0,deny,manual,4118.00,5490.00,TRUE,TRUE,https://cdn.shopify.com/s/files/1/0623/6481/1444/files/CAJ-02-26-Peach-1.jpg?v=1768640572,1,Ladies Unstitched Jacquard Jacquard 3 piece,draft,Jacquard,3 piece,Jacquard,,Alkaram · Ladies Unstitched Jacquard Jacquard 3 piece,Ladies Unstitched Jacquard Jacquard 3 piece,Alkaram,https://alkaramstudio.com/products/rts-shirt-trouser-dupatta-caj-02-26-peach,yes
alkaram-rts-shirt-trouser-dupatta-caj-07-26-green,Alkaram · Ladies Unstitched Jacquard Jacquard 3 piece,,Alkaram,Ladies Unstitched,"brand:Alkaram, gender:ladies, unstitched, fabric:Jacquard, pieces:3, type:Jacquard",FALSE,Title,Default Title,KJC-LU-ALK-10066,shopify,0,deny,manual,4118.00,5490.00,TRUE,TRUE,https://cdn.shopify.com/s/files/1/0623/6481/1444/files/CAJ-07-26-Green-1_246d6722-d2a9-464f-9a1d-3b69b04ab972.jpg?v=1767860221,1,Ladies Unstitched Jacquard Jacquard 3 piece,draft,Jacquard,3 piece,Jacquard,,Alkaram · Ladies Unstitched Jacquard Jacquard 3 piece,Ladies Unstitched Jacquard Jacquard 3 piece,Alkaram,https://alkaramstudio.com/products/rts-shirt-trouser-dupatta-caj-07-26-green,yes
alkaram-rts-shirt-trouser-dupatta-caap-11-26-off-white,Alkaram · Ladies Unstitched 3 piece,,Alkaram,Ladies Unstitched,"brand:Alkaram, gender:ladies, unstitched, pieces:3, colour:White",FALSE,Title,Default Title,KJC-LU-ALK-10067,shopify,0,deny,manual,5618.00,7490.00,TRUE,TRUE,https://cdn.shopify.com/s/files/1/0623/6481/1444/files/CAAP-11-26-Off_White-1_526a9199-93da-4c7c-ab45-ada948ff7e22.jpg?v=1767611241,1,Ladies Unstitched 3 piece,draft,,3 piece,,White,Alkaram · Ladies Unstitched 3 piece,Ladies Unstitched 3 piece,Alkaram,https://alkaramstudio.com/products/rts-shirt-trouser-dupatta-caap-11-26-off-white,yes
alkaram-rts-shirt-trouser-dupatta-caap-10-26-cream,Alkaram · Ladies Unstitched 3 piece,,Alkaram,Ladies Unstitched,"brand:Alkaram, gender:ladies, unstitched, pieces:3",FALSE,Title,Default Title,KJC-LU-ALK-10068,shopify,0,deny,manual,5618.00,7490.00,TRUE,TRUE,https://cdn.shopify.com/s/files/1/0623/6481/1444/files/CAAP-10-26-Cream-1_2b4e3604-2535-4795-8f07-a2f5da51fe17.jpg?v=1767611239,1,Ladies Unstitched 3 piece,draft,,3 piece,,,Alkaram · Ladies Unstitched 3 piece,Ladies Unstitched 3 piece,Alkaram,https://alkaramstudio.com/products/rts-shirt-trouser-dupatta-caap-10-26-cream,yes
alkaram-rts-shirt-trouser-dupatta-caap-09-26-navy-blue,Alkaram · Ladies Unstitched 3 piece,,Alkaram,Ladies Unstitched,"brand:Alkaram, gender:ladies, unstitched, pieces:3",FALSE,Title,Default Title,KJC-LU-ALK-10069,shopify,0,deny,manual,5618.00,7490.00,TRUE,TRUE,https://cdn.shopify.com/s/files/1/0623/6481/1444/files/CAAP-09-26-Navy_Blue-1_acd57f33-2f2e-45bb-8b11-12ad337662d7.jpg?v=1767611238,1,Ladies Unstitched 3 piece,draft,,3 piece,,,Alkaram · Ladies Unstitched 3 piece,Ladies Unstitched 3 piece,Alkaram,https://alkaramstudio.com/products/rts-shirt-trouser-dupatta-caap-09-26-navy-blue,yes
alkaram-rts-shirt-trouser-dupatta-caap-08-26-black,Alkaram · Ladies Unstitched 3 piece,,Alkaram,Ladies Unstitched,"brand:Alkaram, gender:ladies, unstitched, pieces:3, colour:White",FALSE,Title,Default Title,KJC-LU-ALK-10070,shopify,0,deny,manual,5618.00,7490.00,TRUE,TRUE,https://cdn.shopify.com/s/files/1/0623/6481/1444/files/CAAP-08-26-Black-1_59a30449-74dd-4dd6-9ef9-7026d21e10e3.jpg?v=1767611235,1,Ladies Unstitched 3 piece,draft,,3 piece,,White,Alkaram · Ladies Unstitched 3 piece,Ladies Unstitched 3 piece,Alkaram,https://alkaramstudio.com/products/rts-shirt-trouser-dupatta-caap-08-26-black,yes
alkaram-rts-shirt-trouser-dupatta-caap-06-26-mustard,Alkaram · Ladies Unstitched 3 piece,,Alkaram,Ladies Unstitched,"brand:Alkaram, gender:ladies, unstitched, pieces:3",FALSE,Title,Default Title,KJC-LU-ALK-10071,shopify,0,deny,manual,5993.00,7990.00,TRUE,TRUE,https://cdn.shopify.com/s/files/1/0623/6481/1444/files/CAAP-06-26-Mustard-1_7c4ff7a4-0d09-4534-8885-683ccde092d5.jpg?v=1767611231,1,Ladies Unstitched 3 piece,draft,,3 piece,,,Alkaram · Ladies Unstitched 3 piece,Ladies Unstitched 3 piece,Alkaram,https://alkaramstudio.com/products/rts-shirt-trouser-dupatta-caap-06-26-mustard,yes
alkaram-rts-shirt-trouser-dupatta-caap-04-26-lime-yellow,Alkaram · Ladies Unstitched 3 piece,,Alkaram,Ladies Unstitched,"brand:Alkaram, gender:ladies, unstitched, pieces:3",FALSE,Title,Default Title,KJC-LU-ALK-10072,shopify,0,deny,manual,5993.00,7990.00,TRUE,TRUE,https://cdn.shopify.com/s/files/1/0623/6481/1444/files/CAAP-04-26-Lime_Yellow-1_29eadfb6-c69d-438d-ab38-21181a54dca4.jpg?v=1767611227,1,Ladies Unstitched 3 piece,draft,,3 piece,,,Alkaram · Ladies Unstitched 3 piece,Ladies Unstitched 3 piece,Alkaram,https://alkaramstudio.com/products/rts-shirt-trouser-dupatta-caap-04-26-lime-yellow,yes
alkaram-rts-shirt-trouser-dupatta-caap-03-26-red,Alkaram · Ladies Unstitched 3 piece,,Alkaram,Ladies Unstitched,"brand:Alkaram, gender:ladies, unstitched, pieces:3",FALSE,Title,Default Title,KJC-LU-ALK-10073,shopify,0,deny,manual,5993.00,7990.00,TRUE,TRUE,https://cdn.shopify.com/s/files/1/0623/6481/1444/files/CAAP-03-26-Red-1_ffa28d6d-7128-48b4-a590-4f81e3deb05d.jpg?v=1767611225,1,Ladies Unstitched 3 piece,draft,,3 piece,,,Alkaram · Ladies Unstitched 3 piece,Ladies Unstitched 3 piece,Alkaram,https://alkaramstudio.com/products/rts-shirt-trouser-dupatta-caap-03-26-red,yes
alkaram-rts-shirt-trouser-dupatta-caap-02-26-black,Alkaram · Ladies Unstitched 3 piece,,Alkaram,Ladies Unstitched,"brand:Alkaram, gender:ladies, unstitched, pieces:3, colour:White",FALSE,Title,Default Title,KJC-LU-ALK-10074,shopify,0,deny,manual,5993.00,7990.00,TRUE,TRUE,https://cdn.shopify.com/s/files/1/0623/6481/1444/files/CAAP-02-26-Black-1_26ec509f-1161-4e6c-84a9-d4f6fb07863a.jpg?v=1767611223,1,Ladies Unstitched 3 piece,draft,,3 piece,,White,Alkaram · Ladies Unstitched 3 piece,Ladies Unstitched 3 piece,Alkaram,https://alkaramstudio.com/products/rts-shirt-trouser-dupatta-caap-02-26-black,yes
alkaram-rts-shirt-trouser-dupatta-caap-01-26-beige,Alkaram · Ladies Unstitched 3 piece,,Alkaram,Ladies Unstitched,"brand:Alkaram, gender:ladies, unstitched, pieces:3",FALSE,Title,Default Title,KJC-LU-ALK-10075,shopify,0,deny,manual,5993.00,7990.00,TRUE,TRUE,https://cdn.shopify.com/s/files/1/0623/6481/1444/files/CAAP-01-26-Beige-1_a0389eb5-3de7-4ee6-a648-ad438053383c.jpg?v=1767611221,1,Ladies Unstitched 3 piece,draft,,3 piece,,,Alkaram · Ladies Unstitched 3 piece,Ladies Unstitched 3 piece,Alkaram,https://alkaramstudio.com/products/rts-shirt-trouser-dupatta-caap-01-26-beige,yes
alkaram-rts-shirt-trouser-dupatta-caw-11-26-off-white,Alkaram · Ladies Unstitched 3 piece,,Alkaram,Ladies Unstitched,"brand:Alkaram, gender:ladies, unstitched, pieces:3, colour:White",FALSE,Title,Default Title,KJC-LU-ALK-10076,shopify,0,deny,manual,5993.00,7990.00,TRUE,TRUE,https://cdn.shopify.com/s/files/1/0623/6481/1444/files/DSC04211.jpg?v=1769411920,1,Ladies Unstitched 3 piece,draft,,3 piece,,White,Alkaram · Ladies Unstitched 3 piece,Ladies Unstitched 3 piece,Alkaram,https://alkaramstudio.com/products/rts-shirt-trouser-dupatta-caw-11-26-off-white,yes
alkaram-rts-shirt-trouser-dupatta-caw-10-26-white,Alkaram · Ladies Unstitched 3 piece,,Alkaram,Ladies Unstitched,"brand:Alkaram, gender:ladies, unstitched, pieces:3, colour:White",FALSE,Title,Default Title,KJC-LU-ALK-10077,shopify,0,deny,manual,6368.00,8490.00,TRUE,TRUE,https://cdn.shopify.com/s/files/1/0623/6481/1444/files/DSC04062.jpg?v=1769411900,1,Ladies Unstitched 3 piece,draft,,3 piece,,White,Alkaram · Ladies Unstitched 3 piece,Ladies Unstitched 3 piece,Alkaram,https://alkaramstudio.com/products/rts-shirt-trouser-dupatta-caw-10-26-white,yes
alkaram-rts-shirt-trouser-dupatta-caw-08-26-off-white,Alkaram · Ladies Unstitched 3 piece,,Alkaram,Ladies Unstitched,"brand:Alkaram, gender:ladies, unstitched, pieces:3, colour:White",FALSE,Title,Default Title,KJC-LU-ALK-10078,shopify,0,deny,manual,6368.00,8490.00,TRUE,TRUE,https://cdn.shopify.com/s/files/1/0623/6481/1444/files/DSC03961_55c86bbd-64d7-484b-860f-d23c4df069b3.jpg?v=1769411867,1,Ladies Unstitched 3 piece,draft,,3 piece,,White,Alkaram · Ladies Unstitched 3 piece,Ladies Unstitched 3 piece,Alkaram,https://alkaramstudio.com/products/rts-shirt-trouser-dupatta-caw-08-26-off-white,yes
alkaram-rts-shirt-trouser-dupatta-caw-07-26-white,Alkaram · Ladies Unstitched 3 piece,,Alkaram,Ladies Unstitched,"brand:Alkaram, gender:ladies, unstitched, pieces:3, colour:White",FALSE,Title,Default Title,KJC-LU-ALK-10079,shopify,0,deny,manual,6368.00,8490.00,TRUE,TRUE,https://cdn.shopify.com/s/files/1/0623/6481/1444/files/DSC04169_835022e2-f7f6-47ad-a816-7bf4e969ba63.jpg?v=1769411853,1,Ladies Unstitched 3 piece,draft,,3 piece,,White,Alkaram · Ladies Unstitched 3 piece,Ladies Unstitched 3 piece,Alkaram,https://alkaramstudio.com/products/rts-shirt-trouser-dupatta-caw-07-26-white,yes
alkaram-rts-shirt-trouser-dupatta-caw-03-26-white,Alkaram · Ladies Unstitched 3 piece,,Alkaram,Ladies Unstitched,"brand:Alkaram, gender:ladies, unstitched, pieces:3, colour:White",FALSE,Title,Default Title,KJC-LU-ALK-10080,shopify,0,deny,manual,5993.00,7990.00,TRUE,TRUE,https://cdn.shopify.com/s/files/1/0623/6481/1444/files/DSC03997_82baf2b9-9e33-4875-9927-09e7df88e458.jpg?v=1769411619,1,Ladies Unstitched 3 piece,draft,,3 piece,,White,Alkaram · Ladies Unstitched 3 piece,Ladies Unstitched 3 piece,Alkaram,https://alkaramstudio.com/products/rts-shirt-trouser-dupatta-caw-03-26-white,yes
alkaram-rts-shirt-trouser-dupatta-m-30-25-3-ochre,Alkaram · Ladies Unstitched Formal 3 piece,,Alkaram,Ladies Unstitched,"brand:Alkaram, gender:ladies, unstitched, pieces:3, type:Formal",FALSE,Title,Default Title,KJC-LU-ALK-10081,shopify,0,deny,manual,9743.00,12990.00,TRUE,TRUE,https://cdn.shopify.com/s/files/1/0623/6481/1444/files/M-30-25-3-Ochre-1_93afff59-d8de-4ee3-815d-3733e70f7e61.jpg?v=1759394857,1,Ladies Unstitched Formal 3 piece,draft,,3 piece,Formal,,Alkaram · Ladies Unstitched Formal 3 piece,Ladies Unstitched Formal 3 piece,Alkaram,https://alkaramstudio.com/products/rts-shirt-trouser-dupatta-m-30-25-3-ochre,yes
alkaram-rts-shirt-trouser-dupatta-m-29-25-3-pale-blue,Alkaram · Ladies Unstitched Formal 3 piece,,Alkaram,Ladies Unstitched,"brand:Alkaram, gender:ladies, unstitched, pieces:3, type:Formal",FALSE,Title,Default Title,KJC-LU-ALK-10082,shopify,0,deny,manual,8243.00,10990.00,TRUE,TRUE,https://cdn.shopify.com/s/files/1/0623/6481/1444/files/M-29-25-3-Pale_Blue-1_22466e35-9be8-4f84-8f8e-85ae3228363a.jpg?v=1759394855,1,Ladies Unstitched Formal 3 piece,draft,,3 piece,Formal,,Alkaram · Ladies Unstitched Formal 3 piece,Ladies Unstitched Formal 3 piece,Alkaram,https://alkaramstudio.com/products/rts-shirt-trouser-dupatta-m-29-25-3-pale-blue,yes
alkaram-rts-shirt-trouser-dupatta-m-21-25-3-off-white,Alkaram · Ladies Unstitched Formal 3 piece,,Alkaram,Ladies Unstitched,"brand:Alkaram, gender:ladies, unstitched, pieces:3, type:Formal",FALSE,Title,Default Title,KJC-LU-ALK-10083,shopify,0,deny,manual,8243.00,10990.00,TRUE,TRUE,https://cdn.shopify.com/s/files/1/0623/6481/1444/files/M-21-25-3-Off_White-1_b6123fcf-e204-4abe-8369-74762b886684.jpg?v=1759394840,1,Ladies Unstitched Formal 3 piece,draft,,3 piece,Formal,,Alkaram · Ladies Unstitched Formal 3 piece,Ladies Unstitched Formal 3 piece,Alkaram,https://alkaramstudio.com/products/rts-shirt-trouser-dupatta-m-21-25-3-off-white,yes
alkaram-rts-shirt-trouser-cs-10-25-yellow,Alkaram · Ladies Unstitched Formal 2 piece,,Alkaram,Ladies Unstitched,"brand:Alkaram, gender:ladies, unstitched, pieces:2, type:Formal",FALSE,Title,Default Title,KJC-LU-ALK-10084,shopify,0,deny,manual,3593.00,4790.00,TRUE,TRUE,https://cdn.shopify.com/s/files/1/0623/6481/1444/files/CS-10-25-Yellow-1_bb3e7c11-9231-4d95-89fe-863ed04d54f2.jpg?v=1758182750,1,Ladies Unstitched Formal 2 piece,draft,,2 piece,Formal,,Alkaram · Ladies Unstitched Formal 2 piece,Ladies Unstitched Formal 2 piece,Alkaram,https://alkaramstudio.com/products/rts-shirt-trouser-cs-10-25-yellow,yes
alkaram-rts-shirt-trouser-cs-09-25-pink,Alkaram · Ladies Unstitched Formal 2 piece,,Alkaram,Ladies Unstitched,"brand:Alkaram, gender:ladies, unstitched, pieces:2, type:Formal",FALSE,Title,Default Title,KJC-LU-ALK-10085,shopify,0,deny,manual,3593.00,4790.00,TRUE,TRUE,https://cdn.shopify.com/s/files/1/0623/6481/1444/files/CS-09-25-Pink-1_5f5899e2-f483-4f2a-ab03-03f653f4419a.jpg?v=1758182748,1,Ladies Unstitched Formal 2 piece,draft,,2 piece,Formal,,Alkaram · Ladies Unstitched Formal 2 piece,Ladies Unstitched Formal 2 piece,Alkaram,https://alkaramstudio.com/products/rts-shirt-trouser-cs-09-25-pink,yes
alkaram-rts-shirt-trouser-dupatta-cs-05-25-blue,Alkaram · Ladies Unstitched Formal 3 piece,,Alkaram,Ladies Unstitched,"brand:Alkaram, gender:ladies, unstitched, pieces:3, type:Formal",FALSE,Title,Default Title,KJC-LU-ALK-10086,shopify,0,deny,manual,3893.00,5190.00,TRUE,TRUE,https://cdn.shopify.com/s/files/1/0623/6481/1444/files/CS-05-25-Blue-1_c7ff3dca-db89-4155-8aa1-574158682ddc.jpg?v=1758182738,1,Ladies Unstitched Formal 3 piece,draft,,3 piece,Formal,,Alkaram · Ladies Unstitched Formal 3 piece,Ladies Unstitched Formal 3 piece,Alkaram,https://alkaramstudio.com/products/rts-shirt-trouser-dupatta-cs-05-25-blue,yes
alkaram-shirt-trouser-dupatta-sk-08-25-periwinkle,Alkaram · Ladies Unstitched Formal Silk 3 piece,,Alkaram,Ladies Unstitched,"brand:Alkaram, gender:ladies, unstitched, fabric:Silk, pieces:3, type:Formal",FALSE,Title,Default Title,KJC-LU-ALK-10087,shopify,0,deny,manual,4493.00,5990.00,TRUE,TRUE,https://cdn.shopify.com/s/files/1/0623/6481/1444/files/SK-08-25-Periwinkle-1_feec59aa-1514-4bd2-b3d7-0cc27f100831.jpg?v=1757403390,1,Ladies Unstitched Formal Silk 3 piece,draft,Silk,3 piece,Formal,,Alkaram · Ladies Unstitched Formal Silk 3 piece,Ladies Unstitched Formal Silk 3 piece,Alkaram,https://alkaramstudio.com/products/shirt-trouser-dupatta-sk-08-25-periwinkle,yes
alkaram-shirt-trouser-j-21-25-2-green,Alkaram · Ladies Unstitched Jacquard Jacquard 2 piece,,Alkaram,Ladies Unstitched,"brand:Alkaram, gender:ladies, unstitched, fabric:Jacquard, pieces:2, type:Jacquard",FALSE,Title,Default Title,KJC-LU-ALK-10088,shopify,0,deny,manual,2993.00,3990.00,TRUE,TRUE,https://cdn.shopify.com/s/files/1/0623/6481/1444/files/J-21-25-2-Green-1_7a64cd2a-1ad4-4914-a59a-51ebad29ef0f.jpg?v=1757400973,1,Ladies Unstitched Jacquard Jacquard 2 piece,draft,Jacquard,2 piece,Jacquard,,Alkaram · Ladies Unstitched Jacquard Jacquard 2 piece,Ladies Unstitched Jacquard Jacquard 2 piece,Alkaram,https://alkaramstudio.com/products/shirt-trouser-j-21-25-2-green,yes
alkaram-shirt-trouser-dupatta-j-16-25-2-cream,Alkaram · Ladies Unstitched Jacquard Jacquard 3 piece,,Alkaram,Ladies Unstitched,"brand:Alkaram, gender:ladies, unstitched, fabric:Jacquard, pieces:3, type:Jacquard",FALSE,Title,Default Title,KJC-LU-ALK-10089,shopify,0,deny,manual,6690.00,,TRUE,TRUE,https://cdn.shopify.com/s/files/1/0623/6481/1444/files/J-16-25-2-Cream-1_jpg.jpg?v=1783929338,1,Ladies Unstitched Jacquard Jacquard 3 piece,draft,Jacquard,3 piece,Jacquard,,Alkaram · Ladies Unstitched Jacquard Jacquard 3 piece,Ladies Unstitched Jacquard Jacquard 3 piece,Alkaram,https://alkaramstudio.com/products/shirt-trouser-dupatta-j-16-25-2-cream,yes
alkaram-rts-shirt-trouser-dupatta-wcs-10-25-mint-green,Alkaram · Ladies Unstitched Embroidered 3 piece,,Alkaram,Ladies Unstitched,"brand:Alkaram, gender:ladies, unstitched, pieces:3, type:Embroidered",FALSE,Title,Default Title,KJC-LU-ALK-10090,shopify,0,deny,manual,7493.00,9990.00,TRUE,TRUE,https://cdn.shopify.com/s/files/1/0623/6481/1444/files/WCS-10-25-MINT_GREEN-1_b11d8009-f39b-49fa-b12c-ec03f53c6c4e.jpg?v=1755083533,1,Ladies Unstitched Embroidered 3 piece,draft,,3 piece,Embroidered,,Alkaram · Ladies Unstitched Embroidered 3 piece,Ladies Unstitched Embroidered 3 piece,Alkaram,https://alkaramstudio.com/products/rts-shirt-trouser-dupatta-wcs-10-25-mint-green,yes
alkaram-2-piece-dyed-jacquard-suit-with-dyed-cambric-trouser-j-10-25-1-white,Alkaram · Ladies Unstitched Printed Jacquard 2 piece,,Alkaram,Ladies Unstitched,"brand:Alkaram, gender:ladies, unstitched, fabric:Jacquard, pieces:2, type:Printed",FALSE,Title,Default Title,KJC-LU-ALK-10091,shopify,0,deny,manual,3368.00,4490.00,TRUE,TRUE,https://cdn.shopify.com/s/files/1/0623/6481/1444/files/J-10-25-1-WHITE-1_a8a2d6f9-ff4e-4d24-a6e2-b96dfa0a52ec.jpg?v=1736274327,1,Ladies Unstitched Printed Jacquard 2 piece,draft,Jacquard,2 piece,Printed,,Alkaram · Ladies Unstitched Printed Jacquard 2 piece,Ladies Unstitched Printed Jacquard 2 piece,Alkaram,https://alkaramstudio.com/products/2-piece-dyed-jacquard-suit-with-dyed-cambric-trouser-j-10-25-1-white,yes
alkaram-3-piece-dyed-jacquard-suit-with-dyed-jacquard-dupatta-j-07-25-1-green,Alkaram · Ladies Unstitched Printed Jacquard 3 piece,,Alkaram,Ladies Unstitched,"brand:Alkaram, gender:ladies, unstitched, fabric:Jacquard, pieces:3, type:Printed",FALSE,Title,Default Title,KJC-LU-ALK-10092,shopify,0,deny,manual,5093.00,6790.00,TRUE,TRUE,https://cdn.shopify.com/s/files/1/0623/6481/1444/files/J-07-25-1-GREEN-1_97dc8cf1-4377-47cb-8d11-ed8605c21242.jpg?v=1736274298,1,Ladies Unstitched Printed Jacquard 3 piece,draft,Jacquard,3 piece,Printed,,Alkaram · Ladies Unstitched Printed Jacquard 3 piece,Ladies Unstitched Printed Jacquard 3 piece,Alkaram,https://alkaramstudio.com/products/3-piece-dyed-jacquard-suit-with-dyed-jacquard-dupatta-j-07-25-1-green,yes
alkaram-3-piece-dyed-jacquard-suit-with-dyed-jacquard-dupatta-j-03-25-1-yellow,Alkaram · Ladies Unstitched Printed Jacquard 3 piece,,Alkaram,Ladies Unstitched,"brand:Alkaram, gender:ladies, unstitched, fabric:Jacquard, pieces:3, type:Printed",FALSE,Title,Default Title,KJC-LU-ALK-10093,shopify,0,deny,manual,5093.00,6790.00,TRUE,TRUE,https://cdn.shopify.com/s/files/1/0623/6481/1444/files/J-03-25-1-YELLOW-1_1cf9c13d-f72f-4a91-bc0e-f601d506baea.jpg?v=1736274260,1,Ladies Unstitched Printed Jacquard 3 piece,draft,Jacquard,3 piece,Printed,,Alkaram · Ladies Unstitched Printed Jacquard 3 piece,Ladies Unstitched Printed Jacquard 3 piece,Alkaram,https://alkaramstudio.com/products/3-piece-dyed-jacquard-suit-with-dyed-jacquard-dupatta-j-03-25-1-yellow,yes
alkaram-3-piece-embroidered-dyed-velvet-shirt-with-embroidered-mesuri-silk-dupatta-vc-06b-24-green,Alkaram · Ladies Unstitched Embroidered Velvet 3 piece,,Alkaram,Ladies Unstitched,"brand:Alkaram, gender:ladies, unstitched, fabric:Velvet, pieces:3, type:Embroidered",FALSE,Title,Default Title,KJC-LU-ALK-10094,shopify,0,deny,manual,11192.00,13990.00,TRUE,TRUE,https://cdn.shopify.com/s/files/1/0623/6481/1444/files/VC-06B-24-GREEN-1_2476c500-e6fe-418f-84d2-9fe588433991.jpg?v=1732265536,1,Ladies Unstitched Embroidered Velvet 3 piece,draft,Velvet,3 piece,Embroidered,,Alkaram · Ladies Unstitched Embroidered Velvet 3 piece,Ladies Unstitched Embroidered Velvet 3 piece,Alkaram,https://alkaramstudio.com/products/3-piece-embroidered-dyed-velvet-shirt-with-embroidered-mesuri-silk-dupatta-vc-06b-24-green,yes
alkaram-3-pc-jacquard-suit-with-jacquard-dupatta-jc-03-24-sky-blue,Alkaram · Ladies Unstitched Embroidered Jacquard 3 piece,,Alkaram,Ladies Unstitched,"brand:Alkaram, gender:ladies, unstitched, fabric:Jacquard, pieces:3, type:Embroidered",FALSE,Title,Default Title,KJC-LU-ALK-10095,shopify,0,deny,manual,5378.00,7170.00,TRUE,TRUE,https://cdn.shopify.com/s/files/1/0623/6481/1444/products/JC-03-24-Sky_Blue-1_0c356594-5997-4af1-b0c1-48a24d5bd7cd.jpg?v=1718545530,1,Ladies Unstitched Embroidered Jacquard 3 piece,draft,Jacquard,3 piece,Embroidered,,Alkaram · Ladies Unstitched Embroidered Jacquard 3 piece,Ladies Unstitched Embroidered Jacquard 3 piece,Alkaram,https://alkaramstudio.com/products/3-pc-jacquard-suit-with-jacquard-dupatta-jc-03-24-sky-blue,yes
alkaram-3-pc-shamery-jacquard-suit-with-shamery-jacquard-dupatta-jc-10-23-5-grey,Alkaram · Ladies Unstitched Embroidered Jacquard 3 piece,,Alkaram,Ladies Unstitched,"brand:Alkaram, gender:ladies, unstitched, fabric:Jacquard, pieces:3, type:Embroidered",FALSE,Title,Default Title,KJC-LU-ALK-10096,shopify,0,deny,manual,5835.00,7780.00,TRUE,TRUE,https://cdn.shopify.com/s/files/1/0623/6481/1444/products/JC-10-23-5-Grey-1.jpg?v=1718568863,1,Ladies Unstitched Embroidered Jacquard 3 piece,draft,Jacquard,3 piece,Embroidered,,Alkaram · Ladies Unstitched Embroidered Jacquard 3 piece,Ladies Unstitched Embroidered Jacquard 3 piece,Alkaram,https://alkaramstudio.com/products/3-pc-shamery-jacquard-suit-with-shamery-jacquard-dupatta-jc-10-23-5-grey,yes
alkaram-3-pc-jacquard-suit-with-shawl-jc-16-23-4-black,Alkaram · Ladies Unstitched Embroidered Jacquard 3 piece,,Alkaram,Ladies Unstitched,"brand:Alkaram, gender:ladies, unstitched, fabric:Jacquard, pieces:3, type:Embroidered",FALSE,Title,Default Title,KJC-LU-ALK-10097,shopify,0,deny,manual,6375.00,8500.00,TRUE,TRUE,https://cdn.shopify.com/s/files/1/0623/6481/1444/products/JC-16-23-4-Black-1.jpg?v=1718552680,1,Ladies Unstitched Embroidered Jacquard 3 piece,draft,Jacquard,3 piece,Embroidered,,Alkaram · Ladies Unstitched Embroidered Jacquard 3 piece,Ladies Unstitched Embroidered Jacquard 3 piece,Alkaram,https://alkaramstudio.com/products/3-pc-jacquard-suit-with-shawl-jc-16-23-4-black,yes
alkaram-3-pc-embroidered-lawn-suit-with-chiffon-dyed-dupatta-ed-06a-23-grey,Alkaram · Ladies Unstitched Embroidered 3 piece,,Alkaram,Ladies Unstitched,"brand:Alkaram, gender:ladies, unstitched, pieces:3, type:Embroidered, colour:Grey",FALSE,Title,Default Title,KJC-LU-ALK-10098,shopify,0,deny,manual,7298.00,9730.00,TRUE,TRUE,https://cdn.shopify.com/s/files/1/0623/6481/1444/products/ED-06A-23-GREY-1.jpg?v=1718536880,1,Ladies Unstitched Embroidered 3 piece,draft,,3 piece,Embroidered,Grey,Alkaram · Ladies Unstitched Embroidered 3 piece,Ladies Unstitched Embroidered 3 piece,Alkaram,https://alkaramstudio.com/products/3-pc-embroidered-lawn-suit-with-chiffon-dyed-dupatta-ed-06a-23-grey,yes
alkaram-3-pc-embroidered-jacquard-suit-with-fancy-dupatta-jc-8-23-2-orange,Alkaram · Ladies Unstitched Embroidered Jacquard 3 piece,,Alkaram,Ladies Unstitched,"brand:Alkaram, gender:ladies, unstitched, fabric:Jacquard, pieces:3, type:Embroidered, colour:Orange",FALSE,Title,Default Title,KJC-LU-ALK-10099,shopify,0,deny,manual,5483.00,7310.00,TRUE,TRUE,https://cdn.shopify.com/s/files/1/0623/6481/1444/products/JC-8-23-2-Orange-1.jpg?v=1718532682,1,Ladies Unstitched Embroidered Jacquard 3 piece,draft,Jacquard,3 piece,Embroidered,Orange,Alkaram · Ladies Unstitched Embroidered Jacquard 3 piece,Ladies Unstitched Embroidered Jacquard 3 piece,Alkaram,https://alkaramstudio.com/products/3-pc-embroidered-jacquard-suit-with-fancy-dupatta-jc-8-23-2-orange,yes
alkaram-3-pc-embroidered-organza-suit-with-organza-dupatta-lc-04a-23-ochre,Alkaram · Ladies Unstitched Embroidered 3 piece,,Alkaram,Ladies Unstitched,"brand:Alkaram, gender:ladies, unstitched, pieces:3, type:Embroidered, colour:Brown",FALSE,Title,Default Title,KJC-LU-ALK-10100,shopify,0,deny,manual,8295.00,11060.00,TRUE,TRUE,https://cdn.shopify.com/s/files/1/0623/6481/1444/products/LC-04A-23-OCHRE-1.jpg?v=1718540022,1,Ladies Unstitched Embroidered 3 piece,draft,,3 piece,Embroidered,Brown,Alkaram · Ladies Unstitched Embroidered 3 piece,Ladies Unstitched Embroidered 3 piece,Alkaram,https://alkaramstudio.com/products/3-pc-embroidered-organza-suit-with-organza-dupatta-lc-04a-23-ochre,yes
alkaram-2-pc-embroidered-khaddar-suit-with-khaddar-trouser-nc-01-22-orange,Alkaram · Ladies Unstitched 2 piece,,Alkaram,Ladies Unstitched,"brand:Alkaram, gender:ladies, unstitched, pieces:2, colour:Orange",FALSE,Title,Default Title,KJC-LU-ALK-10101,shopify,0,deny,manual,4688.00,6250.00,TRUE,TRUE,https://cdn.shopify.com/s/files/1/0623/6481/1444/products/nc-01-22-orange-1_t71hwkvg2ibokdtg_7e3c736a-6815-40ad-a8da-6125e57fc6b6.jpg?v=1718501751,1,Ladies Unstitched 2 piece,draft,,2 piece,,Orange,Alkaram · Ladies Unstitched 2 piece,Ladies Unstitched 2 piece,Alkaram,https://alkaramstudio.com/products/2-pc-embroidered-khaddar-suit-with-khaddar-trouser-nc-01-22-orange,yes
alkaram-3-pc-embroidered-jacquard-suit-with-jacquard-dupatta-67498,Alkaram · Ladies Unstitched Embroidered Jacquard 3 piece,,Alkaram,Ladies Unstitched,"brand:Alkaram, gender:ladies, unstitched, fabric:Jacquard, pieces:3, type:Embroidered, colour:Yellow",FALSE,Title,Default Title,KJC-LU-ALK-10102,shopify,0,deny,manual,5925.00,7900.00,TRUE,TRUE,https://cdn.shopify.com/s/files/1/0623/6481/1444/products/jc-23-22-2-yellow-1_ejdmqdy269xieb9q_967ea2af-3750-48c2-92e6-31364c810bf4.jpg?v=1718533011,1,Ladies Unstitched Embroidered Jacquard 3 piece,draft,Jacquard,3 piece,Embroidered,Yellow,Alkaram · Ladies Unstitched Embroidered Jacquard 3 piece,Ladies Unstitched Embroidered Jacquard 3 piece,Alkaram,https://alkaramstudio.com/products/3-pc-embroidered-jacquard-suit-with-jacquard-dupatta-67498,yes
alkaram-1-pc-printed-cotton-satin-shirt-60794,Alkaram · Ladies Unstitched Formal 1 piece,,Alkaram,Ladies Unstitched,"brand:Alkaram, gender:ladies, unstitched, pieces:1, type:Formal, colour:Brown",FALSE,Title,Default Title,KJC-LU-ALK-10103,shopify,0,deny,manual,1613.00,2150.00,TRUE,TRUE,https://cdn.shopify.com/s/files/1/0623/6481/1444/products/dc-22-21-dark-brown-1_2l6glrdc88eclmjr_11d4db09-6e2e-4fd7-bac3-906da9daf584.jpg?v=1718483621,1,Ladies Unstitched Formal 1 piece,draft,,1 piece,Formal,Brown,Alkaram · Ladies Unstitched Formal 1 piece,Ladies Unstitched Formal 1 piece,Alkaram,https://alkaramstudio.com/products/1-pc-printed-cotton-satin-shirt-60794,yes
alkaram-arbor-egyptian-cotton-fmarb-23s-off-white,Alkaram · Ladies Unstitched Casual Cotton,,Alkaram,Ladies Unstitched,"brand:Alkaram, gender:ladies, unstitched, fabric:Cotton, type:Casual",FALSE,Title,Default Title,KJC-LU-ALK-10104,shopify,0,deny,manual,5138.00,7340.00,TRUE,TRUE,https://cdn.shopify.com/s/files/1/0623/6481/1444/products/FMARB-23S-Off_White_1_5c6d5619-e972-42f0-b503-574eeed0f4b3.jpg?v=1718574375,1,Ladies Unstitched Casual Cotton,draft,Cotton,,Casual,,Alkaram · Ladies Unstitched Casual Cotton,Ladies Unstitched Casual Cotton,Alkaram,https://alkaramstudio.com/products/arbor-egyptian-cotton-fmarb-23s-off-white,yes
alkaram-evolution-egyptian-cotton-67475,Alkaram · Ladies Unstitched Casual Cotton,,Alkaram,Ladies Unstitched,"brand:Alkaram, gender:ladies, unstitched, fabric:Cotton, type:Casual, colour:Blue",FALSE,Title,Default Title,KJC-LU-ALK-10105,shopify,0,deny,manual,683.00,910.00,TRUE,TRUE,https://cdn.shopify.com/s/files/1/0623/6481/1444/products/fmev-22-sky-blue1_urjqsqbpgq2furqx_e2812d6b-8ac1-4fa2-8776-f81b66279c4b.jpg?v=1718611866,1,Ladies Unstitched Casual Cotton,draft,Cotton,,Casual,Blue,Alkaram · Ladies Unstitched Casual Cotton,Ladies Unstitched Casual Cotton,Alkaram,https://alkaramstudio.com/products/evolution-egyptian-cotton-67475,no
alkaram-artistic-blended-fmarb-22w-mehndi,Alkaram · Ladies Unstitched Casual Viscose 1 piece,,Alkaram,Ladies Unstitched,"brand:Alkaram, gender:ladies, unstitched, fabric:Viscose, pieces:1, type:Casual, colour:Green",FALSE,Title,Default Title,KJC-LU-ALK-10106,shopify,0,deny,manual,5467.00,7810.00,TRUE,TRUE,https://cdn.shopify.com/s/files/1/0623/6481/1444/products/fmarb-22w-mehndi1_ujs2c4tgnw5jtrzu_12070cea-289d-4882-b135-2a1ddf7a2438.jpg?v=1718574899,1,Ladies Unstitched Casual Viscose 1 piece,draft,Viscose,1 piece,Casual,Green,Alkaram · Ladies Unstitched Casual Viscose 1 piece,Ladies Unstitched Casual Viscose 1 piece,Alkaram,https://alkaramstudio.com/products/artistic-blended-fmarb-22w-mehndi,yes
alkaram-cresta-blended-59835,Alkaram · Ladies Unstitched Casual,,Alkaram,Ladies Unstitched,"brand:Alkaram, gender:ladies, unstitched, type:Casual, colour:Black",FALSE,Title,Default Title,KJC-LU-ALK-10107,shopify,0,deny,manual,840.00,,TRUE,TRUE,https://cdn.shopify.com/s/files/1/0623/6481/1444/products/fmcrb-21-black_1__1_qmsl7uz5g20jcbyf_f1125845-0ad7-49c0-871d-5183a3858c94.jpg?v=1718584201,1,Ladies Unstitched Casual,draft,,,Casual,Black,Alkaram · Ladies Unstitched Casual,Ladies Unstitched Casual,Alkaram,https://alkaramstudio.com/products/cresta-blended-59835,no
alkaram-rts-shirt-trouser-dupatta-ms-66-1-25-1-green,Alkaram · Ladies Unstitched Embroidered 3 piece,,Alkaram,Ladies Unstitched,"brand:Alkaram, gender:ladies, unstitched, pieces:3, type:Embroidered",FALSE,Title,Default Title,KJC-LU-ALK-10108,shopify,0,deny,manual,6990.00,,TRUE,TRUE,https://cdn.shopify.com/s/files/1/0623/6481/1444/files/MS-66.1-25-1-Green-1_a1e331cc-7aa6-4ee5-986c-5cccaa730914.jpg?v=1756382107,1,Ladies Unstitched Embroidered 3 piece,draft,,3 piece,Embroidered,,Alkaram · Ladies Unstitched Embroidered 3 piece,Ladies Unstitched Embroidered 3 piece,Alkaram,https://alkaramstudio.com/products/rts-shirt-trouser-dupatta-ms-66-1-25-1-green,yes
alkaram-rts-shirt-trouser-dupatta-ms-76-25-1-orange,Alkaram · Ladies Unstitched Printed 3 piece,,Alkaram,Ladies Unstitched,"brand:Alkaram, gender:ladies, unstitched, pieces:3, type:Printed",FALSE,Title,Default Title,KJC-LU-ALK-10109,shopify,0,deny,manual,3003.00,4290.00,TRUE,TRUE,https://cdn.shopify.com/s/files/1/0623/6481/1444/files/MS-76-25-1-Orange-1_8f96c51b-12f0-4815-83b5-9d7b0a88f984.jpg?v=1756382102,1,Ladies Unstitched Printed 3 piece,draft,,3 piece,Printed,,Alkaram · Ladies Unstitched Printed 3 piece,Ladies Unstitched Printed 3 piece,Alkaram,https://alkaramstudio.com/products/rts-shirt-trouser-dupatta-ms-76-25-1-orange,yes
alkaram-rts-shirt-trouser-dupatta-ms-76-25-1-off-white,Alkaram · Ladies Unstitched Printed 3 piece,,Alkaram,Ladies Unstitched,"brand:Alkaram, gender:ladies, unstitched, pieces:3, type:Printed",FALSE,Title,Default Title,KJC-LU-ALK-10110,shopify,0,deny,manual,3003.00,4290.00,TRUE,TRUE,https://cdn.shopify.com/s/files/1/0623/6481/1444/files/MS-76-25-1-Off_White-1_4a25d4c2-5108-45b4-8bc8-ab84798463cd.jpg?v=1756382100,1,Ladies Unstitched Printed 3 piece,draft,,3 piece,Printed,,Alkaram · Ladies Unstitched Printed 3 piece,Ladies Unstitched Printed 3 piece,Alkaram,https://alkaramstudio.com/products/rts-shirt-trouser-dupatta-ms-76-25-1-off-white,yes
alkaram-rts-shirt-trouser-dupatta-ss-53-1-25-3-blue,Alkaram · Ladies Unstitched Printed 3 piece,,Alkaram,Ladies Unstitched,"brand:Alkaram, gender:ladies, unstitched, pieces:3, type:Printed",FALSE,Title,Default Title,KJC-LU-ALK-10111,shopify,0,deny,manual,3843.00,5490.00,TRUE,TRUE,https://cdn.shopify.com/s/files/1/0623/6481/1444/files/SS-53.1-25-3-Blue-1.jpg?v=1755502168,1,Ladies Unstitched Printed 3 piece,draft,,3 piece,Printed,,Alkaram · Ladies Unstitched Printed 3 piece,Ladies Unstitched Printed 3 piece,Alkaram,https://alkaramstudio.com/products/rts-shirt-trouser-dupatta-ss-53-1-25-3-blue,yes
alkaram-rts-shirt-trouser-dupatta-ss-51-1-25-3-blue,Alkaram · Ladies Unstitched Printed 3 piece,,Alkaram,Ladies Unstitched,"brand:Alkaram, gender:ladies, unstitched, pieces:3, type:Printed",FALSE,Title,Default Title,KJC-LU-ALK-10112,shopify,0,deny,manual,4123.00,5890.00,TRUE,TRUE,https://cdn.shopify.com/s/files/1/0623/6481/1444/files/SS-51.1-25-3-BLUE-1_58285eeb-36cf-4071-9ae0-15aac48e3888.jpg?v=1754468145,1,Ladies Unstitched Printed 3 piece,draft,,3 piece,Printed,,Alkaram · Ladies Unstitched Printed 3 piece,Ladies Unstitched Printed 3 piece,Alkaram,https://alkaramstudio.com/products/rts-shirt-trouser-dupatta-ss-51-1-25-3-blue,yes
alkaram-3-piece-embroidered-dyed-self-jacquard-suit-with-printed-chiffon-dupatta-ss-31-1-25-2-beige,Alkaram · Ladies Unstitched Embroidered 3 piece,,Alkaram,Ladies Unstitched,"brand:Alkaram, gender:ladies, unstitched, pieces:3, type:Embroidered",FALSE,Title,Default Title,KJC-LU-ALK-10113,shopify,0,deny,manual,4123.00,5890.00,TRUE,TRUE,https://cdn.shopify.com/s/files/1/0623/6481/1444/files/SS-31.1-25-2-BEIGE-1_aaa820f9-7d91-4e85-813a-b29fae02137b.jpg?v=1749720210,1,Ladies Unstitched Embroidered 3 piece,draft,,3 piece,Embroidered,,Alkaram · Ladies Unstitched Embroidered 3 piece,Ladies Unstitched Embroidered 3 piece,Alkaram,https://alkaramstudio.com/products/3-piece-embroidered-dyed-self-jacquard-suit-with-printed-chiffon-dupatta-ss-31-1-25-2-beige,yes
alkaram-3-pc-printed-lawn-suit-with-lawn-dupatta-ss-33-24-2-off-white-ss-33-24-2-pink-off-white,Alkaram · Ladies Unstitched 3 piece,,Alkaram,Ladies Unstitched,"brand:Alkaram, gender:ladies, unstitched, pieces:3",FALSE,Title,Default Title,KJC-LU-ALK-10114,shopify,0,deny,manual,3423.00,4890.00,TRUE,TRUE,https://cdn.shopify.com/s/files/1/0623/6481/1444/files/SS-33-24-2-Pink-1_2a9759a8-55b3-41cb-ade7-b7d3b56a2db6.jpg?v=1731501056,1,Ladies Unstitched 3 piece,draft,,3 piece,,,Alkaram · Ladies Unstitched 3 piece,Ladies Unstitched 3 piece,Alkaram,https://alkaramstudio.com/products/3-pc-printed-lawn-suit-with-lawn-dupatta-ss-33-24-2-off-white-ss-33-24-2-pink-off-white,yes
alkaram-3-pc-printed-lawn-suit-with-lawn-dupatta-ss-20-24-2-black-ss-20-24-2-beige,Alkaram · Ladies Unstitched 3 piece,,Alkaram,Ladies Unstitched,"brand:Alkaram, gender:ladies, unstitched, pieces:3",FALSE,Title,Default Title,KJC-LU-ALK-10115,shopify,0,deny,manual,3423.00,4890.00,TRUE,TRUE,https://cdn.shopify.com/s/files/1/0623/6481/1444/files/SS-20-24-2-Beige-1_81fc29b7-49a5-4797-9e7f-7b23db42b6ec.jpg?v=1731501050,1,Ladies Unstitched 3 piece,draft,,3 piece,,,Alkaram · Ladies Unstitched 3 piece,Ladies Unstitched 3 piece,Alkaram,https://alkaramstudio.com/products/3-pc-printed-lawn-suit-with-lawn-dupatta-ss-20-24-2-black-ss-20-24-2-beige,yes
alkaram-3-piece-printed-kirundi-suit-with-karandi-dupatta-fw-49-1-24-orange,Alkaram · Ladies Unstitched Printed Karandi 3 piece,,Alkaram,Ladies Unstitched,"brand:Alkaram, gender:ladies, unstitched, fabric:Karandi, pieces:3, type:Printed",FALSE,Title,Default Title,KJC-LU-ALK-10116,shopify,0,deny,manual,5593.00,7990.00,TRUE,TRUE,https://cdn.shopify.com/s/files/1/0623/6481/1444/files/FW-49.1-24-ORANGE-1_60f56065-5a30-42c7-ad21-9827efeb9ef5.jpg?v=1726838037,1,Ladies Unstitched Printed Karandi 3 piece,draft,Karandi,3 piece,Printed,,Alkaram · Ladies Unstitched Printed Karandi 3 piece,Ladies Unstitched Printed Karandi 3 piece,Alkaram,https://alkaramstudio.com/products/3-piece-printed-kirundi-suit-with-karandi-dupatta-fw-49-1-24-orange,yes
alkaram-3-pc-printed-lawn-suit-with-lawn-dupatta-ss-17-24-2-brown,Alkaram · Ladies Unstitched 3 piece,,Alkaram,Ladies Unstitched,"brand:Alkaram, gender:ladies, unstitched, pieces:3",FALSE,Title,Default Title,KJC-LU-ALK-10117,shopify,0,deny,manual,3423.00,4890.00,TRUE,TRUE,https://cdn.shopify.com/s/files/1/0623/6481/1444/files/SS-17-24-2-Brown-1.jpg?v=1718873895,1,Ladies Unstitched 3 piece,draft,,3 piece,,,Alkaram · Ladies Unstitched 3 piece,Ladies Unstitched 3 piece,Alkaram,https://alkaramstudio.com/products/3-pc-printed-lawn-suit-with-lawn-dupatta-ss-17-24-2-brown,yes
alkaram-3-pc-printed-lawn-suit-with-lawn-dupatta-ss-19-1-24-2-black,Alkaram · Ladies Unstitched 3 piece,,Alkaram,Ladies Unstitched,"brand:Alkaram, gender:ladies, unstitched, pieces:3",FALSE,Title,Default Title,KJC-LU-ALK-10118,shopify,0,deny,manual,3423.00,4890.00,TRUE,TRUE,https://cdn.shopify.com/s/files/1/0623/6481/1444/files/SS-19.1-24-2-Black-1.jpg?v=1718563879,1,Ladies Unstitched 3 piece,draft,,3 piece,,,Alkaram · Ladies Unstitched 3 piece,Ladies Unstitched 3 piece,Alkaram,https://alkaramstudio.com/products/3-pc-printed-lawn-suit-with-lawn-dupatta-ss-19-1-24-2-black,yes
alkaram-3-pc-printed-lawn-suit-with-poly-chiffon-dupatta-ss-19-24-2-orange,Alkaram · Ladies Unstitched Printed 3 piece,,Alkaram,Ladies Unstitched,"brand:Alkaram, gender:ladies, unstitched, pieces:3, type:Printed",FALSE,Title,Default Title,KJC-LU-ALK-10119,shopify,0,deny,manual,3794.00,5420.00,TRUE,TRUE,https://cdn.shopify.com/s/files/1/0623/6481/1444/files/SS-19-24-2-White-1.jpg?v=1720083507,1,Ladies Unstitched Printed 3 piece,draft,,3 piece,Printed,,Alkaram · Ladies Unstitched Printed 3 piece,Ladies Unstitched Printed 3 piece,Alkaram,https://alkaramstudio.com/products/3-pc-printed-lawn-suit-with-poly-chiffon-dupatta-ss-19-24-2-orange,yes
alkaram-3-pc-embroidered-lawn-suit-with-chiffon-dupatta-ss-43-24-yellow,Alkaram · Ladies Unstitched Printed 3 piece,,Alkaram,Ladies Unstitched,"brand:Alkaram, gender:ladies, unstitched, pieces:3, type:Printed",FALSE,Title,Default Title,KJC-LU-ALK-10120,shopify,0,deny,manual,4158.00,5940.00,TRUE,TRUE,https://cdn.shopify.com/s/files/1/0623/6481/1444/products/SS-43-24-Yellow-1.jpg?v=1718536808,1,Ladies Unstitched Printed 3 piece,draft,,3 piece,Printed,,Alkaram · Ladies Unstitched Printed 3 piece,Ladies Unstitched Printed 3 piece,Alkaram,https://alkaramstudio.com/products/3-pc-embroidered-lawn-suit-with-chiffon-dupatta-ss-43-24-yellow,yes
alkaram-2-pc-printed-lawn-suit-with-lawn-dupatta-flrz-6-1-23-black,Alkaram · Ladies Unstitched Casual 2 piece,,Alkaram,Ladies Unstitched,"brand:Alkaram, gender:ladies, unstitched, pieces:2, type:Casual, colour:Silver",FALSE,Title,Default Title,KJC-LU-ALK-10121,shopify,0,deny,manual,3060.00,,TRUE,TRUE,https://cdn.shopify.com/s/files/1/0623/6481/1444/products/FLRZ-6.1-23-Black_1.jpg?v=1718521616,1,Ladies Unstitched Casual 2 piece,draft,,2 piece,Casual,Silver,Alkaram · Ladies Unstitched Casual 2 piece,Ladies Unstitched Casual 2 piece,Alkaram,https://alkaramstudio.com/products/2-pc-printed-lawn-suit-with-lawn-dupatta-flrz-6-1-23-black,yes
alkaram-2-pc-printed-lawn-suit-with-lawn-dupatta-flrz-17-1-23-red,Alkaram · Ladies Unstitched Casual 2 piece,,Alkaram,Ladies Unstitched,"brand:Alkaram, gender:ladies, unstitched, pieces:2, type:Casual, colour:Silver",FALSE,Title,Default Title,KJC-LU-ALK-10122,shopify,0,deny,manual,3060.00,,TRUE,TRUE,https://cdn.shopify.com/s/files/1/0623/6481/1444/products/FLRZ-17.1-23-Red_1.jpg?v=1718521606,1,Ladies Unstitched Casual 2 piece,draft,,2 piece,Casual,Silver,Alkaram · Ladies Unstitched Casual 2 piece,Ladies Unstitched Casual 2 piece,Alkaram,https://alkaramstudio.com/products/2-pc-printed-lawn-suit-with-lawn-dupatta-flrz-17-1-23-red,yes
alkaram-2-pc-printed-lawn-suit-with-lawn-dupatta-flrz-2-1-23-olive-green,Alkaram · Ladies Unstitched Casual 2 piece,,Alkaram,Ladies Unstitched,"brand:Alkaram, gender:ladies, unstitched, pieces:2, type:Casual, colour:Silver",FALSE,Title,Default Title,KJC-LU-ALK-10123,shopify,0,deny,manual,3060.00,,TRUE,TRUE,https://cdn.shopify.com/s/files/1/0623/6481/1444/products/FLRZ-2.1-23-Olive_Green_1.jpg?v=1718521590,1,Ladies Unstitched Casual 2 piece,draft,,2 piece,Casual,Silver,Alkaram · Ladies Unstitched Casual 2 piece,Ladies Unstitched Casual 2 piece,Alkaram,https://alkaramstudio.com/products/2-pc-printed-lawn-suit-with-lawn-dupatta-flrz-2-1-23-olive-green,yes
alkaram-2-pc-printed-lawn-suit-with-lawn-dupatta-flrs-18-1-23-mint-green,Alkaram · Ladies Unstitched Casual 2 piece,,Alkaram,Ladies Unstitched,"brand:Alkaram, gender:ladies, unstitched, pieces:2, type:Casual",FALSE,Title,Default Title,KJC-LU-ALK-10124,shopify,0,deny,manual,3060.00,,TRUE,TRUE,https://cdn.shopify.com/s/files/1/0623/6481/1444/products/FW-_18.1-23-Mint_Green_1.jpg?v=1718520032,1,Ladies Unstitched Casual 2 piece,draft,,2 piece,Casual,,Alkaram · Ladies Unstitched Casual 2 piece,Ladies Unstitched Casual 2 piece,Alkaram,https://alkaramstudio.com/products/2-pc-printed-lawn-suit-with-lawn-dupatta-flrs-18-1-23-mint-green,yes
alkaram-2-pc-printed-lawn-suit-with-lawn-dupatta-flrs-21-1-23-orange,Alkaram · Ladies Unstitched Casual 2 piece,,Alkaram,Ladies Unstitched,"brand:Alkaram, gender:ladies, unstitched, pieces:2, type:Casual",FALSE,Title,Default Title,KJC-LU-ALK-10125,shopify,0,deny,manual,3060.00,,TRUE,TRUE,https://cdn.shopify.com/s/files/1/0623/6481/1444/products/FW-_21.1-23-Orange_1.jpg?v=1718521534,1,Ladies Unstitched Casual 2 piece,draft,,2 piece,Casual,,Alkaram · Ladies Unstitched Casual 2 piece,Ladies Unstitched Casual 2 piece,Alkaram,https://alkaramstudio.com/products/2-pc-printed-lawn-suit-with-lawn-dupatta-flrs-21-1-23-orange,yes
alkaram-2-pc-printed-lawn-suit-with-lawn-dupatta-flrs-48-1-23-grey,Alkaram · Ladies Unstitched Casual 2 piece,,Alkaram,Ladies Unstitched,"brand:Alkaram, gender:ladies, unstitched, pieces:2, type:Casual",FALSE,Title,Default Title,KJC-LU-ALK-10126,shopify,0,deny,manual,3060.00,,TRUE,TRUE,https://cdn.shopify.com/s/files/1/0623/6481/1444/products/FW-_48.1-23-Grey_1.jpg?v=1718521507,1,Ladies Unstitched Casual 2 piece,draft,,2 piece,Casual,,Alkaram · Ladies Unstitched Casual 2 piece,Ladies Unstitched Casual 2 piece,Alkaram,https://alkaramstudio.com/products/2-pc-printed-lawn-suit-with-lawn-dupatta-flrs-48-1-23-grey,yes
alkaram-woolen-shawl-fabric-fw-c-23d-23-black,Alkaram · Ladies Unstitched Casual 1 piece,,Alkaram,Ladies Unstitched,"brand:Alkaram, gender:ladies, unstitched, pieces:1, type:Casual",FALSE,Title,Default Title,KJC-LU-ALK-10127,shopify,0,deny,manual,2135.00,3050.00,TRUE,TRUE,https://cdn.shopify.com/s/files/1/0623/6481/1444/products/FW-C-23D-23-Black-1.jpg?v=1718659327,1,Ladies Unstitched Casual 1 piece,draft,,1 piece,Casual,,Alkaram · Ladies Unstitched Casual 1 piece,Ladies Unstitched Casual 1 piece,Alkaram,https://alkaramstudio.com/products/woolen-shawl-fabric-fw-c-23d-23-black,yes
alkaram-3-pc-printed-lawn-suit-with-jacquard-net-dupatta-ss-30-1-23-yellow,Alkaram · Ladies Unstitched Printed 3 piece,,Alkaram,Ladies Unstitched,"brand:Alkaram, gender:ladies, unstitched, pieces:3, type:Printed, colour:Yellow",FALSE,Title,Default Title,KJC-LU-ALK-10128,shopify,0,deny,manual,3787.00,5410.00,TRUE,TRUE,https://cdn.shopify.com/s/files/1/0623/6481/1444/products/SS-30.1-23-Yellow-4.jpg?v=1718558096,1,Ladies Unstitched Printed 3 piece,draft,,3 piece,Printed,Yellow,Alkaram · Ladies Unstitched Printed 3 piece,Ladies Unstitched Printed 3 piece,Alkaram,https://alkaramstudio.com/products/3-pc-printed-lawn-suit-with-jacquard-net-dupatta-ss-30-1-23-yellow,yes
alkaram-2-pc-embroidered-lawn-suit-with-cambric-trouser-64914,Alkaram · Ladies Unstitched Casual Lawn 2 piece,,Alkaram,Ladies Unstitched,"brand:Alkaram, gender:ladies, unstitched, fabric:Lawn, pieces:2, type:Casual",FALSE,Title,Default Title,KJC-LU-ALK-10129,shopify,0,deny,manual,2541.00,3630.00,TRUE,TRUE,https://cdn.shopify.com/s/files/1/0623/6481/1444/products/ss-33.1-22-2-multi-1_tnccpvxkan3wbdui_8fcf7e8d-bb0d-4721-b8a8-da832b3be2bf.jpg?v=1718503598,1,Ladies Unstitched Casual Lawn 2 piece,draft,Lawn,2 piece,Casual,,Alkaram · Ladies Unstitched Casual Lawn 2 piece,Ladies Unstitched Casual Lawn 2 piece,Alkaram,https://alkaramstudio.com/products/2-pc-embroidered-lawn-suit-with-cambric-trouser-64914,yes
alkaram-1-pc-poly-chiffon-dupatta-62509,Alkaram · Ladies Unstitched Casual 1 piece,,Alkaram,Ladies Unstitched,"brand:Alkaram, gender:ladies, unstitched, pieces:1, type:Casual, colour:Blue",FALSE,Title,Default Title,KJC-LU-ALK-10130,shopify,0,deny,manual,693.00,990.00,TRUE,TRUE,https://cdn.shopify.com/s/files/1/0623/6481/1444/products/slrd-02-22-blue_1__su1nmzzxuaxgcnyu_9463c132-dbd1-4765-9ccc-f5f93d4db919.jpg?v=1718482416,1,Ladies Unstitched Casual 1 piece,draft,,1 piece,Casual,Blue,Alkaram · Ladies Unstitched Casual 1 piece,Ladies Unstitched Casual 1 piece,Alkaram,https://alkaramstudio.com/products/1-pc-poly-chiffon-dupatta-62509,yes
alkaram-4-pc-embroidered-organza-suit-with-organza-dupatta-hf-05-24-ochre,Alkaram · Ladies Unstitched Embroidered 3 piece,,Alkaram,Ladies Unstitched,"brand:Alkaram, gender:ladies, unstitched, pieces:3, type:Embroidered",FALSE,Title,Default Title,KJC-LU-ALK-10131,shopify,0,deny,manual,16408.00,20510.00,TRUE,TRUE,https://cdn.shopify.com/s/files/1/0623/6481/1444/products/HF-05-24-Ochre-1.jpg?v=1718572712,1,Ladies Unstitched Embroidered 3 piece,draft,,3 piece,Embroidered,,Alkaram · Ladies Unstitched Embroidered 3 piece,Ladies Unstitched Embroidered 3 piece,Alkaram,https://alkaramstudio.com/products/4-pc-embroidered-organza-suit-with-organza-dupatta-hf-05-24-ochre,yes
alkaram-3-pc-embroidered-glim-suit-with-zari-lawn-dupatta-fc-w-14d-23-3-brown,Alkaram · Ladies Unstitched Embroidered 3 piece,,Alkaram,Ladies Unstitched,"brand:Alkaram, gender:ladies, unstitched, pieces:3, type:Embroidered",FALSE,Title,Default Title,KJC-LU-ALK-10132,shopify,0,deny,manual,7175.00,10250.00,TRUE,TRUE,https://cdn.shopify.com/s/files/1/0623/6481/1444/products/FC-W-14D-23-3-BROWN_3_Piece-1.jpg?v=1718532294,1,Ladies Unstitched Embroidered 3 piece,draft,,3 piece,Embroidered,,Alkaram · Ladies Unstitched Embroidered 3 piece,Ladies Unstitched Embroidered 3 piece,Alkaram,https://alkaramstudio.com/products/3-pc-embroidered-glim-suit-with-zari-lawn-dupatta-fc-w-14d-23-3-brown,yes
alkaram-3-pc-embroidered-two-way-slub-suit-with-yarn-dyed-dupatta-fc-13e-23-2-grey,Alkaram · Ladies Unstitched Embroidered 3 piece,,Alkaram,Ladies Unstitched,"brand:Alkaram, gender:ladies, unstitched, pieces:3, type:Embroidered, colour:Grey",FALSE,Title,Default Title,KJC-LU-ALK-10133,shopify,0,deny,manual,5439.00,7770.00,TRUE,TRUE,https://cdn.shopify.com/s/files/1/0623/6481/1444/files/FC-13E-23-2-Grey-1.jpg?v=1718542518,1,Ladies Unstitched Embroidered 3 piece,draft,,3 piece,Embroidered,Grey,Alkaram · Ladies Unstitched Embroidered 3 piece,Ladies Unstitched Embroidered 3 piece,Alkaram,https://alkaramstudio.com/products/3-pc-embroidered-two-way-slub-suit-with-yarn-dyed-dupatta-fc-13e-23-2-grey,yes
alkaram-3-pc-embroidered-lawn-suit-with-chiffon-dupatta-fc-10d-23-2-cream,Alkaram · Ladies Unstitched Embroidered 3 piece,,Alkaram,Ladies Unstitched,"brand:Alkaram, gender:ladies, unstitched, pieces:3, type:Embroidered, colour:Cream",FALSE,Title,Default Title,KJC-LU-ALK-10134,shopify,0,deny,manual,5145.00,7350.00,TRUE,TRUE,https://cdn.shopify.com/s/files/1/0623/6481/1444/files/FC-10D-23-2-Cream-1.jpg?v=1718536276,1,Ladies Unstitched Embroidered 3 piece,draft,,3 piece,Embroidered,Cream,Alkaram · Ladies Unstitched Embroidered 3 piece,Ladies Unstitched Embroidered 3 piece,Alkaram,https://alkaramstudio.com/products/3-pc-embroidered-lawn-suit-with-chiffon-dupatta-fc-10d-23-2-cream,yes
alkaram-3-pc-embroidered-one-way-slub-suit-with-fancy-dupatta-fc-1a-23-2-mint,Alkaram · Ladies Unstitched Embroidered 3 piece,,Alkaram,Ladies Unstitched,"brand:Alkaram, gender:ladies, unstitched, pieces:3, type:Embroidered, colour:Green",FALSE,Title,Default Title,KJC-LU-ALK-10135,shopify,0,deny,manual,4711.00,6730.00,TRUE,TRUE,https://cdn.shopify.com/s/files/1/0623/6481/1444/files/FC-1A-23-2-Mint-_-3-Piece.jpg?v=1718539902,1,Ladies Unstitched Embroidered 3 piece,draft,,3 piece,Embroidered,Green,Alkaram · Ladies Unstitched Embroidered 3 piece,Ladies Unstitched Embroidered 3 piece,Alkaram,https://alkaramstudio.com/products/3-pc-embroidered-one-way-slub-suit-with-fancy-dupatta-fc-1a-23-2-mint,yes
alkaram-3-pc-embroidered-suit-with-cotton-silk-dupatta-32878,Alkaram · Ladies Unstitched Embroidered Silk 3 piece,,Alkaram,Ladies Unstitched,"brand:Alkaram, gender:ladies, unstitched, fabric:Silk, pieces:3, type:Embroidered, colour:Pink",FALSE,Title,Default Title,KJC-LU-ALK-10136,shopify,0,deny,manual,6258.00,8940.00,TRUE,TRUE,https://cdn.shopify.com/s/files/1/0623/6481/1444/products/fc-11e-21-2-pink-2_rmtjclwnkthojkkd_e247f7d4-dc49-4970-a0bb-8ac2571ec17c.jpg?v=1718541124,1,Ladies Unstitched Embroidered Silk 3 piece,draft,Silk,3 piece,Embroidered,Pink,Alkaram · Ladies Unstitched Embroidered Silk 3 piece,Ladies Unstitched Embroidered Silk 3 piece,Alkaram,https://alkaramstudio.com/products/3-pc-embroidered-suit-with-cotton-silk-dupatta-32878,yes
alkaram-3-pc-embroidered-organza-zari-suit-with-chiffon-dupatta-64803,Alkaram · Ladies Unstitched Embroidered 3 piece,,Alkaram,Ladies Unstitched,"brand:Alkaram, gender:ladies, unstitched, pieces:3, type:Embroidered, colour:Yellow",FALSE,Title,Default Title,KJC-LU-ALK-10137,shopify,0,deny,manual,8470.00,12100.00,TRUE,TRUE,https://cdn.shopify.com/s/files/1/0623/6481/1444/products/fc-31k-22-pale-yellow-1_rw4r1h6luwpsk68a_cf079aeb-14a3-455f-a4df-80cf8863ae67.jpg?v=1718540064,1,Ladies Unstitched Embroidered 3 piece,draft,,3 piece,Embroidered,Yellow,Alkaram · Ladies Unstitched Embroidered 3 piece,Ladies Unstitched Embroidered 3 piece,Alkaram,https://alkaramstudio.com/products/3-pc-embroidered-organza-zari-suit-with-chiffon-dupatta-64803,yes
alkaram-rts-shirt-dupatta-fw-119-1-25-1-purple,Alkaram · Ladies Unstitched 2 piece,,Alkaram,Ladies Unstitched,"brand:Alkaram, gender:ladies, unstitched, pieces:2, colour:Purple",FALSE,Title,Default Title,KJC-LU-ALK-10138,shopify,0,deny,manual,2093.00,2990.00,TRUE,TRUE,https://cdn.shopify.com/s/files/1/0623/6481/1444/files/FW-119.1-25-1-Purple-1_4c6a1c33-e8ee-4791-8dae-874c22739c47.jpg?v=1759410012,1,Ladies Unstitched 2 piece,draft,,2 piece,,Purple,Alkaram · Ladies Unstitched 2 piece,Ladies Unstitched 2 piece,Alkaram,https://alkaramstudio.com/products/rts-shirt-dupatta-fw-119-1-25-1-purple,yes
alkaram-rts-shirt-dupatta-fw-118-1-25-1-green,Alkaram · Ladies Unstitched 2 piece,,Alkaram,Ladies Unstitched,"brand:Alkaram, gender:ladies, unstitched, pieces:2",FALSE,Title,Default Title,KJC-LU-ALK-10139,shopify,0,deny,manual,2093.00,2990.00,TRUE,TRUE,https://cdn.shopify.com/s/files/1/0623/6481/1444/files/FW-118.1-25-1-Green-1.jpg?v=1762262555,1,Ladies Unstitched 2 piece,draft,,2 piece,,,Alkaram · Ladies Unstitched 2 piece,Ladies Unstitched 2 piece,Alkaram,https://alkaramstudio.com/products/rts-shirt-dupatta-fw-118-1-25-1-green,yes
alkaram-rts-shirt-dupatta-fw-137-25-1-grey,Alkaram · Ladies Unstitched 2 piece,,Alkaram,Ladies Unstitched,"brand:Alkaram, gender:ladies, unstitched, pieces:2",FALSE,Title,Default Title,KJC-LU-ALK-10140,shopify,0,deny,manual,2093.00,2990.00,TRUE,TRUE,https://cdn.shopify.com/s/files/1/0623/6481/1444/files/FW-137-25-1-Grey-1_254b1bce-ecab-45a8-95ab-9ecb7c0d7db7.jpg?v=1759409885,1,Ladies Unstitched 2 piece,draft,,2 piece,,,Alkaram · Ladies Unstitched 2 piece,Ladies Unstitched 2 piece,Alkaram,https://alkaramstudio.com/products/rts-shirt-dupatta-fw-137-25-1-grey,yes
alkaram-rts-shirt-dupatta-fw-116-1-25-1-charcoal,Alkaram · Ladies Unstitched 2 piece,,Alkaram,Ladies Unstitched,"brand:Alkaram, gender:ladies, unstitched, pieces:2",FALSE,Title,Default Title,KJC-LU-ALK-10141,shopify,0,deny,manual,2303.00,3290.00,TRUE,TRUE,https://cdn.shopify.com/s/files/1/0623/6481/1444/files/FW-116.1-25-1-Charcoal-1.jpg?v=1760351343,1,Ladies Unstitched 2 piece,draft,,2 piece,,,Alkaram · Ladies Unstitched 2 piece,Ladies Unstitched 2 piece,Alkaram,https://alkaramstudio.com/products/rts-shirt-dupatta-fw-116-1-25-1-charcoal,yes
alkaram-rts-shirt-trouser-fw-140-25-1-beige,Alkaram · Ladies Unstitched 2 piece,,Alkaram,Ladies Unstitched,"brand:Alkaram, gender:ladies, unstitched, pieces:2",FALSE,Title,Default Title,KJC-LU-ALK-10142,shopify,0,deny,manual,2303.00,3290.00,TRUE,TRUE,https://cdn.shopify.com/s/files/1/0623/6481/1444/files/FW-140-25-1-Beige-1_4e761cdc-6f27-46e4-a388-6b73eff67ce6.jpg?v=1759409891,1,Ladies Unstitched 2 piece,draft,,2 piece,,,Alkaram · Ladies Unstitched 2 piece,Ladies Unstitched 2 piece,Alkaram,https://alkaramstudio.com/products/rts-shirt-trouser-fw-140-25-1-beige,yes
alkaram-rts-shirt-dupatta-fw-166-25-2-gray,Alkaram · Ladies Unstitched 2 piece,,Alkaram,Ladies Unstitched,"brand:Alkaram, gender:ladies, unstitched, pieces:2",FALSE,Title,Default Title,KJC-LU-ALK-10143,shopify,0,deny,manual,2303.00,3290.00,TRUE,TRUE,https://cdn.shopify.com/s/files/1/0623/6481/1444/files/FW-166-25-2-Grey-1.jpg?v=1763366135,1,Ladies Unstitched 2 piece,draft,,2 piece,,,Alkaram · Ladies Unstitched 2 piece,Ladies Unstitched 2 piece,Alkaram,https://alkaramstudio.com/products/rts-shirt-dupatta-fw-166-25-2-gray,yes
alkaram-rts-shirt-trouser-fw-139-25-1-purple,Alkaram · Ladies Unstitched 2 piece,,Alkaram,Ladies Unstitched,"brand:Alkaram, gender:ladies, unstitched, pieces:2, colour:Purple",FALSE,Title,Default Title,KJC-LU-ALK-10144,shopify,0,deny,manual,2303.00,3290.00,TRUE,TRUE,https://cdn.shopify.com/s/files/1/0623/6481/1444/files/FW-139-25-1-Purple-1.jpg?v=1759843199,1,Ladies Unstitched 2 piece,draft,,2 piece,,Purple,Alkaram · Ladies Unstitched 2 piece,Ladies Unstitched 2 piece,Alkaram,https://alkaramstudio.com/products/rts-shirt-trouser-fw-139-25-1-purple,yes
alkaram-rts-shirt-trouser-fw-121-1-25-1-purple,Alkaram · Ladies Unstitched 2 piece,,Alkaram,Ladies Unstitched,"brand:Alkaram, gender:ladies, unstitched, pieces:2, colour:Purple",FALSE,Title,Default Title,KJC-LU-ALK-10145,shopify,0,deny,manual,2303.00,3290.00,TRUE,TRUE,https://cdn.shopify.com/s/files/1/0623/6481/1444/files/FW-121.1-25-1-Purple-1.jpg?v=1762262575,1,Ladies Unstitched 2 piece,draft,,2 piece,,Purple,Alkaram · Ladies Unstitched 2 piece,Ladies Unstitched 2 piece,Alkaram,https://alkaramstudio.com/products/rts-shirt-trouser-fw-121-1-25-1-purple,yes
alkaram-rts-shirt-trouser-dupatta-fw-123-25-1-blue,Alkaram · Ladies Unstitched 3 piece,,Alkaram,Ladies Unstitched,"brand:Alkaram, gender:ladies, unstitched, pieces:3",FALSE,Title,Default Title,KJC-LU-ALK-10146,shopify,0,deny,manual,2793.00,3990.00,TRUE,TRUE,https://cdn.shopify.com/s/files/1/0623/6481/1444/files/FW-123-25-1-Blue-1.jpg?v=1760351495,1,Ladies Unstitched 3 piece,draft,,3 piece,,,Alkaram · Ladies Unstitched 3 piece,Ladies Unstitched 3 piece,Alkaram,https://alkaramstudio.com/products/rts-shirt-trouser-dupatta-fw-123-25-1-blue,yes
alkaram-rts-shirt-trouser-fw-122-1-25-1-blue,Alkaram · Ladies Unstitched 2 piece,,Alkaram,Ladies Unstitched,"brand:Alkaram, gender:ladies, unstitched, pieces:2",FALSE,Title,Default Title,KJC-LU-ALK-10147,shopify,0,deny,manual,3143.00,4490.00,TRUE,TRUE,https://cdn.shopify.com/s/files/1/0623/6481/1444/files/FW-122.1-25-1-Blue-1_d6a7ad5e-7a8b-4bcf-9b05-48ec3080d361.jpg?v=1759410017,1,Ladies Unstitched 2 piece,draft,,2 piece,,,Alkaram · Ladies Unstitched 2 piece,Ladies Unstitched 2 piece,Alkaram,https://alkaramstudio.com/products/rts-shirt-trouser-fw-122-1-25-1-blue,yes
alkaram-rts-shirt-trouser-dupatta-fw-129-25-1-lilac,Alkaram · Ladies Unstitched 3 piece,,Alkaram,Ladies Unstitched,"brand:Alkaram, gender:ladies, unstitched, pieces:3, colour:Purple",FALSE,Title,Default Title,KJC-LU-ALK-10148,shopify,0,deny,manual,3353.00,4790.00,TRUE,TRUE,https://cdn.shopify.com/s/files/1/0623/6481/1444/files/FW-129-25-1-Lilac-1.jpg?v=1760009788,1,Ladies Unstitched 3 piece,draft,,3 piece,,Purple,Alkaram · Ladies Unstitched 3 piece,Ladies Unstitched 3 piece,Alkaram,https://alkaramstudio.com/products/rts-shirt-trouser-dupatta-fw-129-25-1-lilac,yes
alkaram-rts-shirt-trouser-dupatta-fw-129-25-1-pink,Alkaram · Ladies Unstitched 3 piece,,Alkaram,Ladies Unstitched,"brand:Alkaram, gender:ladies, unstitched, pieces:3",FALSE,Title,Default Title,KJC-LU-ALK-10149,shopify,0,deny,manual,3353.00,4790.00,TRUE,TRUE,https://cdn.shopify.com/s/files/1/0623/6481/1444/files/FW-129-25-1-Pink-1.jpg?v=1760009802,1,Ladies Unstitched 3 piece,draft,,3 piece,,,Alkaram · Ladies Unstitched 3 piece,Ladies Unstitched 3 piece,Alkaram,https://alkaramstudio.com/products/rts-shirt-trouser-dupatta-fw-129-25-1-pink,yes
alkaram-rts-shirt-trouser-dupatta-fw-135-25-1-olive,Alkaram · Ladies Unstitched 3 piece,,Alkaram,Ladies Unstitched,"brand:Alkaram, gender:ladies, unstitched, pieces:3",FALSE,Title,Default Title,KJC-LU-ALK-10150,shopify,0,deny,manual,3703.00,5290.00,TRUE,TRUE,https://cdn.shopify.com/s/files/1/0623/6481/1444/files/FW-135-25-1-Olive-1.jpg?v=1762262596,1,Ladies Unstitched 3 piece,draft,,3 piece,,,Alkaram · Ladies Unstitched 3 piece,Ladies Unstitched 3 piece,Alkaram,https://alkaramstudio.com/products/rts-shirt-trouser-dupatta-fw-135-25-1-olive,yes
alkaram-rts-shirt-trouser-dupatta-fw-176-25-1-green,Alkaram · Ladies Unstitched 3 piece,,Alkaram,Ladies Unstitched,"brand:Alkaram, gender:ladies, unstitched, pieces:3",FALSE,Title,Default Title,KJC-LU-ALK-10151,shopify,0,deny,manual,3703.00,5290.00,TRUE,TRUE,https://cdn.shopify.com/s/files/1/0623/6481/1444/files/FW-176-25-1-Green-1.jpg?v=1760033303,1,Ladies Unstitched 3 piece,draft,,3 piece,,,Alkaram · Ladies Unstitched 3 piece,Ladies Unstitched 3 piece,Alkaram,https://alkaramstudio.com/products/rts-shirt-trouser-dupatta-fw-176-25-1-green,yes
alkaram-rts-shirt-trouser-shawl-fw-90-25-1-off-white,Alkaram · Ladies Unstitched 2 piece,,Alkaram,Ladies Unstitched,"brand:Alkaram, gender:ladies, unstitched, pieces:2",FALSE,Title,Default Title,KJC-LU-ALK-10152,shopify,0,deny,manual,4053.00,5790.00,TRUE,TRUE,https://cdn.shopify.com/s/files/1/0623/6481/1444/files/FW-90-25-1-OffWhite-1.jpg?v=1760350991,1,Ladies Unstitched 2 piece,draft,,2 piece,,,Alkaram · Ladies Unstitched 2 piece,Ladies Unstitched 2 piece,Alkaram,https://alkaramstudio.com/products/rts-shirt-trouser-shawl-fw-90-25-1-off-white,yes
alkaram-rts-shirt-trouser-dupatta-fw-85-1-25-1-beige,Alkaram · Ladies Unstitched 3 piece,,Alkaram,Ladies Unstitched,"brand:Alkaram, gender:ladies, unstitched, pieces:3",FALSE,Title,Default Title,KJC-LU-ALK-10153,shopify,0,deny,manual,4893.00,6990.00,TRUE,TRUE,https://cdn.shopify.com/s/files/1/0623/6481/1444/files/FW-85.1-25-1-Beige-1.jpg?v=1760350895,1,Ladies Unstitched 3 piece,draft,,3 piece,,,Alkaram · Ladies Unstitched 3 piece,Ladies Unstitched 3 piece,Alkaram,https://alkaramstudio.com/products/rts-shirt-trouser-dupatta-fw-85-1-25-1-beige,yes
alkaram-rts-shirt-trouser-shawl-fw-100-25-1-red,Alkaram · Ladies Unstitched 2 piece,,Alkaram,Ladies Unstitched,"brand:Alkaram, gender:ladies, unstitched, pieces:2",FALSE,Title,Default Title,KJC-LU-ALK-10154,shopify,0,deny,manual,4893.00,6990.00,TRUE,TRUE,https://cdn.shopify.com/s/files/1/0623/6481/1444/files/FW-100-25-1-Red-1.jpg?v=1760009439,1,Ladies Unstitched 2 piece,draft,,2 piece,,,Alkaram · Ladies Unstitched 2 piece,Ladies Unstitched 2 piece,Alkaram,https://alkaramstudio.com/products/rts-shirt-trouser-shawl-fw-100-25-1-red,yes
alkaram-four-piece-embroidered-organza-6m-suit-with-organza-dupatta-lf-10-24-2-tea-pink,Alkaram · Ladies Unstitched Embroidered 3 piece,,Alkaram,Ladies Unstitched,"brand:Alkaram, gender:ladies, unstitched, pieces:3, type:Embroidered",FALSE,Title,Default Title,KJC-LU-ALK-10155,shopify,0,deny,manual,21592.00,26990.00,TRUE,TRUE,https://cdn.shopify.com/s/files/1/0623/6481/1444/files/LF-10-24-2-TEA_PINK-1_512cdd58-2385-4d44-9f81-3a1a0fa3dcc2.jpg?v=1726936414,1,Ladies Unstitched Embroidered 3 piece,draft,,3 piece,Embroidered,,Alkaram · Ladies Unstitched Embroidered 3 piece,Ladies Unstitched Embroidered 3 piece,Alkaram,https://alkaramstudio.com/products/four-piece-embroidered-organza-6m-suit-with-organza-dupatta-lf-10-24-2-tea-pink,yes
alkaram-3-pc-embroidered-suit-with-poly-net-dupatta,Alkaram · Ladies Unstitched Formal 3 piece,,Alkaram,Ladies Unstitched,"brand:Alkaram, gender:ladies, unstitched, pieces:3, type:Formal",FALSE,Title,Default Title,KJC-LU-ALK-10156,shopify,0,deny,manual,7000.00,10000.00,TRUE,TRUE,https://cdn.shopify.com/s/files/1/0623/6481/1444/products/fc-21h-21-ivory-1_2f2yw7lw9qf2ysq8_c31a09cc-a5f1-487f-a493-e89599f7c941.jpg?v=1718541392,1,Ladies Unstitched Formal 3 piece,draft,,3 piece,Formal,,Alkaram · Ladies Unstitched Formal 3 piece,Ladies Unstitched Formal 3 piece,Alkaram,https://alkaramstudio.com/products/3-pc-embroidered-suit-with-poly-net-dupatta,yes
alkaram-rts-shirt-trouser-dupatta-ec343-3p26a-light-blue,Alkaram · Ladies Unstitched 3 piece,,Alkaram,Ladies Unstitched,"brand:Alkaram, gender:ladies, unstitched, pieces:3",FALSE,Title,Default Title,KJC-LU-ALK-10157,shopify,0,deny,manual,4790.00,,TRUE,TRUE,https://cdn.shopify.com/s/files/1/0623/6481/1444/files/EC343-3P26A-Light_Blue-2_8a442eea-e157-498d-96f3-d776703687a8.jpg?v=1787051429,1,Ladies Unstitched 3 piece,draft,,3 piece,,,Alkaram · Ladies Unstitched 3 piece,Ladies Unstitched 3 piece,Alkaram,https://alkaramstudio.com/products/rts-shirt-trouser-dupatta-ec343-3p26a-light-blue,yes
alkaram-rts-shirt-trouser-dupatta-ec341-3p26b-lilac,Alkaram · Ladies Unstitched 3 piece,,Alkaram,Ladies Unstitched,"brand:Alkaram, gender:ladies, unstitched, pieces:3",FALSE,Title,Default Title,KJC-LU-ALK-10158,shopify,0,deny,manual,4790.00,,TRUE,TRUE,https://cdn.shopify.com/s/files/1/0623/6481/1444/files/EC341-3P26B-Lilac-1_3acd7f01-ea01-49bf-b14f-8178eea60663.jpg?v=1787051428,1,Ladies Unstitched 3 piece,draft,,3 piece,,,Alkaram · Ladies Unstitched 3 piece,Ladies Unstitched 3 piece,Alkaram,https://alkaramstudio.com/products/rts-shirt-trouser-dupatta-ec341-3p26b-lilac,yes
alkaram-rts-shirt-trouser-dupatta-ec341-3p26a-green,Alkaram · Ladies Unstitched 3 piece,,Alkaram,Ladies Unstitched,"brand:Alkaram, gender:ladies, unstitched, pieces:3",FALSE,Title,Default Title,KJC-LU-ALK-10159,shopify,0,deny,manual,4790.00,,TRUE,TRUE,https://cdn.shopify.com/s/files/1/0623/6481/1444/files/EC341-3P26A-Green-1_09803425-0f55-4ad8-b004-e61e15561153.jpg?v=1787051429,1,Ladies Unstitched 3 piece,draft,,3 piece,,,Alkaram · Ladies Unstitched 3 piece,Ladies Unstitched 3 piece,Alkaram,https://alkaramstudio.com/products/rts-shirt-trouser-dupatta-ec341-3p26a-green,yes
alkaram-rts-shirt-trouser-dupatta-ec339-3p26b-mustard,Alkaram · Ladies Unstitched 3 piece,,Alkaram,Ladies Unstitched,"brand:Alkaram, gender:ladies, unstitched, pieces:3",FALSE,Title,Default Title,KJC-LU-ALK-10160,shopify,0,deny,manual,5190.00,,TRUE,TRUE,https://cdn.shopify.com/s/files/1/0623/6481/1444/files/EC339-3P26B-Mustard-1_fa528036-63b9-483d-9c67-65bb9d5cafb3.jpg?v=1787051428,1,Ladies Unstitched 3 piece,draft,,3 piece,,,Alkaram · Ladies Unstitched 3 piece,Ladies Unstitched 3 piece,Alkaram,https://alkaramstudio.com/products/rts-shirt-trouser-dupatta-ec339-3p26b-mustard,yes
alkaram-rts-shirt-trouser-dupatta-ec337-3p26-blue,Alkaram · Ladies Unstitched 3 piece,,Alkaram,Ladies Unstitched,"brand:Alkaram, gender:ladies, unstitched, pieces:3",FALSE,Title,Default Title,KJC-LU-ALK-10161,shopify,0,deny,manual,4790.00,,TRUE,TRUE,https://cdn.shopify.com/s/files/1/0623/6481/1444/files/EC337-3P26-Blue-1_129ca71c-9106-4f32-8596-8b2788c2cced.jpg?v=1787051429,1,Ladies Unstitched 3 piece,draft,,3 piece,,,Alkaram · Ladies Unstitched 3 piece,Ladies Unstitched 3 piece,Alkaram,https://alkaramstudio.com/products/rts-shirt-trouser-dupatta-ec337-3p26-blue,yes
alkaram-rts-shirt-trouser-dupatta-ec336-3p26-grey,Alkaram · Ladies Unstitched 3 piece,,Alkaram,Ladies Unstitched,"brand:Alkaram, gender:ladies, unstitched, pieces:3",FALSE,Title,Default Title,KJC-LU-ALK-10162,shopify,0,deny,manual,4790.00,,TRUE,TRUE,https://cdn.shopify.com/s/files/1/0623/6481/1444/files/EC336-3P26-Grey-1_8128bcea-b20f-4d6d-951b-da0e238362e9.jpg?v=1787051428,1,Ladies Unstitched 3 piece,draft,,3 piece,,,Alkaram · Ladies Unstitched 3 piece,Ladies Unstitched 3 piece,Alkaram,https://alkaramstudio.com/products/rts-shirt-trouser-dupatta-ec336-3p26-grey,yes
alkaram-rts-shirt-trouser-dupatta-ec335-3p26-b-rust,Alkaram · Ladies Unstitched 3 piece,,Alkaram,Ladies Unstitched,"brand:Alkaram, gender:ladies, unstitched, pieces:3",FALSE,Title,Default Title,KJC-LU-ALK-10163,shopify,0,deny,manual,4790.00,,TRUE,TRUE,https://cdn.shopify.com/s/files/1/0623/6481/1444/files/EC335-3P26B-Rust-2_e667178c-1a75-4e83-bafe-34c1c1f94c7b.jpg?v=1787222773,1,Ladies Unstitched 3 piece,draft,,3 piece,,,Alkaram · Ladies Unstitched 3 piece,Ladies Unstitched 3 piece,Alkaram,https://alkaramstudio.com/products/rts-shirt-trouser-dupatta-ec335-3p26-b-rust,yes
alkaram-rts-shirt-trouser-dupatta-ec335-3p26-green,Alkaram · Ladies Unstitched 3 piece,,Alkaram,Ladies Unstitched,"brand:Alkaram, gender:ladies, unstitched, pieces:3",FALSE,Title,Default Title,KJC-LU-ALK-10164,shopify,0,deny,manual,4790.00,,TRUE,TRUE,https://cdn.shopify.com/s/files/1/0623/6481/1444/files/EC335-3P26A-Green-2_098f67bc-b295-48c8-8af3-900312c70df0.jpg?v=1787051427,1,Ladies Unstitched 3 piece,draft,,3 piece,,,Alkaram · Ladies Unstitched 3 piece,Ladies Unstitched 3 piece,Alkaram,https://alkaramstudio.com/products/rts-shirt-trouser-dupatta-ec335-3p26-green,yes
alkaram-rts-shirt-trouser-dupatta-ec334-3p26-blue,Alkaram · Ladies Unstitched 3 piece,,Alkaram,Ladies Unstitched,"brand:Alkaram, gender:ladies, unstitched, pieces:3",FALSE,Title,Default Title,KJC-LU-ALK-10165,shopify,0,deny,manual,5190.00,,TRUE,TRUE,https://cdn.shopify.com/s/files/1/0623/6481/1444/files/EC334-3P26-Blue-2_c968dad6-216d-4f25-b9f0-8e00da81354e.jpg?v=1787051428,1,Ladies Unstitched 3 piece,draft,,3 piece,,,Alkaram · Ladies Unstitched 3 piece,Ladies Unstitched 3 piece,Alkaram,https://alkaramstudio.com/products/rts-shirt-trouser-dupatta-ec334-3p26-blue,yes
alkaram-rts-shirt-trouser-dupatta-ec333-3p26-peach,Alkaram · Ladies Unstitched 3 piece,,Alkaram,Ladies Unstitched,"brand:Alkaram, gender:ladies, unstitched, pieces:3",FALSE,Title,Default Title,KJC-LU-ALK-10166,shopify,0,deny,manual,4790.00,,TRUE,TRUE,https://cdn.shopify.com/s/files/1/0623/6481/1444/files/EC333-3P26-Peach-2_2df93632-27d3-41dd-ab51-01240f24f647.jpg?v=1787051427,1,Ladies Unstitched 3 piece,draft,,3 piece,,,Alkaram · Ladies Unstitched 3 piece,Ladies Unstitched 3 piece,Alkaram,https://alkaramstudio.com/products/rts-shirt-trouser-dupatta-ec333-3p26-peach,yes
alkaram-rts-shirt-trouser-dupatta-ec332-3p26-grey,Alkaram · Ladies Unstitched 3 piece,,Alkaram,Ladies Unstitched,"brand:Alkaram, gender:ladies, unstitched, pieces:3",FALSE,Title,Default Title,KJC-LU-ALK-10167,shopify,0,deny,manual,4790.00,,TRUE,TRUE,https://cdn.shopify.com/s/files/1/0623/6481/1444/files/EC332-3P26-Grey-2_5e9daff0-45d3-4881-a16f-8dfa8b07e655.jpg?v=1787051428,1,Ladies Unstitched 3 piece,draft,,3 piece,,,Alkaram · Ladies Unstitched 3 piece,Ladies Unstitched 3 piece,Alkaram,https://alkaramstudio.com/products/rts-shirt-trouser-dupatta-ec332-3p26-grey,yes
alkaram-rts-shirt-trouser-dupatta-ec331-3p26-blue,Alkaram · Ladies Unstitched 3 piece,,Alkaram,Ladies Unstitched,"brand:Alkaram, gender:ladies, unstitched, pieces:3",FALSE,Title,Default Title,KJC-LU-ALK-10168,shopify,0,deny,manual,5990.00,,TRUE,TRUE,https://cdn.shopify.com/s/files/1/0623/6481/1444/files/EC331-3P26-Blue-2_3798e10f-d395-4110-ad0f-cd8d888e47e5.jpg?v=1787051428,1,Ladies Unstitched 3 piece,draft,,3 piece,,,Alkaram · Ladies Unstitched 3 piece,Ladies Unstitched 3 piece,Alkaram,https://alkaramstudio.com/products/rts-shirt-trouser-dupatta-ec331-3p26-blue,yes
alkaram-rts-shirt-trouser-dupatta-ec329-3p26-blue,Alkaram · Ladies Unstitched 3 piece,,Alkaram,Ladies Unstitched,"brand:Alkaram, gender:ladies, unstitched, pieces:3",FALSE,Title,Default Title,KJC-LU-ALK-10169,shopify,0,deny,manual,5690.00,,TRUE,TRUE,https://cdn.shopify.com/s/files/1/0623/6481/1444/files/EC329-3P26-Blue-2_7adb9365-08e8-4ee9-bc4d-c95b7f560c90.jpg?v=1787051427,1,Ladies Unstitched 3 piece,draft,,3 piece,,,Alkaram · Ladies Unstitched 3 piece,Ladies Unstitched 3 piece,Alkaram,https://alkaramstudio.com/products/rts-shirt-trouser-dupatta-ec329-3p26-blue,yes
alkaram-rts-shirt-trouser-bd275-2p26-peach,Alkaram · Ladies Unstitched Casual 2 piece,,Alkaram,Ladies Unstitched,"brand:Alkaram, gender:ladies, unstitched, pieces:2, type:Casual",FALSE,Title,Default Title,KJC-LU-ALK-10170,shopify,0,deny,manual,2790.00,,TRUE,TRUE,https://cdn.shopify.com/s/files/1/0623/6481/1444/files/BD275-2P26-Peach-1.jpg?v=1787051420,1,Ladies Unstitched Casual 2 piece,draft,,2 piece,Casual,,Alkaram · Ladies Unstitched Casual 2 piece,Ladies Unstitched Casual 2 piece,Alkaram,https://alkaramstudio.com/products/rts-shirt-trouser-bd275-2p26-peach,yes
alkaram-rts-shirt-trouser-bd274-2p26-light-blue,Alkaram · Ladies Unstitched Casual 2 piece,,Alkaram,Ladies Unstitched,"brand:Alkaram, gender:ladies, unstitched, pieces:2, type:Casual",FALSE,Title,Default Title,KJC-LU-ALK-10171,shopify,0,deny,manual,3090.00,,TRUE,TRUE,https://cdn.shopify.com/s/files/1/0623/6481/1444/files/BD274-2P26-Light_Blue-1.jpg?v=1787051422,1,Ladies Unstitched Casual 2 piece,draft,,2 piece,Casual,,Alkaram · Ladies Unstitched Casual 2 piece,Ladies Unstitched Casual 2 piece,Alkaram,https://alkaramstudio.com/products/rts-shirt-trouser-bd274-2p26-light-blue,yes
alkaram-rts-shirt-trouser-bd272-2p26-red,Alkaram · Ladies Unstitched Casual 2 piece,,Alkaram,Ladies Unstitched,"brand:Alkaram, gender:ladies, unstitched, pieces:2, type:Casual",FALSE,Title,Default Title,KJC-LU-ALK-10172,shopify,0,deny,manual,3090.00,,TRUE,TRUE,https://cdn.shopify.com/s/files/1/0623/6481/1444/files/BD272-2P26-Red-1.jpg?v=1787051421,1,Ladies Unstitched Casual 2 piece,draft,,2 piece,Casual,,Alkaram · Ladies Unstitched Casual 2 piece,Ladies Unstitched Casual 2 piece,Alkaram,https://alkaramstudio.com/products/rts-shirt-trouser-bd272-2p26-red,yes
alkaram-rts-shirt-trouser-bd271-2p26-beige,Alkaram · Ladies Unstitched Casual 2 piece,,Alkaram,Ladies Unstitched,"brand:Alkaram, gender:ladies, unstitched, pieces:2, type:Casual",FALSE,Title,Default Title,KJC-LU-ALK-10173,shopify,0,deny,manual,3090.00,,TRUE,TRUE,https://cdn.shopify.com/s/files/1/0623/6481/1444/files/BD271-2P26-Beige-1.jpg?v=1787051420,1,Ladies Unstitched Casual 2 piece,draft,,2 piece,Casual,,Alkaram · Ladies Unstitched Casual 2 piece,Ladies Unstitched Casual 2 piece,Alkaram,https://alkaramstudio.com/products/rts-shirt-trouser-bd271-2p26-beige,yes
alkaram-rts-shirt-dupatta-br260-2p26-black,Alkaram · Ladies Unstitched Casual 2 piece,,Alkaram,Ladies Unstitched,"brand:Alkaram, gender:ladies, unstitched, pieces:2, type:Casual",FALSE,Title,Default Title,KJC-LU-ALK-10174,shopify,0,deny,manual,2790.00,,TRUE,TRUE,https://cdn.shopify.com/s/files/1/0623/6481/1444/files/BR260-2P26-Black-1.jpg?v=1787051421,1,Ladies Unstitched Casual 2 piece,draft,,2 piece,Casual,,Alkaram · Ladies Unstitched Casual 2 piece,Ladies Unstitched Casual 2 piece,Alkaram,https://alkaramstudio.com/products/rts-shirt-dupatta-br260-2p26-black,yes
alkaram-rts-shirt-dupatta-bd266-2p26-light-pink,Alkaram · Ladies Unstitched Casual 2 piece,,Alkaram,Ladies Unstitched,"brand:Alkaram, gender:ladies, unstitched, pieces:2, type:Casual",FALSE,Title,Default Title,KJC-LU-ALK-10175,shopify,0,deny,manual,3090.00,,TRUE,TRUE,https://cdn.shopify.com/s/files/1/0623/6481/1444/files/BD266-2P26-Light_Pink-1.jpg?v=1787051422,1,Ladies Unstitched Casual 2 piece,draft,,2 piece,Casual,,Alkaram · Ladies Unstitched Casual 2 piece,Ladies Unstitched Casual 2 piece,Alkaram,https://alkaramstudio.com/products/rts-shirt-dupatta-bd266-2p26-light-pink,yes
alkaram-rts-shirt-bd258-26-pink,Alkaram · Ladies Unstitched Casual 1 piece,,Alkaram,Ladies Unstitched,"brand:Alkaram, gender:ladies, unstitched, pieces:1, type:Casual",FALSE,Title,Default Title,KJC-LU-ALK-10176,shopify,0,deny,manual,1690.00,,TRUE,TRUE,https://cdn.shopify.com/s/files/1/0623/6481/1444/files/BD258-26-Pink-1.jpg?v=1787051421,1,Ladies Unstitched Casual 1 piece,draft,,1 piece,Casual,,Alkaram · Ladies Unstitched Casual 1 piece,Ladies Unstitched Casual 1 piece,Alkaram,https://alkaramstudio.com/products/rts-shirt-bd258-26-pink,yes
alkaram-rts-shirt-bd257-26-blue,Alkaram · Ladies Unstitched Casual 1 piece,,Alkaram,Ladies Unstitched,"brand:Alkaram, gender:ladies, unstitched, pieces:1, type:Casual",FALSE,Title,Default Title,KJC-LU-ALK-10177,shopify,0,deny,manual,1690.00,,TRUE,TRUE,https://cdn.shopify.com/s/files/1/0623/6481/1444/files/BD257-26-Blue-1.jpg?v=1787051422,1,Ladies Unstitched Casual 1 piece,draft,,1 piece,Casual,,Alkaram · Ladies Unstitched Casual 1 piece,Ladies Unstitched Casual 1 piece,Alkaram,https://alkaramstudio.com/products/rts-shirt-bd257-26-blue,yes
alkaram-rts-trouser-bt-4-navy-blue,Alkaram · Ladies Unstitched Casual 1 piece,,Alkaram,Ladies Unstitched,"brand:Alkaram, gender:ladies, unstitched, pieces:1, type:Casual",FALSE,Title,Default Title,KJC-LU-ALK-10178,shopify,0,deny,manual,833.00,1190.00,TRUE,TRUE,https://cdn.shopify.com/s/files/1/0623/6481/1444/files/A132419380.jpg?v=1785838560,1,Ladies Unstitched Casual 1 piece,draft,,1 piece,Casual,,Alkaram · Ladies Unstitched Casual 1 piece,Ladies Unstitched Casual 1 piece,Alkaram,https://alkaramstudio.com/products/rts-trouser-bt-4-navy-blue,yes
alkaram-rts-shirt-trouser-dupatta-ec327-3p26-beige,Alkaram · Ladies Unstitched 3 piece,,Alkaram,Ladies Unstitched,"brand:Alkaram, gender:ladies, unstitched, pieces:3",FALSE,Title,Default Title,KJC-LU-ALK-10179,shopify,0,deny,manual,5690.00,,TRUE,TRUE,https://cdn.shopify.com/s/files/1/0623/6481/1444/files/EC327-3P26-Beige-1_0a06967a-d51a-468a-b3c8-5c12d5998f63.jpg?v=1788859959,1,Ladies Unstitched 3 piece,draft,,3 piece,,,Alkaram · Ladies Unstitched 3 piece,Ladies Unstitched 3 piece,Alkaram,https://alkaramstudio.com/products/rts-shirt-trouser-dupatta-ec327-3p26-beige,yes
alkaram-rts-shirt-trouser-dupatta-ec345-3p26b-beige,Alkaram · Ladies Unstitched Lawn 3 piece,,Alkaram,Ladies Unstitched,"brand:Alkaram, gender:ladies, unstitched, fabric:Lawn, pieces:3",FALSE,Title,Default Title,KJC-LU-ALK-10180,shopify,0,deny,manual,4790.00,,TRUE,TRUE,https://cdn.shopify.com/s/files/1/0623/6481/1444/files/EC345-3P26B-Beige-1.jpg?v=1783340569,1,Ladies Unstitched Lawn 3 piece,draft,Lawn,3 piece,,,Alkaram · Ladies Unstitched Lawn 3 piece,Ladies Unstitched Lawn 3 piece,Alkaram,https://alkaramstudio.com/products/rts-shirt-trouser-dupatta-ec345-3p26b-beige,yes
alkaram-rts-shirt-trouser-dupatta-ec345-3p26a-pink,Alkaram · Ladies Unstitched Lawn 3 piece,,Alkaram,Ladies Unstitched,"brand:Alkaram, gender:ladies, unstitched, fabric:Lawn, pieces:3",FALSE,Title,Default Title,KJC-LU-ALK-10181,shopify,0,deny,manual,4790.00,,TRUE,TRUE,https://cdn.shopify.com/s/files/1/0623/6481/1444/files/EC345-3P26A-Pink-1.jpg?v=1783340567,1,Ladies Unstitched Lawn 3 piece,draft,Lawn,3 piece,,,Alkaram · Ladies Unstitched Lawn 3 piece,Ladies Unstitched Lawn 3 piece,Alkaram,https://alkaramstudio.com/products/rts-shirt-trouser-dupatta-ec345-3p26a-pink,yes
alkaram-rts-shirt-trouser-dupatta-ec344-3p26b-dark-blue,Alkaram · Ladies Unstitched Lawn 3 piece,,Alkaram,Ladies Unstitched,"brand:Alkaram, gender:ladies, unstitched, fabric:Lawn, pieces:3",FALSE,Title,Default Title,KJC-LU-ALK-10182,shopify,0,deny,manual,4790.00,,TRUE,TRUE,https://cdn.shopify.com/s/files/1/0623/6481/1444/files/EC344-3P26B-Dark_Blue-1.jpg?v=1783340567,1,Ladies Unstitched Lawn 3 piece,draft,Lawn,3 piece,,,Alkaram · Ladies Unstitched Lawn 3 piece,Ladies Unstitched Lawn 3 piece,Alkaram,https://alkaramstudio.com/products/rts-shirt-trouser-dupatta-ec344-3p26b-dark-blue,yes
alkaram-rts-shirt-trouser-dupatta-ec344-3p26a-yellow,Alkaram · Ladies Unstitched 3 piece,,Alkaram,Ladies Unstitched,"brand:Alkaram, gender:ladies, unstitched, pieces:3",FALSE,Title,Default Title,KJC-LU-ALK-10183,shopify,0,deny,manual,4790.00,,TRUE,TRUE,https://cdn.shopify.com/s/files/1/0623/6481/1444/files/EC344-3P26A-Yellow-1.jpg?v=1783340567,1,Ladies Unstitched 3 piece,draft,,3 piece,,,Alkaram · Ladies Unstitched 3 piece,Ladies Unstitched 3 piece,Alkaram,https://alkaramstudio.com/products/rts-shirt-trouser-dupatta-ec344-3p26a-yellow,yes
alkaram-rts-shirt-trouser-dupatta-ec342-3p26b-white,Alkaram · Ladies Unstitched Lawn 3 piece,,Alkaram,Ladies Unstitched,"brand:Alkaram, gender:ladies, unstitched, fabric:Lawn, pieces:3",FALSE,Title,Default Title,KJC-LU-ALK-10184,shopify,0,deny,manual,4790.00,,TRUE,TRUE,https://cdn.shopify.com/s/files/1/0623/6481/1444/files/EC342-3P26B-White-1.jpg_1.jpg?v=1787556505,1,Ladies Unstitched Lawn 3 piece,draft,Lawn,3 piece,,,Alkaram · Ladies Unstitched Lawn 3 piece,Ladies Unstitched Lawn 3 piece,Alkaram,https://alkaramstudio.com/products/rts-shirt-trouser-dupatta-ec342-3p26b-white,yes
alkaram-rts-shirt-trouser-dupatta-ec342-3p26a-purple,Alkaram · Ladies Unstitched Lawn 3 piece,,Alkaram,Ladies Unstitched,"brand:Alkaram, gender:ladies, unstitched, fabric:Lawn, pieces:3",FALSE,Title,Default Title,KJC-LU-ALK-10185,shopify,0,deny,manual,4790.00,,TRUE,TRUE,https://cdn.shopify.com/s/files/1/0623/6481/1444/files/EC342-3P26A-Purple-1.jpg?v=1783340567,1,Ladies Unstitched Lawn 3 piece,draft,Lawn,3 piece,,,Alkaram · Ladies Unstitched Lawn 3 piece,Ladies Unstitched Lawn 3 piece,Alkaram,https://alkaramstudio.com/products/rts-shirt-trouser-dupatta-ec342-3p26a-purple,yes
alkaram-rts-shirt-trouser-dupatta-ec340-3p26b-blue,Alkaram · Ladies Unstitched Lawn 3 piece,,Alkaram,Ladies Unstitched,"brand:Alkaram, gender:ladies, unstitched, fabric:Lawn, pieces:3",FALSE,Title,Default Title,KJC-LU-ALK-10186,shopify,0,deny,manual,4790.00,,TRUE,TRUE,https://cdn.shopify.com/s/files/1/0623/6481/1444/files/EC340-3P26B-Blue-1.jpg?v=1783340569,1,Ladies Unstitched Lawn 3 piece,draft,Lawn,3 piece,,,Alkaram · Ladies Unstitched Lawn 3 piece,Ladies Unstitched Lawn 3 piece,Alkaram,https://alkaramstudio.com/products/rts-shirt-trouser-dupatta-ec340-3p26b-blue,yes
alkaram-rts-shirt-trouser-dupatta-ec340-3p26a-beige,Alkaram · Ladies Unstitched 3 piece,,Alkaram,Ladies Unstitched,"brand:Alkaram, gender:ladies, unstitched, pieces:3",FALSE,Title,Default Title,KJC-LU-ALK-10187,shopify,0,deny,manual,4790.00,,TRUE,TRUE,https://cdn.shopify.com/s/files/1/0623/6481/1444/files/EC340-3P26A-Beige-1.jpg?v=1783340569,1,Ladies Unstitched 3 piece,draft,,3 piece,,,Alkaram · Ladies Unstitched 3 piece,Ladies Unstitched 3 piece,Alkaram,https://alkaramstudio.com/products/rts-shirt-trouser-dupatta-ec340-3p26a-beige,yes
alkaram-rts-shirt-trouser-dupatta-ec339-3p26a-red,Alkaram · Ladies Unstitched Lawn 3 piece,,Alkaram,Ladies Unstitched,"brand:Alkaram, gender:ladies, unstitched, fabric:Lawn, pieces:3",FALSE,Title,Default Title,KJC-LU-ALK-10188,shopify,0,deny,manual,5190.00,,TRUE,TRUE,https://cdn.shopify.com/s/files/1/0623/6481/1444/files/EC339-3P26A-Red-1.jpg?v=1783340568,1,Ladies Unstitched Lawn 3 piece,draft,Lawn,3 piece,,,Alkaram · Ladies Unstitched Lawn 3 piece,Ladies Unstitched Lawn 3 piece,Alkaram,https://alkaramstudio.com/products/rts-shirt-trouser-dupatta-ec339-3p26a-red,yes
alkaram-rts-shirt-trouser-dupatta-ec338-3p26-peach,Alkaram · Ladies Unstitched Lawn 3 piece,,Alkaram,Ladies Unstitched,"brand:Alkaram, gender:ladies, unstitched, fabric:Lawn, pieces:3",FALSE,Title,Default Title,KJC-LU-ALK-10189,shopify,0,deny,manual,5190.00,,TRUE,TRUE,https://cdn.shopify.com/s/files/1/0623/6481/1444/files/EC338-3P26-Peach-1.jpg?v=1783340567,1,Ladies Unstitched Lawn 3 piece,draft,Lawn,3 piece,,,Alkaram · Ladies Unstitched Lawn 3 piece,Ladies Unstitched Lawn 3 piece,Alkaram,https://alkaramstudio.com/products/rts-shirt-trouser-dupatta-ec338-3p26-peach,yes
alkaram-rts-shirt-trouser-dupatta-ec154-26-2-lilac,Alkaram · Ladies Unstitched 3 piece,,Alkaram,Ladies Unstitched,"brand:Alkaram, gender:ladies, unstitched, pieces:3",FALSE,Title,Default Title,KJC-LU-ALK-10190,shopify,0,deny,manual,5690.00,,TRUE,TRUE,https://cdn.shopify.com/s/files/1/0623/6481/1444/files/EC154-26-2-Lilac-1.jpg?v=1782976114,1,Ladies Unstitched 3 piece,draft,,3 piece,,,Alkaram · Ladies Unstitched 3 piece,Ladies Unstitched 3 piece,Alkaram,https://alkaramstudio.com/products/rts-shirt-trouser-dupatta-ec154-26-2-lilac,yes
alkaram-rts-shirt-trouser-dupatta-sf-35-26-2-brown,Alkaram · Ladies Unstitched Formal 3 piece,,Alkaram,Ladies Unstitched,"brand:Alkaram, gender:ladies, unstitched, pieces:3, type:Formal",FALSE,Title,Default Title,KJC-LU-ALK-10191,shopify,0,deny,manual,8990.00,,TRUE,TRUE,https://cdn.shopify.com/s/files/1/0623/6481/1444/files/SF-35-26-2-Brown-1.jpg?v=1778567116,1,Ladies Unstitched Formal 3 piece,draft,,3 piece,Formal,,Alkaram · Ladies Unstitched Formal 3 piece,Ladies Unstitched Formal 3 piece,Alkaram,https://alkaramstudio.com/products/rts-shirt-trouser-dupatta-sf-35-26-2-brown,yes
alkaram-rts-shirt-trouser-dupatta-sf-33-26-2-purple,Alkaram · Ladies Unstitched Formal 3 piece,,Alkaram,Ladies Unstitched,"brand:Alkaram, gender:ladies, unstitched, pieces:3, type:Formal",FALSE,Title,Default Title,KJC-LU-ALK-10192,shopify,0,deny,manual,8990.00,,TRUE,TRUE,https://cdn.shopify.com/s/files/1/0623/6481/1444/files/SF-33-26-2-Purple-1.jpg?v=1780381123,1,Ladies Unstitched Formal 3 piece,draft,,3 piece,Formal,,Alkaram · Ladies Unstitched Formal 3 piece,Ladies Unstitched Formal 3 piece,Alkaram,https://alkaramstudio.com/products/rts-shirt-trouser-dupatta-sf-33-26-2-purple,yes
alkaram-rts-shirt-trouser-dupatta-sf-32-26-2-dark-green,Alkaram · Ladies Unstitched Formal 3 piece,,Alkaram,Ladies Unstitched,"brand:Alkaram, gender:ladies, unstitched, pieces:3, type:Formal",FALSE,Title,Default Title,KJC-LU-ALK-10193,shopify,0,deny,manual,8990.00,,TRUE,TRUE,https://cdn.shopify.com/s/files/1/0623/6481/1444/files/SF-32-26-2-DarkGreen-1.jpg?v=1780380846,1,Ladies Unstitched Formal 3 piece,draft,,3 piece,Formal,,Alkaram · Ladies Unstitched Formal 3 piece,Ladies Unstitched Formal 3 piece,Alkaram,https://alkaramstudio.com/products/rts-shirt-trouser-dupatta-sf-32-26-2-dark-green,yes
alkaram-rts-shirt-trouser-dupatta-sf-31-26-2-rust,Alkaram · Ladies Unstitched Formal 3 piece,,Alkaram,Ladies Unstitched,"brand:Alkaram, gender:ladies, unstitched, pieces:3, type:Formal",FALSE,Title,Default Title,KJC-LU-ALK-10194,shopify,0,deny,manual,8990.00,,TRUE,TRUE,https://cdn.shopify.com/s/files/1/0623/6481/1444/files/SF-31-26-2-Rust-1.jpg?v=1780380997,1,Ladies Unstitched Formal 3 piece,draft,,3 piece,Formal,,Alkaram · Ladies Unstitched Formal 3 piece,Ladies Unstitched Formal 3 piece,Alkaram,https://alkaramstudio.com/products/rts-shirt-trouser-dupatta-sf-31-26-2-rust,yes
alkaram-rts-shirt-trouser-dupatta-sf-29-26-2-peach,Alkaram · Ladies Unstitched Formal 3 piece,,Alkaram,Ladies Unstitched,"brand:Alkaram, gender:ladies, unstitched, pieces:3, type:Formal",FALSE,Title,Default Title,KJC-LU-ALK-10195,shopify,0,deny,manual,6293.00,8990.00,TRUE,TRUE,https://cdn.shopify.com/s/files/1/0623/6481/1444/files/SF-29-26-2-Peach-1.jpg?v=1778567116,1,Ladies Unstitched Formal 3 piece,draft,,3 piece,Formal,,Alkaram · Ladies Unstitched Formal 3 piece,Ladies Unstitched Formal 3 piece,Alkaram,https://alkaramstudio.com/products/rts-shirt-trouser-dupatta-sf-29-26-2-peach,yes
alkaram-rts-shirt-trouser-dupatta-sf-24-26-2-yellow,Alkaram · Ladies Unstitched Formal 3 piece,,Alkaram,Ladies Unstitched,"brand:Alkaram, gender:ladies, unstitched, pieces:3, type:Formal",FALSE,Title,Default Title,KJC-LU-ALK-10196,shopify,0,deny,manual,8990.00,,TRUE,TRUE,https://cdn.shopify.com/s/files/1/0623/6481/1444/files/SF-24-26-2-Yellow-1.jpg?v=1778567116,1,Ladies Unstitched Formal 3 piece,draft,,3 piece,Formal,,Alkaram · Ladies Unstitched Formal 3 piece,Ladies Unstitched Formal 3 piece,Alkaram,https://alkaramstudio.com/products/rts-shirt-trouser-dupatta-sf-24-26-2-yellow,yes
alkaram-rts-shirt-trouser-dupatta-sf-22-26-2-black,Alkaram · Ladies Unstitched Formal 3 piece,,Alkaram,Ladies Unstitched,"brand:Alkaram, gender:ladies, unstitched, pieces:3, type:Formal",FALSE,Title,Default Title,KJC-LU-ALK-10197,shopify,0,deny,manual,8990.00,,TRUE,TRUE,https://cdn.shopify.com/s/files/1/0623/6481/1444/files/SF-22-26-2-Black-1.jpg?v=1778567116,1,Ladies Unstitched Formal 3 piece,draft,,3 piece,Formal,,Alkaram · Ladies Unstitched Formal 3 piece,Ladies Unstitched Formal 3 piece,Alkaram,https://alkaramstudio.com/products/rts-shirt-trouser-dupatta-sf-22-26-2-black,yes
alkaram-rts-shirt-trouser-dupatta-sf-18-26-2-powder-pink,Alkaram · Ladies Unstitched Formal 3 piece,,Alkaram,Ladies Unstitched,"brand:Alkaram, gender:ladies, unstitched, pieces:3, type:Formal",FALSE,Title,Default Title,KJC-LU-ALK-10198,shopify,0,deny,manual,8990.00,,TRUE,TRUE,https://cdn.shopify.com/s/files/1/0623/6481/1444/files/SF-18-26-2-Powder_Pink-1.jpg?v=1778567116,1,Ladies Unstitched Formal 3 piece,draft,,3 piece,Formal,,Alkaram · Ladies Unstitched Formal 3 piece,Ladies Unstitched Formal 3 piece,Alkaram,https://alkaramstudio.com/products/rts-shirt-trouser-dupatta-sf-18-26-2-powder-pink,yes
alkaram-rts-shirt-trouser-dupatta-sf-15-26-2-butter-yellow,Alkaram · Ladies Unstitched Formal 3 piece,,Alkaram,Ladies Unstitched,"brand:Alkaram, gender:ladies, unstitched, pieces:3, type:Formal",FALSE,Title,Default Title,KJC-LU-ALK-10199,shopify,0,deny,manual,8990.00,,TRUE,TRUE,https://cdn.shopify.com/s/files/1/0623/6481/1444/files/SF-15-26-2-Butter_Yellow-1.jpg?v=1778567116,1,Ladies Unstitched Formal 3 piece,draft,,3 piece,Formal,,Alkaram · Ladies Unstitched Formal 3 piece,Ladies Unstitched Formal 3 piece,Alkaram,https://alkaramstudio.com/products/rts-shirt-trouser-dupatta-sf-15-26-2-butter-yellow,yes
alkaram-rts-shirt-trouser-dupatta-sf-14-26-2-pink,Alkaram · Ladies Unstitched Formal 3 piece,,Alkaram,Ladies Unstitched,"brand:Alkaram, gender:ladies, unstitched, pieces:3, type:Formal",FALSE,Title,Default Title,KJC-LU-ALK-10200,shopify,0,deny,manual,8990.00,,TRUE,TRUE,https://cdn.shopify.com/s/files/1/0623/6481/1444/files/SF-14-26-2-Pink-1.jpg?v=1778567116,1,Ladies Unstitched Formal 3 piece,draft,,3 piece,Formal,,Alkaram · Ladies Unstitched Formal 3 piece,Ladies Unstitched Formal 3 piece,Alkaram,https://alkaramstudio.com/products/rts-shirt-trouser-dupatta-sf-14-26-2-pink,yes
alkaram-rts-shirt-trouser-dupatta-sf-10-26-2-peacock-green,Alkaram · Ladies Unstitched Formal 3 piece,,Alkaram,Ladies Unstitched,"brand:Alkaram, gender:ladies, unstitched, pieces:3, type:Formal",FALSE,Title,Default Title,KJC-LU-ALK-10201,shopify,0,deny,manual,8990.00,,TRUE,TRUE,https://cdn.shopify.com/s/files/1/0623/6481/1444/files/SF-10-26-2-Peacock_Green-1.jpg?v=1778567116,1,Ladies Unstitched Formal 3 piece,draft,,3 piece,Formal,,Alkaram · Ladies Unstitched Formal 3 piece,Ladies Unstitched Formal 3 piece,Alkaram,https://alkaramstudio.com/products/rts-shirt-trouser-dupatta-sf-10-26-2-peacock-green,yes
alkaram-rts-shirt-trouser-bd116-26-2-beige,Alkaram · Ladies Unstitched Casual Lawn 2 piece,,Alkaram,Ladies Unstitched,"brand:Alkaram, gender:ladies, unstitched, fabric:Lawn, pieces:2, type:Casual, colour:Silver",FALSE,Title,Default Title,KJC-LU-ALK-10202,shopify,0,deny,manual,1953.00,2790.00,TRUE,TRUE,https://cdn.shopify.com/s/files/1/0623/6481/1444/files/BD116-26-2-Beige-1.jpg?v=1776935342,1,Ladies Unstitched Casual Lawn 2 piece,draft,Lawn,2 piece,Casual,Silver,Alkaram · Ladies Unstitched Casual Lawn 2 piece,Ladies Unstitched Casual Lawn 2 piece,Alkaram,https://alkaramstudio.com/products/rts-shirt-trouser-bd116-26-2-beige,yes
alkaram-rts-shirt-trouser-bd114-26-2-cream,Alkaram · Ladies Unstitched Casual Lawn 2 piece,,Alkaram,Ladies Unstitched,"brand:Alkaram, gender:ladies, unstitched, fabric:Lawn, pieces:2, type:Casual, colour:Silver",FALSE,Title,Default Title,KJC-LU-ALK-10203,shopify,0,deny,manual,1953.00,2790.00,TRUE,TRUE,https://cdn.shopify.com/s/files/1/0623/6481/1444/files/BD114-26-2-Cream-1.jpg?v=1776935342,1,Ladies Unstitched Casual Lawn 2 piece,draft,Lawn,2 piece,Casual,Silver,Alkaram · Ladies Unstitched Casual Lawn 2 piece,Ladies Unstitched Casual Lawn 2 piece,Alkaram,https://alkaramstudio.com/products/rts-shirt-trouser-bd114-26-2-cream,yes
alkaram-rts-shirt-dupatta-bd102-p26-2-light-blue,Alkaram · Ladies Unstitched Casual Lawn 2 piece,,Alkaram,Ladies Unstitched,"brand:Alkaram, gender:ladies, unstitched, fabric:Lawn, pieces:2, type:Casual, colour:Silver",FALSE,Title,Default Title,KJC-LU-ALK-10204,shopify,0,deny,manual,1953.00,2790.00,TRUE,TRUE,https://cdn.shopify.com/s/files/1/0623/6481/1444/files/BD102-26-2-LightBlue-1.jpg?v=1777562947,1,Ladies Unstitched Casual Lawn 2 piece,draft,Lawn,2 piece,Casual,Silver,Alkaram · Ladies Unstitched Casual Lawn 2 piece,Ladies Unstitched Casual Lawn 2 piece,Alkaram,https://alkaramstudio.com/products/rts-shirt-dupatta-bd102-p26-2-light-blue,yes
alkaram-rts-shirt-trouser-dupatta-ef132-26a-2-blue,Alkaram · Ladies Unstitched Lawn 3 piece,,Alkaram,Ladies Unstitched,"brand:Alkaram, gender:ladies, unstitched, fabric:Lawn, pieces:3",FALSE,Title,Default Title,KJC-LU-ALK-10205,shopify,0,deny,manual,4990.00,,TRUE,TRUE,https://cdn.shopify.com/s/files/1/0623/6481/1444/files/EF132-26A-2-Blue-1.jpg?v=1776935342,1,Ladies Unstitched Lawn 3 piece,draft,Lawn,3 piece,,,Alkaram · Ladies Unstitched Lawn 3 piece,Ladies Unstitched Lawn 3 piece,Alkaram,https://alkaramstudio.com/products/rts-shirt-trouser-dupatta-ef132-26a-2-blue,yes
alkaram-rts-shirt-trouser-br174-2p26-3-lilac,Alkaram · Ladies Unstitched Casual 2 piece,,Alkaram,Ladies Unstitched,"brand:Alkaram, gender:ladies, unstitched, pieces:2, type:Casual",FALSE,Title,Default Title,KJC-LU-ALK-10206,shopify,0,deny,manual,2590.00,,TRUE,TRUE,https://cdn.shopify.com/s/files/1/0623/6481/1444/files/BR174-2P26-3-Lilac-1.jpg?v=1776065383,1,Ladies Unstitched Casual 2 piece,draft,,2 piece,Casual,,Alkaram · Ladies Unstitched Casual 2 piece,Ladies Unstitched Casual 2 piece,Alkaram,https://alkaramstudio.com/products/rts-shirt-trouser-br174-2p26-3-lilac,yes
alkaram-rts-shirt-trouser-br171-2p26-3-blue,Alkaram · Ladies Unstitched Casual 2 piece,,Alkaram,Ladies Unstitched,"brand:Alkaram, gender:ladies, unstitched, pieces:2, type:Casual",FALSE,Title,Default Title,KJC-LU-ALK-10207,shopify,0,deny,manual,2590.00,,TRUE,TRUE,https://cdn.shopify.com/s/files/1/0623/6481/1444/files/BR171-2P26-3-Blue-1.jpg?v=1776065383,1,Ladies Unstitched Casual 2 piece,draft,,2 piece,Casual,,Alkaram · Ladies Unstitched Casual 2 piece,Ladies Unstitched Casual 2 piece,Alkaram,https://alkaramstudio.com/products/rts-shirt-trouser-br171-2p26-3-blue,yes
alkaram-rts-shirt-trouser-br168-2p26-3-cream,Alkaram · Ladies Unstitched Casual 2 piece,,Alkaram,Ladies Unstitched,"brand:Alkaram, gender:ladies, unstitched, pieces:2, type:Casual",FALSE,Title,Default Title,KJC-LU-ALK-10208,shopify,0,deny,manual,2590.00,,TRUE,TRUE,https://cdn.shopify.com/s/files/1/0623/6481/1444/files/BR168-2P26-3-Cream-1.jpg?v=1776065382,1,Ladies Unstitched Casual 2 piece,draft,,2 piece,Casual,,Alkaram · Ladies Unstitched Casual 2 piece,Ladies Unstitched Casual 2 piece,Alkaram,https://alkaramstudio.com/products/rts-shirt-trouser-br168-2p26-3-cream,yes
alkaram-rts-shirt-trouser-br166-2p26-3-beige,Alkaram · Ladies Unstitched Casual 2 piece,,Alkaram,Ladies Unstitched,"brand:Alkaram, gender:ladies, unstitched, pieces:2, type:Casual",FALSE,Title,Default Title,KJC-LU-ALK-10209,shopify,0,deny,manual,2590.00,,TRUE,TRUE,https://cdn.shopify.com/s/files/1/0623/6481/1444/files/BR166-2P26-3-Beige-1.jpg?v=1776074417,1,Ladies Unstitched Casual 2 piece,draft,,2 piece,Casual,,Alkaram · Ladies Unstitched Casual 2 piece,Ladies Unstitched Casual 2 piece,Alkaram,https://alkaramstudio.com/products/rts-shirt-trouser-br166-2p26-3-beige,yes
alkaram-rts-shirt-dupatta-br156-2p26-3-cream,Alkaram · Ladies Unstitched Casual Lawn 2 piece,,Alkaram,Ladies Unstitched,"brand:Alkaram, gender:ladies, unstitched, fabric:Lawn, pieces:2, type:Casual, colour:Silver",FALSE,Title,Default Title,KJC-LU-ALK-10210,shopify,0,deny,manual,1813.00,2590.00,TRUE,TRUE,https://cdn.shopify.com/s/files/1/0623/6481/1444/files/BR156-2P26-3-Cream-1.jpg?v=1776065382,1,Ladies Unstitched Casual Lawn 2 piece,draft,Lawn,2 piece,Casual,Silver,Alkaram · Ladies Unstitched Casual Lawn 2 piece,Ladies Unstitched Casual Lawn 2 piece,Alkaram,https://alkaramstudio.com/products/rts-shirt-dupatta-br156-2p26-3-cream,yes
alkaram-rts-shirt-trouser-bd175-2p26-3-peach,Alkaram · Ladies Unstitched Casual 2 piece,,Alkaram,Ladies Unstitched,"brand:Alkaram, gender:ladies, unstitched, pieces:2, type:Casual",FALSE,Title,Default Title,KJC-LU-ALK-10211,shopify,0,deny,manual,2790.00,,TRUE,TRUE,https://cdn.shopify.com/s/files/1/0623/6481/1444/files/BD175-2P26-3-Peach-1.jpg?v=1776065383,1,Ladies Unstitched Casual 2 piece,draft,,2 piece,Casual,,Alkaram · Ladies Unstitched Casual 2 piece,Ladies Unstitched Casual 2 piece,Alkaram,https://alkaramstudio.com/products/rts-shirt-trouser-bd175-2p26-3-peach,yes
alkaram-rts-shirt-br123-26-3-red,Alkaram · Ladies Unstitched Casual Lawn 1 piece,,Alkaram,Ladies Unstitched,"brand:Alkaram, gender:ladies, unstitched, fabric:Lawn, pieces:1, type:Casual, colour:Silver",FALSE,Title,Default Title,KJC-LU-ALK-10212,shopify,0,deny,manual,903.00,1290.00,TRUE,TRUE,https://cdn.shopify.com/s/files/1/0623/6481/1444/files/BR123-26-3-Red-1.jpg?v=1776065382,1,Ladies Unstitched Casual Lawn 1 piece,draft,Lawn,1 piece,Casual,Silver,Alkaram · Ladies Unstitched Casual Lawn 1 piece,Ladies Unstitched Casual Lawn 1 piece,Alkaram,https://alkaramstudio.com/products/rts-shirt-br123-26-3-red,yes
alkaram-rts-shirt-br121-26-3-orange,Alkaram · Ladies Unstitched Casual Lawn 1 piece,,Alkaram,Ladies Unstitched,"brand:Alkaram, gender:ladies, unstitched, fabric:Lawn, pieces:1, type:Casual, colour:Silver",FALSE,Title,Default Title,KJC-LU-ALK-10213,shopify,0,deny,manual,903.00,1290.00,TRUE,TRUE,https://cdn.shopify.com/s/files/1/0623/6481/1444/files/BR121-26-3-Orange-1.jpg?v=1776065383,1,Ladies Unstitched Casual Lawn 1 piece,draft,Lawn,1 piece,Casual,Silver,Alkaram · Ladies Unstitched Casual Lawn 1 piece,Ladies Unstitched Casual Lawn 1 piece,Alkaram,https://alkaramstudio.com/products/rts-shirt-br121-26-3-orange,yes
alkaram-rts-shirt-dupatta-ef148-26-2-beige,Alkaram · Ladies Unstitched Lawn 2 piece,,Alkaram,Ladies Unstitched,"brand:Alkaram, gender:ladies, unstitched, fabric:Lawn, pieces:2",FALSE,Title,Default Title,KJC-LU-ALK-10214,shopify,0,deny,manual,2093.00,2990.00,TRUE,TRUE,https://cdn.shopify.com/s/files/1/0623/6481/1444/files/EF148-26-2-Beige-1.jpg?v=1780915713,1,Ladies Unstitched Lawn 2 piece,draft,Lawn,2 piece,,,Alkaram · Ladies Unstitched Lawn 2 piece,Ladies Unstitched Lawn 2 piece,Alkaram,https://alkaramstudio.com/products/rts-shirt-dupatta-ef148-26-2-beige,yes
alkaram-rts-shirt-dupatta-ef147-26-2-brown,Alkaram · Ladies Unstitched Lawn 2 piece,,Alkaram,Ladies Unstitched,"brand:Alkaram, gender:ladies, unstitched, fabric:Lawn, pieces:2",FALSE,Title,Default Title,KJC-LU-ALK-10215,shopify,0,deny,manual,3290.00,,TRUE,TRUE,https://cdn.shopify.com/s/files/1/0623/6481/1444/files/EF147-26-2-Brown-1.jpg?v=1775819491,1,Ladies Unstitched Lawn 2 piece,draft,Lawn,2 piece,,,Alkaram · Ladies Unstitched Lawn 2 piece,Ladies Unstitched Lawn 2 piece,Alkaram,https://alkaramstudio.com/products/rts-shirt-dupatta-ef147-26-2-brown,yes
alkaram-rts-shirt-dupatta-ef146-26-2-maroon,Alkaram · Ladies Unstitched Lawn 2 piece,,Alkaram,Ladies Unstitched,"brand:Alkaram, gender:ladies, unstitched, fabric:Lawn, pieces:2",FALSE,Title,Default Title,KJC-LU-ALK-10216,shopify,0,deny,manual,2093.00,2990.00,TRUE,TRUE,https://cdn.shopify.com/s/files/1/0623/6481/1444/files/EF146-26-2-Maroon-1.jpg?v=1775819491,1,Ladies Unstitched Lawn 2 piece,draft,Lawn,2 piece,,,Alkaram · Ladies Unstitched Lawn 2 piece,Ladies Unstitched Lawn 2 piece,Alkaram,https://alkaramstudio.com/products/rts-shirt-dupatta-ef146-26-2-maroon,yes
alkaram-rts-shirt-trouser-dupatta-ef142-26b-2-beige,Alkaram · Ladies Unstitched Lawn 3 piece,,Alkaram,Ladies Unstitched,"brand:Alkaram, gender:ladies, unstitched, fabric:Lawn, pieces:3",FALSE,Title,Default Title,KJC-LU-ALK-10217,shopify,0,deny,manual,4590.00,,TRUE,TRUE,https://cdn.shopify.com/s/files/1/0623/6481/1444/files/EF142-26B-2-Beige-1.jpg?v=1775819491,1,Ladies Unstitched Lawn 3 piece,draft,Lawn,3 piece,,,Alkaram · Ladies Unstitched Lawn 3 piece,Ladies Unstitched Lawn 3 piece,Alkaram,https://alkaramstudio.com/products/rts-shirt-trouser-dupatta-ef142-26b-2-beige,yes
alkaram-rts-shirt-trouser-dupatta-ef142-26a-2-peach,Alkaram · Ladies Unstitched Lawn 3 piece,,Alkaram,Ladies Unstitched,"brand:Alkaram, gender:ladies, unstitched, fabric:Lawn, pieces:3",FALSE,Title,Default Title,KJC-LU-ALK-10218,shopify,0,deny,manual,4590.00,,TRUE,TRUE,https://cdn.shopify.com/s/files/1/0623/6481/1444/files/EF142-26A-2-Peach-1.jpg?v=1775819490,1,Ladies Unstitched Lawn 3 piece,draft,Lawn,3 piece,,,Alkaram · Ladies Unstitched Lawn 3 piece,Ladies Unstitched Lawn 3 piece,Alkaram,https://alkaramstudio.com/products/rts-shirt-trouser-dupatta-ef142-26a-2-peach,yes
alkaram-rts-shirt-trouser-dupatta-ef137-26b-2-black,Alkaram · Ladies Unstitched Lawn 3 piece,,Alkaram,Ladies Unstitched,"brand:Alkaram, gender:ladies, unstitched, fabric:Lawn, pieces:3",FALSE,Title,Default Title,KJC-LU-ALK-10219,shopify,0,deny,manual,4590.00,,TRUE,TRUE,https://cdn.shopify.com/s/files/1/0623/6481/1444/files/EF137-26B-2-Black-1.jpg?v=1775819491,1,Ladies Unstitched Lawn 3 piece,draft,Lawn,3 piece,,,Alkaram · Ladies Unstitched Lawn 3 piece,Ladies Unstitched Lawn 3 piece,Alkaram,https://alkaramstudio.com/products/rts-shirt-trouser-dupatta-ef137-26b-2-black,yes
alkaram-rts-shirt-trouser-dupatta-ef137-26a-2-beige,Alkaram · Ladies Unstitched Lawn 3 piece,,Alkaram,Ladies Unstitched,"brand:Alkaram, gender:ladies, unstitched, fabric:Lawn, pieces:3",FALSE,Title,Default Title,KJC-LU-ALK-10220,shopify,0,deny,manual,4590.00,,TRUE,TRUE,https://cdn.shopify.com/s/files/1/0623/6481/1444/files/EF137-26A-2-Beige-1.jpg?v=1775819490,1,Ladies Unstitched Lawn 3 piece,draft,Lawn,3 piece,,,Alkaram · Ladies Unstitched Lawn 3 piece,Ladies Unstitched Lawn 3 piece,Alkaram,https://alkaramstudio.com/products/rts-shirt-trouser-dupatta-ef137-26a-2-beige,yes
alkaram-rts-shirt-trouser-dupatta-ef136-26b-2-yellow,Alkaram · Ladies Unstitched Lawn 3 piece,,Alkaram,Ladies Unstitched,"brand:Alkaram, gender:ladies, unstitched, fabric:Lawn, pieces:3",FALSE,Title,Default Title,KJC-LU-ALK-10221,shopify,0,deny,manual,3213.00,4590.00,TRUE,TRUE,https://cdn.shopify.com/s/files/1/0623/6481/1444/files/EF136-26B-2-Yellow-1.jpg?v=1775819489,1,Ladies Unstitched Lawn 3 piece,draft,Lawn,3 piece,,,Alkaram · Ladies Unstitched Lawn 3 piece,Ladies Unstitched Lawn 3 piece,Alkaram,https://alkaramstudio.com/products/rts-shirt-trouser-dupatta-ef136-26b-2-yellow,yes
alkaram-rts-shirt-trouser-dupatta-ef136-26a-2-purple,Alkaram · Ladies Unstitched Lawn 3 piece,,Alkaram,Ladies Unstitched,"brand:Alkaram, gender:ladies, unstitched, fabric:Lawn, pieces:3",FALSE,Title,Default Title,KJC-LU-ALK-10222,shopify,0,deny,manual,4590.00,,TRUE,TRUE,https://cdn.shopify.com/s/files/1/0623/6481/1444/files/EF136-26A-2-Purple-1.jpg?v=1775819490,1,Ladies Unstitched Lawn 3 piece,draft,Lawn,3 piece,,,Alkaram · Ladies Unstitched Lawn 3 piece,Ladies Unstitched Lawn 3 piece,Alkaram,https://alkaramstudio.com/products/rts-shirt-trouser-dupatta-ef136-26a-2-purple,yes
alkaram-rts-shirt-trouser-dupatta-ef131-3p26-maroon,Alkaram · Ladies Unstitched 3 piece,,Alkaram,Ladies Unstitched,"brand:Alkaram, gender:ladies, unstitched, pieces:3",FALSE,Title,Default Title,KJC-LU-ALK-10223,shopify,0,deny,manual,3990.00,,TRUE,TRUE,https://cdn.shopify.com/s/files/1/0623/6481/1444/files/EF131-26A-2-Maroon-1.jpg?v=1775819490,1,Ladies Unstitched 3 piece,draft,,3 piece,,,Alkaram · Ladies Unstitched 3 piece,Ladies Unstitched 3 piece,Alkaram,https://alkaramstudio.com/products/rts-shirt-trouser-dupatta-ef131-3p26-maroon,yes
alkaram-rts-shirt-trouser-dupatta-ef124-26-2-beige,Alkaram · Ladies Unstitched Lawn 3 piece,,Alkaram,Ladies Unstitched,"brand:Alkaram, gender:ladies, unstitched, fabric:Lawn, pieces:3",FALSE,Title,Default Title,KJC-LU-ALK-10224,shopify,0,deny,manual,6490.00,,TRUE,TRUE,https://cdn.shopify.com/s/files/1/0623/6481/1444/files/EF124-26-2-Beige-1.jpg?v=1776256166,1,Ladies Unstitched Lawn 3 piece,draft,Lawn,3 piece,,,Alkaram · Ladies Unstitched Lawn 3 piece,Ladies Unstitched Lawn 3 piece,Alkaram,https://alkaramstudio.com/products/rts-shirt-trouser-dupatta-ef124-26-2-beige,yes
alkaram-rts-shirt-trouser-dupatta-ef122-26-2-dark-green,Alkaram · Ladies Unstitched Lawn 3 piece,,Alkaram,Ladies Unstitched,"brand:Alkaram, gender:ladies, unstitched, fabric:Lawn, pieces:3",FALSE,Title,Default Title,KJC-LU-ALK-10225,shopify,0,deny,manual,6490.00,,TRUE,TRUE,https://cdn.shopify.com/s/files/1/0623/6481/1444/files/EF122-26-2-DarkGreen-1.jpg?v=1776256152,1,Ladies Unstitched Lawn 3 piece,draft,Lawn,3 piece,,,Alkaram · Ladies Unstitched Lawn 3 piece,Ladies Unstitched Lawn 3 piece,Alkaram,https://alkaramstudio.com/products/rts-shirt-trouser-dupatta-ef122-26-2-dark-green,yes
alkaram-rts-shirt-trouser-dupatta-ef121-26-2-light-pink,Alkaram · Ladies Unstitched Lawn 3 piece,,Alkaram,Ladies Unstitched,"brand:Alkaram, gender:ladies, unstitched, fabric:Lawn, pieces:3",FALSE,Title,Default Title,KJC-LU-ALK-10226,shopify,0,deny,manual,6490.00,,TRUE,TRUE,https://cdn.shopify.com/s/files/1/0623/6481/1444/files/EF121-26-2-LightPink-1.jpg?v=1776256139,1,Ladies Unstitched Lawn 3 piece,draft,Lawn,3 piece,,,Alkaram · Ladies Unstitched Lawn 3 piece,Ladies Unstitched Lawn 3 piece,Alkaram,https://alkaramstudio.com/products/rts-shirt-trouser-dupatta-ef121-26-2-light-pink,yes
alkaram-rts-shirt-trouser-dupatta-ef120-26-2-blue,Alkaram · Ladies Unstitched Lawn 3 piece,,Alkaram,Ladies Unstitched,"brand:Alkaram, gender:ladies, unstitched, fabric:Lawn, pieces:3",FALSE,Title,Default Title,KJC-LU-ALK-10227,shopify,0,deny,manual,5690.00,,TRUE,TRUE,https://cdn.shopify.com/s/files/1/0623/6481/1444/files/EF120-26-2-Blue-1.jpg?v=1776256099,1,Ladies Unstitched Lawn 3 piece,draft,Lawn,3 piece,,,Alkaram · Ladies Unstitched Lawn 3 piece,Ladies Unstitched Lawn 3 piece,Alkaram,https://alkaramstudio.com/products/rts-shirt-trouser-dupatta-ef120-26-2-blue,yes
alkaram-rts-shirt-trouser-dupatta-ef114-26-2-burgundy,Alkaram · Ladies Unstitched 3 piece,,Alkaram,Ladies Unstitched,"brand:Alkaram, gender:ladies, unstitched, pieces:3",FALSE,Title,Default Title,KJC-LU-ALK-10228,shopify,0,deny,manual,5690.00,,TRUE,TRUE,https://cdn.shopify.com/s/files/1/0623/6481/1444/files/EF114-26-2-Burgundy-1.jpg?v=1775819492,1,Ladies Unstitched 3 piece,draft,,3 piece,,,Alkaram · Ladies Unstitched 3 piece,Ladies Unstitched 3 piece,Alkaram,https://alkaramstudio.com/products/rts-shirt-trouser-dupatta-ef114-26-2-burgundy,yes
alkaram-rts-shirt-trouser-ec189-26-2-white,Alkaram · Ladies Unstitched Lawn 2 piece,,Alkaram,Ladies Unstitched,"brand:Alkaram, gender:ladies, unstitched, fabric:Lawn, pieces:2",FALSE,Title,Default Title,KJC-LU-ALK-10229,shopify,0,deny,manual,2093.00,2990.00,TRUE,TRUE,https://cdn.shopify.com/s/files/1/0623/6481/1444/files/EC189-26-2-White-1.jpg?v=1776249324,1,Ladies Unstitched Lawn 2 piece,draft,Lawn,2 piece,,,Alkaram · Ladies Unstitched Lawn 2 piece,Ladies Unstitched Lawn 2 piece,Alkaram,https://alkaramstudio.com/products/rts-shirt-trouser-ec189-26-2-white,yes
alkaram-rts-shirt-dupatta-ec188-26a-2-purple,Alkaram · Ladies Unstitched Lawn 2 piece,,Alkaram,Ladies Unstitched,"brand:Alkaram, gender:ladies, unstitched, fabric:Lawn, pieces:2",FALSE,Title,Default Title,KJC-LU-ALK-10230,shopify,0,deny,manual,2093.00,2990.00,TRUE,TRUE,https://cdn.shopify.com/s/files/1/0623/6481/1444/files/EC188-26A-2-Purple-1.jpg?v=1775819494,1,Ladies Unstitched Lawn 2 piece,draft,Lawn,2 piece,,,Alkaram · Ladies Unstitched Lawn 2 piece,Ladies Unstitched Lawn 2 piece,Alkaram,https://alkaramstudio.com/products/rts-shirt-dupatta-ec188-26a-2-purple,yes
alkaram-rts-shirt-dupatta-ec186-26b-2-musturd,Alkaram · Ladies Unstitched Lawn 2 piece,,Alkaram,Ladies Unstitched,"brand:Alkaram, gender:ladies, unstitched, fabric:Lawn, pieces:2",FALSE,Title,Default Title,KJC-LU-ALK-10231,shopify,0,deny,manual,2093.00,2990.00,TRUE,TRUE,https://cdn.shopify.com/s/files/1/0623/6481/1444/files/EC186-26B-2-Mustard-1.jpg?v=1776249288,1,Ladies Unstitched Lawn 2 piece,draft,Lawn,2 piece,,,Alkaram · Ladies Unstitched Lawn 2 piece,Ladies Unstitched Lawn 2 piece,Alkaram,https://alkaramstudio.com/products/rts-shirt-dupatta-ec186-26b-2-musturd,yes
alkaram-rts-shirt-trouser-dupatta-ec173-26-2-blue,Alkaram · Ladies Unstitched Lawn 3 piece,,Alkaram,Ladies Unstitched,"brand:Alkaram, gender:ladies, unstitched, fabric:Lawn, pieces:3",FALSE,Title,Default Title,KJC-LU-ALK-10232,shopify,0,deny,manual,3213.00,4590.00,TRUE,TRUE,https://cdn.shopify.com/s/files/1/0623/6481/1444/files/EC173-26-2-Blue-1_83da5066-e221-4b31-9abb-2571ea02356b.jpg?v=1776249418,1,Ladies Unstitched Lawn 3 piece,draft,Lawn,3 piece,,,Alkaram · Ladies Unstitched Lawn 3 piece,Ladies Unstitched Lawn 3 piece,Alkaram,https://alkaramstudio.com/products/rts-shirt-trouser-dupatta-ec173-26-2-blue,yes
alkaram-rts-shirt-trouser-dupatta-ec163-26-2-green,Alkaram · Ladies Unstitched Lawn 3 piece,,Alkaram,Ladies Unstitched,"brand:Alkaram, gender:ladies, unstitched, fabric:Lawn, pieces:3",FALSE,Title,Default Title,KJC-LU-ALK-10233,shopify,0,deny,manual,5690.00,,TRUE,TRUE,https://cdn.shopify.com/s/files/1/0623/6481/1444/files/EC163-26-2-Green-1.jpg?v=1776249733,1,Ladies Unstitched Lawn 3 piece,draft,Lawn,3 piece,,,Alkaram · Ladies Unstitched Lawn 3 piece,Ladies Unstitched Lawn 3 piece,Alkaram,https://alkaramstudio.com/products/rts-shirt-trouser-dupatta-ec163-26-2-green,yes
alkaram-rts-shirt-trouser-dupatta-ec152-26-2-cream,Alkaram · Ladies Unstitched 3 piece,,Alkaram,Ladies Unstitched,"brand:Alkaram, gender:ladies, unstitched, pieces:3",FALSE,Title,Default Title,KJC-LU-ALK-10234,shopify,0,deny,manual,5690.00,,TRUE,TRUE,https://cdn.shopify.com/s/files/1/0623/6481/1444/files/EC152-26-2-Cream-1.jpg?v=1776249716,1,Ladies Unstitched 3 piece,draft,,3 piece,,,Alkaram · Ladies Unstitched 3 piece,Ladies Unstitched 3 piece,Alkaram,https://alkaramstudio.com/products/rts-shirt-trouser-dupatta-ec152-26-2-cream,yes
alkaram-rts-shirt-touser-dupatta-sf-20-26-grey,Alkaram · Ladies Unstitched Formal 3 piece,,Alkaram,Ladies Unstitched,"brand:Alkaram, gender:ladies, unstitched, pieces:3, type:Formal",FALSE,Title,Default Title,KJC-LU-ALK-10235,shopify,0,deny,manual,5943.00,8490.00,TRUE,TRUE,https://cdn.shopify.com/s/files/1/0623/6481/1444/files/SF-20-26-Grey-1_31e9b086-22ca-4ad5-bbe3-395f69282dc5.jpg?v=1771831372,1,Ladies Unstitched Formal 3 piece,draft,,3 piece,Formal,,Alkaram · Ladies Unstitched Formal 3 piece,Ladies Unstitched Formal 3 piece,Alkaram,https://alkaramstudio.com/products/rts-shirt-touser-dupatta-sf-20-26-grey,yes
alkaram-rts-shirt-touser-dupatta-sf-13-26-cream,Alkaram · Ladies Unstitched Formal 3 piece,,Alkaram,Ladies Unstitched,"brand:Alkaram, gender:ladies, unstitched, pieces:3, type:Formal",FALSE,Title,Default Title,KJC-LU-ALK-10236,shopify,0,deny,manual,5593.00,7990.00,TRUE,TRUE,https://cdn.shopify.com/s/files/1/0623/6481/1444/files/SF-13-26-Cream-1_355d5b43-e5df-41f9-8118-fa36303b7581.jpg?v=1771831364,1,Ladies Unstitched Formal 3 piece,draft,,3 piece,Formal,,Alkaram · Ladies Unstitched Formal 3 piece,Ladies Unstitched Formal 3 piece,Alkaram,https://alkaramstudio.com/products/rts-shirt-touser-dupatta-sf-13-26-cream,yes
alkaram-rts-shirt-touser-dupatta-sf-12-26-green,Alkaram · Ladies Unstitched Formal 3 piece,,Alkaram,Ladies Unstitched,"brand:Alkaram, gender:ladies, unstitched, pieces:3, type:Formal",FALSE,Title,Default Title,KJC-LU-ALK-10237,shopify,0,deny,manual,5593.00,7990.00,TRUE,TRUE,https://cdn.shopify.com/s/files/1/0623/6481/1444/files/SF-12-26-Green-1_66a0c408-5ebd-42ab-a433-eb1952c47e3a.jpg?v=1771831363,1,Ladies Unstitched Formal 3 piece,draft,,3 piece,Formal,,Alkaram · Ladies Unstitched Formal 3 piece,Ladies Unstitched Formal 3 piece,Alkaram,https://alkaramstudio.com/products/rts-shirt-touser-dupatta-sf-12-26-green,yes
alkaram-rts-shirt-touser-dupatta-sf-06-26-off-white,Alkaram · Ladies Unstitched Formal 3 piece,,Alkaram,Ladies Unstitched,"brand:Alkaram, gender:ladies, unstitched, pieces:3, type:Formal",FALSE,Title,Default Title,KJC-LU-ALK-10238,shopify,0,deny,manual,5943.00,8490.00,TRUE,TRUE,https://cdn.shopify.com/s/files/1/0623/6481/1444/files/SF-06-26-Off-White-1_6a03deff-36df-4dc1-924c-4c2af800bbb8.jpg?v=1771831356,1,Ladies Unstitched Formal 3 piece,draft,,3 piece,Formal,,Alkaram · Ladies Unstitched Formal 3 piece,Ladies Unstitched Formal 3 piece,Alkaram,https://alkaramstudio.com/products/rts-shirt-touser-dupatta-sf-06-26-off-white,yes
alkaram-rts-shirt-trouser-dupatta-lw-16-26-teal,Alkaram · Ladies Unstitched Formal 3 piece,,Alkaram,Ladies Unstitched,"brand:Alkaram, gender:ladies, unstitched, pieces:3, type:Formal",FALSE,Title,Default Title,KJC-LU-ALK-10239,shopify,0,deny,manual,10493.00,13990.00,TRUE,TRUE,https://cdn.shopify.com/s/files/1/0623/6481/1444/files/LW-16-26-Teal-1_b4074b25-9cd6-4101-8bfe-c77b5b0f70ea.jpg?v=1771580197,1,Ladies Unstitched Formal 3 piece,draft,,3 piece,Formal,,Alkaram · Ladies Unstitched Formal 3 piece,Ladies Unstitched Formal 3 piece,Alkaram,https://alkaramstudio.com/products/rts-shirt-trouser-dupatta-lw-16-26-teal,yes
alkaram-rts-shirt-trouser-dupatta-lw-15-26-butter-yellow,Alkaram · Ladies Unstitched Formal 3 piece,,Alkaram,Ladies Unstitched,"brand:Alkaram, gender:ladies, unstitched, pieces:3, type:Formal",FALSE,Title,Default Title,KJC-LU-ALK-10240,shopify,0,deny,manual,10493.00,13990.00,TRUE,TRUE,https://cdn.shopify.com/s/files/1/0623/6481/1444/files/LW-15-26-Butter_Yellow-1_05289d6f-9607-474b-a3b2-bb6bdb1072f8.jpg?v=1771580194,1,Ladies Unstitched Formal 3 piece,draft,,3 piece,Formal,,Alkaram · Ladies Unstitched Formal 3 piece,Ladies Unstitched Formal 3 piece,Alkaram,https://alkaramstudio.com/products/rts-shirt-trouser-dupatta-lw-15-26-butter-yellow,yes
alkaram-rts-shirt-trouser-dupatta-lw-14-26-sand-brown,Alkaram · Ladies Unstitched Formal 3 piece,,Alkaram,Ladies Unstitched,"brand:Alkaram, gender:ladies, unstitched, pieces:3, type:Formal",FALSE,Title,Default Title,KJC-LU-ALK-10241,shopify,0,deny,manual,9743.00,12990.00,TRUE,TRUE,https://cdn.shopify.com/s/files/1/0623/6481/1444/files/LW-14-26-Sand_Brown-1_e139457e-d3f0-4b9f-b9d4-a907be54f5ad.jpg?v=1771580191,1,Ladies Unstitched Formal 3 piece,draft,,3 piece,Formal,,Alkaram · Ladies Unstitched Formal 3 piece,Ladies Unstitched Formal 3 piece,Alkaram,https://alkaramstudio.com/products/rts-shirt-trouser-dupatta-lw-14-26-sand-brown,yes
alkaram-rts-shirt-trouser-dupatta-lw-13-26-peach,Alkaram · Ladies Unstitched Formal 3 piece,,Alkaram,Ladies Unstitched,"brand:Alkaram, gender:ladies, unstitched, pieces:3, type:Formal",FALSE,Title,Default Title,KJC-LU-ALK-10242,shopify,0,deny,manual,9743.00,12990.00,TRUE,TRUE,https://cdn.shopify.com/s/files/1/0623/6481/1444/files/LW-13-26-Peach-1_16b28f0d-cfc3-4476-bb27-82547eea49c4.jpg?v=1771580188,1,Ladies Unstitched Formal 3 piece,draft,,3 piece,Formal,,Alkaram · Ladies Unstitched Formal 3 piece,Ladies Unstitched Formal 3 piece,Alkaram,https://alkaramstudio.com/products/rts-shirt-trouser-dupatta-lw-13-26-peach,yes
alkaram-rts-shirt-trouser-dupatta-lw-12-26-mint-green,Alkaram · Ladies Unstitched Formal 3 piece,,Alkaram,Ladies Unstitched,"brand:Alkaram, gender:ladies, unstitched, pieces:3, type:Formal",FALSE,Title,Default Title,KJC-LU-ALK-10243,shopify,0,deny,manual,7493.00,9990.00,TRUE,TRUE,https://cdn.shopify.com/s/files/1/0623/6481/1444/files/LW-12-26-Mint_Green-1_eb49d6d3-efd1-4609-9151-3204808715d6.jpg?v=1771580186,1,Ladies Unstitched Formal 3 piece,draft,,3 piece,Formal,,Alkaram · Ladies Unstitched Formal 3 piece,Ladies Unstitched Formal 3 piece,Alkaram,https://alkaramstudio.com/products/rts-shirt-trouser-dupatta-lw-12-26-mint-green,yes
alkaram-rts-shirt-trouser-dupatta-lw-02-26-blue,Alkaram · Ladies Unstitched Formal 3 piece,,Alkaram,Ladies Unstitched,"brand:Alkaram, gender:ladies, unstitched, pieces:3, type:Formal",FALSE,Title,Default Title,KJC-LU-ALK-10244,shopify,0,deny,manual,9743.00,12990.00,TRUE,TRUE,https://cdn.shopify.com/s/files/1/0623/6481/1444/files/LW-02-26-Blue-1_324428d6-9910-475b-8f14-edb9192be919.jpg?v=1771580181,1,Ladies Unstitched Formal 3 piece,draft,,3 piece,Formal,,Alkaram · Ladies Unstitched Formal 3 piece,Ladies Unstitched Formal 3 piece,Alkaram,https://alkaramstudio.com/products/rts-shirt-trouser-dupatta-lw-02-26-blue,yes
alkaram-rts-shirt-trouser-dupatta-lw-01-26-white,Alkaram · Ladies Unstitched Formal 3 piece,,Alkaram,Ladies Unstitched,"brand:Alkaram, gender:ladies, unstitched, pieces:3, type:Formal",FALSE,Title,Default Title,KJC-LU-ALK-10245,shopify,0,deny,manual,9743.00,12990.00,TRUE,TRUE,https://cdn.shopify.com/s/files/1/0623/6481/1444/files/LW-01-26-White-1_3bbf893b-9fa5-4b01-83af-46a7d63c3784.jpg?v=1771580179,1,Ladies Unstitched Formal 3 piece,draft,,3 piece,Formal,,Alkaram · Ladies Unstitched Formal 3 piece,Ladies Unstitched Formal 3 piece,Alkaram,https://alkaramstudio.com/products/rts-shirt-trouser-dupatta-lw-01-26-white,yes
alkaram-rts-shirt-dupatta-br97-26-2-charcoal,Alkaram · Ladies Unstitched Casual Lawn 2 piece,,Alkaram,Ladies Unstitched,"brand:Alkaram, gender:ladies, unstitched, fabric:Lawn, pieces:2, type:Casual, colour:Silver",FALSE,Title,Default Title,KJC-LU-ALK-10246,shopify,0,deny,manual,1813.00,2590.00,TRUE,TRUE,https://cdn.shopify.com/s/files/1/0623/6481/1444/files/BR97-26-2-charcoal-1.jpg?v=1772518223,1,Ladies Unstitched Casual Lawn 2 piece,draft,Lawn,2 piece,Casual,Silver,Alkaram · Ladies Unstitched Casual Lawn 2 piece,Ladies Unstitched Casual Lawn 2 piece,Alkaram,https://alkaramstudio.com/products/rts-shirt-dupatta-br97-26-2-charcoal,yes
alkaram-rts-shirt-dupatta-br96-26-2-grey,Alkaram · Ladies Unstitched Casual Lawn 2 piece,,Alkaram,Ladies Unstitched,"brand:Alkaram, gender:ladies, unstitched, fabric:Lawn, pieces:2, type:Casual, colour:Silver",FALSE,Title,Default Title,KJC-LU-ALK-10247,shopify,0,deny,manual,1813.00,2590.00,TRUE,TRUE,https://cdn.shopify.com/s/files/1/0623/6481/1444/files/BR96-26-2-grey-1.jpg?v=1772518215,1,Ladies Unstitched Casual Lawn 2 piece,draft,Lawn,2 piece,Casual,Silver,Alkaram · Ladies Unstitched Casual Lawn 2 piece,Ladies Unstitched Casual Lawn 2 piece,Alkaram,https://alkaramstudio.com/products/rts-shirt-dupatta-br96-26-2-grey,yes
alkaram-rts-shirt-dupatta-br95-26-2-light-blue,Alkaram · Ladies Unstitched Casual Lawn 2 piece,,Alkaram,Ladies Unstitched,"brand:Alkaram, gender:ladies, unstitched, fabric:Lawn, pieces:2, type:Casual, colour:Silver",FALSE,Title,Default Title,KJC-LU-ALK-10248,shopify,0,deny,manual,1813.00,2590.00,TRUE,TRUE,https://cdn.shopify.com/s/files/1/0623/6481/1444/files/BR95-26-2-lightblue-1.jpg?v=1772518040,1,Ladies Unstitched Casual Lawn 2 piece,draft,Lawn,2 piece,Casual,Silver,Alkaram · Ladies Unstitched Casual Lawn 2 piece,Ladies Unstitched Casual Lawn 2 piece,Alkaram,https://alkaramstudio.com/products/rts-shirt-dupatta-br95-26-2-light-blue,yes
alkaram-rts-shirt-dupatta-br93-26-2-peach,Alkaram · Ladies Unstitched Casual Lawn 2 piece,,Alkaram,Ladies Unstitched,"brand:Alkaram, gender:ladies, unstitched, fabric:Lawn, pieces:2, type:Casual, colour:Silver",FALSE,Title,Default Title,KJC-LU-ALK-10249,shopify,0,deny,manual,1813.00,2590.00,TRUE,TRUE,https://cdn.shopify.com/s/files/1/0623/6481/1444/files/BR93-26-2-peach-1.jpg?v=1772518035,1,Ladies Unstitched Casual Lawn 2 piece,draft,Lawn,2 piece,Casual,Silver,Alkaram · Ladies Unstitched Casual Lawn 2 piece,Ladies Unstitched Casual Lawn 2 piece,Alkaram,https://alkaramstudio.com/products/rts-shirt-dupatta-br93-26-2-peach,yes
alkaram-rts-shirt-dupatta-br92-26-2-purple,Alkaram · Ladies Unstitched Casual Lawn 2 piece,,Alkaram,Ladies Unstitched,"brand:Alkaram, gender:ladies, unstitched, fabric:Lawn, pieces:2, type:Casual, colour:Silver",FALSE,Title,Default Title,KJC-LU-ALK-10250,shopify,0,deny,manual,1813.00,2590.00,TRUE,TRUE,https://cdn.shopify.com/s/files/1/0623/6481/1444/files/BR92-26-2-purple-1.jpg?v=1772518030,1,Ladies Unstitched Casual Lawn 2 piece,draft,Lawn,2 piece,Casual,Silver,Alkaram · Ladies Unstitched Casual Lawn 2 piece,Ladies Unstitched Casual Lawn 2 piece,Alkaram,https://alkaramstudio.com/products/rts-shirt-dupatta-br92-26-2-purple,yes
alkaram-rts-shirt-dupatta-br89-26-2-peach,Alkaram · Ladies Unstitched Casual Lawn 2 piece,,Alkaram,Ladies Unstitched,"brand:Alkaram, gender:ladies, unstitched, fabric:Lawn, pieces:2, type:Casual, colour:Silver",FALSE,Title,Default Title,KJC-LU-ALK-10251,shopify,0,deny,manual,1813.00,2590.00,TRUE,TRUE,https://cdn.shopify.com/s/files/1/0623/6481/1444/files/BR89-26-2-Peach-1.jpg?v=1777462935,1,Ladies Unstitched Casual Lawn 2 piece,draft,Lawn,2 piece,Casual,Silver,Alkaram · Ladies Unstitched Casual Lawn 2 piece,Ladies Unstitched Casual Lawn 2 piece,Alkaram,https://alkaramstudio.com/products/rts-shirt-dupatta-br89-26-2-peach,yes
alkaram-rts-shirt-dupatta-br88-26-2-teal,Alkaram · Ladies Unstitched Casual Lawn 2 piece,,Alkaram,Ladies Unstitched,"brand:Alkaram, gender:ladies, unstitched, fabric:Lawn, pieces:2, type:Casual, colour:Silver",FALSE,Title,Default Title,KJC-LU-ALK-10252,shopify,0,deny,manual,1813.00,2590.00,TRUE,TRUE,https://cdn.shopify.com/s/files/1/0623/6481/1444/files/BR88-26-2-Teal-1.jpg?v=1775644031,1,Ladies Unstitched Casual Lawn 2 piece,draft,Lawn,2 piece,Casual,Silver,Alkaram · Ladies Unstitched Casual Lawn 2 piece,Ladies Unstitched Casual Lawn 2 piece,Alkaram,https://alkaramstudio.com/products/rts-shirt-dupatta-br88-26-2-teal,yes
alkaram-rts-shirt-trouser-br110-26-2-green,Alkaram · Ladies Unstitched Casual Lawn 2 piece,,Alkaram,Ladies Unstitched,"brand:Alkaram, gender:ladies, unstitched, fabric:Lawn, pieces:2, type:Casual, colour:Silver",FALSE,Title,Default Title,KJC-LU-ALK-10253,shopify,0,deny,manual,2590.00,,TRUE,TRUE,https://cdn.shopify.com/s/files/1/0623/6481/1444/files/BR110-26-2-Green-2.jpg?v=1776619341,1,Ladies Unstitched Casual Lawn 2 piece,draft,Lawn,2 piece,Casual,Silver,Alkaram · Ladies Unstitched Casual Lawn 2 piece,Ladies Unstitched Casual Lawn 2 piece,Alkaram,https://alkaramstudio.com/products/rts-shirt-trouser-br110-26-2-green,yes
alkaram-rts-shirt-trouser-br107-26-2-olive-grey,Alkaram · Ladies Unstitched Casual Lawn 2 piece,,Alkaram,Ladies Unstitched,"brand:Alkaram, gender:ladies, unstitched, fabric:Lawn, pieces:2, type:Casual, colour:Silver",FALSE,Title,Default Title,KJC-LU-ALK-10254,shopify,0,deny,manual,2590.00,,TRUE,TRUE,https://cdn.shopify.com/s/files/1/0623/6481/1444/files/BR107-26-2-OliveGrey-1.jpg?v=1776619177,1,Ladies Unstitched Casual Lawn 2 piece,draft,Lawn,2 piece,Casual,Silver,Alkaram · Ladies Unstitched Casual Lawn 2 piece,Ladies Unstitched Casual Lawn 2 piece,Alkaram,https://alkaramstudio.com/products/rts-shirt-trouser-br107-26-2-olive-grey,yes
alkaram-rts-shirt-trouser-br106-26-2-pink,Alkaram · Ladies Unstitched Casual Lawn 2 piece,,Alkaram,Ladies Unstitched,"brand:Alkaram, gender:ladies, unstitched, fabric:Lawn, pieces:2, type:Casual, colour:Silver",FALSE,Title,Default Title,KJC-LU-ALK-10255,shopify,0,deny,manual,2590.00,,TRUE,TRUE,https://cdn.shopify.com/s/files/1/0623/6481/1444/files/BR106-26-2-pink-1.jpg?v=1772518251,1,Ladies Unstitched Casual Lawn 2 piece,draft,Lawn,2 piece,Casual,Silver,Alkaram · Ladies Unstitched Casual Lawn 2 piece,Ladies Unstitched Casual Lawn 2 piece,Alkaram,https://alkaramstudio.com/products/rts-shirt-trouser-br106-26-2-pink,yes
alkaram-rts-shirt-trouser-br104-26-2-beige,Alkaram · Ladies Unstitched Casual Lawn 2 piece,,Alkaram,Ladies Unstitched,"brand:Alkaram, gender:ladies, unstitched, fabric:Lawn, pieces:2, type:Casual, colour:Silver",FALSE,Title,Default Title,KJC-LU-ALK-10256,shopify,0,deny,manual,2590.00,,TRUE,TRUE,https://cdn.shopify.com/s/files/1/0623/6481/1444/files/BR104-26-2-beige-1.jpg?v=1772518238,1,Ladies Unstitched Casual Lawn 2 piece,draft,Lawn,2 piece,Casual,Silver,Alkaram · Ladies Unstitched Casual Lawn 2 piece,Ladies Unstitched Casual Lawn 2 piece,Alkaram,https://alkaramstudio.com/products/rts-shirt-trouser-br104-26-2-beige,yes
alkaram-rts-shirt-trouser-br103-26-2-light-ferozi,Alkaram · Ladies Unstitched Casual Lawn 2 piece,,Alkaram,Ladies Unstitched,"brand:Alkaram, gender:ladies, unstitched, fabric:Lawn, pieces:2, type:Casual, colour:Silver",FALSE,Title,Default Title,KJC-LU-ALK-10257,shopify,0,deny,manual,2590.00,,TRUE,TRUE,https://cdn.shopify.com/s/files/1/0623/6481/1444/files/BR103-26-2-lightferozi-1.jpg?v=1772518231,1,Ladies Unstitched Casual Lawn 2 piece,draft,Lawn,2 piece,Casual,Silver,Alkaram · Ladies Unstitched Casual Lawn 2 piece,Ladies Unstitched Casual Lawn 2 piece,Alkaram,https://alkaramstudio.com/products/rts-shirt-trouser-br103-26-2-light-ferozi,yes
alkaram-rts-shirt-dupatta-bd99-26-2-off-white,Alkaram · Ladies Unstitched Casual Lawn 2 piece,,Alkaram,Ladies Unstitched,"brand:Alkaram, gender:ladies, unstitched, fabric:Lawn, pieces:2, type:Casual, colour:Silver",FALSE,Title,Default Title,KJC-LU-ALK-10258,shopify,0,deny,manual,1953.00,2790.00,TRUE,TRUE,https://cdn.shopify.com/s/files/1/0623/6481/1444/files/BD99-26-2-OffWhite-1.jpg?v=1777462836,1,Ladies Unstitched Casual Lawn 2 piece,draft,Lawn,2 piece,Casual,Silver,Alkaram · Ladies Unstitched Casual Lawn 2 piece,Ladies Unstitched Casual Lawn 2 piece,Alkaram,https://alkaramstudio.com/products/rts-shirt-dupatta-bd99-26-2-off-white,yes
alkaram-rts-shirt-dupatta-bd98-26-2-teracotta,Alkaram · Ladies Unstitched Casual Lawn 2 piece,,Alkaram,Ladies Unstitched,"brand:Alkaram, gender:ladies, unstitched, fabric:Lawn, pieces:2, type:Casual, colour:Silver",FALSE,Title,Default Title,KJC-LU-ALK-10259,shopify,0,deny,manual,2790.00,,TRUE,TRUE,https://cdn.shopify.com/s/files/1/0623/6481/1444/files/BD98-26-2-Terracotta-1.jpg?v=1777873012,1,Ladies Unstitched Casual Lawn 2 piece,draft,Lawn,2 piece,Casual,Silver,Alkaram · Ladies Unstitched Casual Lawn 2 piece,Ladies Unstitched Casual Lawn 2 piece,Alkaram,https://alkaramstudio.com/products/rts-shirt-dupatta-bd98-26-2-teracotta,yes
alkaram-rts-shirt-trouser-bd113-26-2-sand-pink,Alkaram · Ladies Unstitched Casual Lawn 2 piece,,Alkaram,Ladies Unstitched,"brand:Alkaram, gender:ladies, unstitched, fabric:Lawn, pieces:2, type:Casual, colour:Silver",FALSE,Title,Default Title,KJC-LU-ALK-10260,shopify,0,deny,manual,2790.00,,TRUE,TRUE,https://cdn.shopify.com/s/files/1/0623/6481/1444/files/BD113-26-2-sandpink-1.jpg?v=1772517996,1,Ladies Unstitched Casual Lawn 2 piece,draft,Lawn,2 piece,Casual,Silver,Alkaram · Ladies Unstitched Casual Lawn 2 piece,Ladies Unstitched Casual Lawn 2 piece,Alkaram,https://alkaramstudio.com/products/rts-shirt-trouser-bd113-26-2-sand-pink,yes
alkaram-rts-shirt-trouser-bd112-26-2-peach,Alkaram · Ladies Unstitched Casual Lawn 2 piece,,Alkaram,Ladies Unstitched,"brand:Alkaram, gender:ladies, unstitched, fabric:Lawn, pieces:2, type:Casual, colour:Silver",FALSE,Title,Default Title,KJC-LU-ALK-10261,shopify,0,deny,manual,2590.00,,TRUE,TRUE,https://cdn.shopify.com/s/files/1/0623/6481/1444/files/BD112-26-2-peach-1.jpg?v=1772517987,1,Ladies Unstitched Casual Lawn 2 piece,draft,Lawn,2 piece,Casual,Silver,Alkaram · Ladies Unstitched Casual Lawn 2 piece,Ladies Unstitched Casual Lawn 2 piece,Alkaram,https://alkaramstudio.com/products/rts-shirt-trouser-bd112-26-2-peach,yes
alkaram-rts-shirt-dupatta-bd101-26-2-mustard,Alkaram · Ladies Unstitched Casual Lawn 2 piece,,Alkaram,Ladies Unstitched,"brand:Alkaram, gender:ladies, unstitched, fabric:Lawn, pieces:2, type:Casual, colour:Silver",FALSE,Title,Default Title,KJC-LU-ALK-10262,shopify,0,deny,manual,1883.00,2690.00,TRUE,TRUE,https://cdn.shopify.com/s/files/1/0623/6481/1444/files/BD101-26-2-mustard-1.jpg?v=1772517977,1,Ladies Unstitched Casual Lawn 2 piece,draft,Lawn,2 piece,Casual,Silver,Alkaram · Ladies Unstitched Casual Lawn 2 piece,Ladies Unstitched Casual Lawn 2 piece,Alkaram,https://alkaramstudio.com/products/rts-shirt-dupatta-bd101-26-2-mustard,yes
alkaram-rts-shirt-dupatta-bd100-26-2-blue,Alkaram · Ladies Unstitched Casual Lawn 2 piece,,Alkaram,Ladies Unstitched,"brand:Alkaram, gender:ladies, unstitched, fabric:Lawn, pieces:2, type:Casual, colour:Silver",FALSE,Title,Default Title,KJC-LU-ALK-10263,shopify,0,deny,manual,1953.00,2790.00,TRUE,TRUE,https://cdn.shopify.com/s/files/1/0623/6481/1444/files/BD100-26-2-Blue-1.jpg?v=1777462709,1,Ladies Unstitched Casual Lawn 2 piece,draft,Lawn,2 piece,Casual,Silver,Alkaram · Ladies Unstitched Casual Lawn 2 piece,Ladies Unstitched Casual Lawn 2 piece,Alkaram,https://alkaramstudio.com/products/rts-shirt-dupatta-bd100-26-2-blue,yes
alkaram-rts-shirt-br71-26-2-grey,Alkaram · Ladies Unstitched Casual Lawn 1 piece,,Alkaram,Ladies Unstitched,"brand:Alkaram, gender:ladies, unstitched, fabric:Lawn, pieces:1, type:Casual, colour:Silver",FALSE,Title,Default Title,KJC-LU-ALK-10264,shopify,0,deny,manual,833.00,1190.00,TRUE,TRUE,https://cdn.shopify.com/s/files/1/0623/6481/1444/files/BR71-26-2-Grey-1_296978f5-a19e-4168-bb1f-8bc0fb770b1a.jpg?v=1771313939,1,Ladies Unstitched Casual Lawn 1 piece,draft,Lawn,1 piece,Casual,Silver,Alkaram · Ladies Unstitched Casual Lawn 1 piece,Ladies Unstitched Casual Lawn 1 piece,Alkaram,https://alkaramstudio.com/products/rts-shirt-br71-26-2-grey,yes
alkaram-rts-shirt-br64-26-2-beige,Alkaram · Ladies Unstitched Casual Lawn 1 piece,,Alkaram,Ladies Unstitched,"brand:Alkaram, gender:ladies, unstitched, fabric:Lawn, pieces:1, type:Casual, colour:Silver",FALSE,Title,Default Title,KJC-LU-ALK-10265,shopify,0,deny,manual,833.00,1190.00,TRUE,TRUE,https://cdn.shopify.com/s/files/1/0623/6481/1444/files/BR64-26-2-Beige-1_3e385025-a782-4976-993a-d9735ac25493.jpg?v=1771313926,1,Ladies Unstitched Casual Lawn 1 piece,draft,Lawn,1 piece,Casual,Silver,Alkaram · Ladies Unstitched Casual Lawn 1 piece,Ladies Unstitched Casual Lawn 1 piece,Alkaram,https://alkaramstudio.com/products/rts-shirt-br64-26-2-beige,yes
alkaram-rts-shirt-bd87-26-2-dark-blue,Alkaram · Ladies Unstitched Casual Lawn 1 piece,,Alkaram,Ladies Unstitched,"brand:Alkaram, gender:ladies, unstitched, fabric:Lawn, pieces:1, type:Casual, colour:Silver",FALSE,Title,Default Title,KJC-LU-ALK-10266,shopify,0,deny,manual,1043.00,1490.00,TRUE,TRUE,https://cdn.shopify.com/s/files/1/0623/6481/1444/files/BD87-26-2-Dark_Blue-1_e7002efb-b5b9-42e8-8cc7-ef48f4d6a35a.jpg?v=1771313915,1,Ladies Unstitched Casual Lawn 1 piece,draft,Lawn,1 piece,Casual,Silver,Alkaram · Ladies Unstitched Casual Lawn 1 piece,Ladies Unstitched Casual Lawn 1 piece,Alkaram,https://alkaramstudio.com/products/rts-shirt-bd87-26-2-dark-blue,yes
alkaram-rts-shirt-bd86-26-2-cream,Alkaram · Ladies Unstitched Casual Lawn 1 piece,,Alkaram,Ladies Unstitched,"brand:Alkaram, gender:ladies, unstitched, fabric:Lawn, pieces:1, type:Casual, colour:Silver",FALSE,Title,Default Title,KJC-LU-ALK-10267,shopify,0,deny,manual,1043.00,1490.00,TRUE,TRUE,https://cdn.shopify.com/s/files/1/0623/6481/1444/files/BD86-26-2-Cream-1_24467a01-a188-43d4-93d7-cad6173c6f93.jpg?v=1771313914,1,Ladies Unstitched Casual Lawn 1 piece,draft,Lawn,1 piece,Casual,Silver,Alkaram · Ladies Unstitched Casual Lawn 1 piece,Ladies Unstitched Casual Lawn 1 piece,Alkaram,https://alkaramstudio.com/products/rts-shirt-bd86-26-2-cream,yes
alkaram-rts-shirt-bd85-26-2-purple,Alkaram · Ladies Unstitched Casual Lawn 1 piece,,Alkaram,Ladies Unstitched,"brand:Alkaram, gender:ladies, unstitched, fabric:Lawn, pieces:1, type:Casual, colour:Purple",FALSE,Title,Default Title,KJC-LU-ALK-10268,shopify,0,deny,manual,973.00,1390.00,TRUE,TRUE,https://cdn.shopify.com/s/files/1/0623/6481/1444/files/BD85-26-2-Purple-1_ae0cf1c8-4b15-4f69-b0ef-a781903eb477.jpg?v=1771313912,1,Ladies Unstitched Casual Lawn 1 piece,draft,Lawn,1 piece,Casual,Purple,Alkaram · Ladies Unstitched Casual Lawn 1 piece,Ladies Unstitched Casual Lawn 1 piece,Alkaram,https://alkaramstudio.com/products/rts-shirt-bd85-26-2-purple,yes
alkaram-rts-shirt-bd84-26-2-brown,Alkaram · Ladies Unstitched Casual Lawn 1 piece,,Alkaram,Ladies Unstitched,"brand:Alkaram, gender:ladies, unstitched, fabric:Lawn, pieces:1, type:Casual, colour:Silver",FALSE,Title,Default Title,KJC-LU-ALK-10269,shopify,0,deny,manual,973.00,1390.00,TRUE,TRUE,https://cdn.shopify.com/s/files/1/0623/6481/1444/files/BD84-26-2-Brown-1_0cf53539-2fa7-4b4c-aa3f-e68c56e55d83.jpg?v=1771313910,1,Ladies Unstitched Casual Lawn 1 piece,draft,Lawn,1 piece,Casual,Silver,Alkaram · Ladies Unstitched Casual Lawn 1 piece,Ladies Unstitched Casual Lawn 1 piece,Alkaram,https://alkaramstudio.com/products/rts-shirt-bd84-26-2-brown,yes
alkaram-rts-shirt-bd80-26-2-midnight-blue,Alkaram · Ladies Unstitched Casual Lawn 1 piece,,Alkaram,Ladies Unstitched,"brand:Alkaram, gender:ladies, unstitched, fabric:Lawn, pieces:1, type:Casual, colour:Silver",FALSE,Title,Default Title,KJC-LU-ALK-10270,shopify,0,deny,manual,1043.00,1490.00,TRUE,TRUE,https://cdn.shopify.com/s/files/1/0623/6481/1444/files/BD80-26-2-Midnight_Blue-1_d10624f2-c102-4667-9038-e7ac55501c62.jpg?v=1771313902,1,Ladies Unstitched Casual Lawn 1 piece,draft,Lawn,1 piece,Casual,Silver,Alkaram · Ladies Unstitched Casual Lawn 1 piece,Ladies Unstitched Casual Lawn 1 piece,Alkaram,https://alkaramstudio.com/products/rts-shirt-bd80-26-2-midnight-blue,yes
alkaram-rts-shirt-bd79-26-2-cream,Alkaram · Ladies Unstitched Casual Lawn 1 piece,,Alkaram,Ladies Unstitched,"brand:Alkaram, gender:ladies, unstitched, fabric:Lawn, pieces:1, type:Casual, colour:Silver",FALSE,Title,Default Title,KJC-LU-ALK-10271,shopify,0,deny,manual,1043.00,1490.00,TRUE,TRUE,https://cdn.shopify.com/s/files/1/0623/6481/1444/files/BD79-26-2-Cream-1_5a89e253-1c07-411c-9665-4a935289b262.jpg?v=1771488258,1,Ladies Unstitched Casual Lawn 1 piece,draft,Lawn,1 piece,Casual,Silver,Alkaram · Ladies Unstitched Casual Lawn 1 piece,Ladies Unstitched Casual Lawn 1 piece,Alkaram,https://alkaramstudio.com/products/rts-shirt-bd79-26-2-cream,yes
alkaram-rts-shirt-trouser-dupatta-ec47-3p26-a-blue,Alkaram · Ladies Unstitched 3 piece,,Alkaram,Ladies Unstitched,"brand:Alkaram, gender:ladies, unstitched, pieces:3",FALSE,Title,Default Title,KJC-LU-ALK-10272,shopify,0,deny,manual,3990.00,,TRUE,TRUE,https://cdn.shopify.com/s/files/1/0623/6481/1444/files/EC47-26-Blue-1_a0f954f3-0bc7-43b9-8a3f-5025454db9d0.jpg?v=1768900938,1,Ladies Unstitched 3 piece,draft,,3 piece,,,Alkaram · Ladies Unstitched 3 piece,Ladies Unstitched 3 piece,Alkaram,https://alkaramstudio.com/products/rts-shirt-trouser-dupatta-ec47-3p26-a-blue,yes
alkaram-rts-shirt-trouser-dupatta-ec103-3p26-b-ferozi,Alkaram · Ladies Unstitched 3 piece,,Alkaram,Ladies Unstitched,"brand:Alkaram, gender:ladies, unstitched, pieces:3",FALSE,Title,Default Title,KJC-LU-ALK-10273,shopify,0,deny,manual,3990.00,,TRUE,TRUE,https://cdn.shopify.com/s/files/1/0623/6481/1444/files/EC103-26-Ferozi-1_9266e771-1ab8-4a0b-b685-3f561dd71189.jpg?v=1768730047,1,Ladies Unstitched 3 piece,draft,,3 piece,,,Alkaram · Ladies Unstitched 3 piece,Ladies Unstitched 3 piece,Alkaram,https://alkaramstudio.com/products/rts-shirt-trouser-dupatta-ec103-3p26-b-ferozi,yes
alkaram-rts-shirt-trouser-dupatta-ec103-3p26-a-rust,Alkaram · Ladies Unstitched 3 piece,,Alkaram,Ladies Unstitched,"brand:Alkaram, gender:ladies, unstitched, pieces:3",FALSE,Title,Default Title,KJC-LU-ALK-10274,shopify,0,deny,manual,3990.00,,TRUE,TRUE,https://cdn.shopify.com/s/files/1/0623/6481/1444/files/EC103-26-Rust-1_c7673e7a-efbf-4b33-8f93-96fbfeb80c26.jpg?v=1768730045,1,Ladies Unstitched 3 piece,draft,,3 piece,,,Alkaram · Ladies Unstitched 3 piece,Ladies Unstitched 3 piece,Alkaram,https://alkaramstudio.com/products/rts-shirt-trouser-dupatta-ec103-3p26-a-rust,yes
alkaram-rts-shirt-trouser-dupatta-ec102-3p26-b-yellow,Alkaram · Ladies Unstitched 3 piece,,Alkaram,Ladies Unstitched,"brand:Alkaram, gender:ladies, unstitched, pieces:3",FALSE,Title,Default Title,KJC-LU-ALK-10275,shopify,0,deny,manual,3990.00,,TRUE,TRUE,https://cdn.shopify.com/s/files/1/0623/6481/1444/files/DSC09292_jpg.jpg?v=1787311425,1,Ladies Unstitched 3 piece,draft,,3 piece,,,Alkaram · Ladies Unstitched 3 piece,Ladies Unstitched 3 piece,Alkaram,https://alkaramstudio.com/products/rts-shirt-trouser-dupatta-ec102-3p26-b-yellow,yes
alkaram-rts-shirt-trouser-dupatta-ec102-3p26-a-blue,Alkaram · Ladies Unstitched 3 piece,,Alkaram,Ladies Unstitched,"brand:Alkaram, gender:ladies, unstitched, pieces:3",FALSE,Title,Default Title,KJC-LU-ALK-10276,shopify,0,deny,manual,3990.00,,TRUE,TRUE,https://cdn.shopify.com/s/files/1/0623/6481/1444/files/EC102-26-Blue-1_fc4a8bb4-9bad-499f-850f-c7553045b082.jpg?v=1768730043,1,Ladies Unstitched 3 piece,draft,,3 piece,,,Alkaram · Ladies Unstitched 3 piece,Ladies Unstitched 3 piece,Alkaram,https://alkaramstudio.com/products/rts-shirt-trouser-dupatta-ec102-3p26-a-blue,yes
alkaram-rts-shirt-trouser-dupatta-ec101-3p26-red,Alkaram · Ladies Unstitched 3 piece,,Alkaram,Ladies Unstitched,"brand:Alkaram, gender:ladies, unstitched, pieces:3",FALSE,Title,Default Title,KJC-LU-ALK-10277,shopify,0,deny,manual,3990.00,,TRUE,TRUE,https://cdn.shopify.com/s/files/1/0623/6481/1444/files/EC101-26-Red-1.jpg?v=1770123057,1,Ladies Unstitched 3 piece,draft,,3 piece,,,Alkaram · Ladies Unstitched 3 piece,Ladies Unstitched 3 piece,Alkaram,https://alkaramstudio.com/products/rts-shirt-trouser-dupatta-ec101-3p26-red,yes
alkaram-rts-shirt-trouser-dupatta-ec100-3p26-rust,Alkaram · Ladies Unstitched 3 piece,,Alkaram,Ladies Unstitched,"brand:Alkaram, gender:ladies, unstitched, pieces:3",FALSE,Title,Default Title,KJC-LU-ALK-10278,shopify,0,deny,manual,3990.00,,TRUE,TRUE,https://cdn.shopify.com/s/files/1/0623/6481/1444/files/EC100-26-Rust-1_3fdcb62a-dd88-421a-8362-b90d082cbb68.jpg?v=1768730038,1,Ladies Unstitched 3 piece,draft,,3 piece,,,Alkaram · Ladies Unstitched 3 piece,Ladies Unstitched 3 piece,Alkaram,https://alkaramstudio.com/products/rts-shirt-trouser-dupatta-ec100-3p26-rust,yes
alkaram-rts-shirt-trouser-dupatta-ec100-26-green,Alkaram · Ladies Unstitched Lawn 3 piece,,Alkaram,Ladies Unstitched,"brand:Alkaram, gender:ladies, unstitched, fabric:Lawn, pieces:3",FALSE,Title,Default Title,KJC-LU-ALK-10279,shopify,0,deny,manual,2793.00,3990.00,TRUE,TRUE,https://cdn.shopify.com/s/files/1/0623/6481/1444/files/EC100-26-Green-1_268edd47-0695-49e9-9ac2-753ed7fd2f08.jpg?v=1768730036,1,Ladies Unstitched Lawn 3 piece,draft,Lawn,3 piece,,,Alkaram · Ladies Unstitched Lawn 3 piece,Ladies Unstitched Lawn 3 piece,Alkaram,https://alkaramstudio.com/products/rts-shirt-trouser-dupatta-ec100-26-green,yes
alkaram-rts-shirt-trouser-dupatta-ec46-3p26-b-blue,Alkaram · Ladies Unstitched 3 piece,,Alkaram,Ladies Unstitched,"brand:Alkaram, gender:ladies, unstitched, pieces:3",FALSE,Title,Default Title,KJC-LU-ALK-10280,shopify,0,deny,manual,3990.00,,TRUE,TRUE,https://cdn.shopify.com/s/files/1/0623/6481/1444/files/EC46-26-Blue-1_b0ad0dbd-2681-4e87-aec7-ec7c681dcc6d.jpg?v=1768730034,1,Ladies Unstitched 3 piece,draft,,3 piece,,,Alkaram · Ladies Unstitched 3 piece,Ladies Unstitched 3 piece,Alkaram,https://alkaramstudio.com/products/rts-shirt-trouser-dupatta-ec46-3p26-b-blue,yes
alkaram-rts-shirt-trouser-dupatta-ec46-3p26-a-pink,Alkaram · Ladies Unstitched 3 piece,,Alkaram,Ladies Unstitched,"brand:Alkaram, gender:ladies, unstitched, pieces:3",FALSE,Title,Default Title,KJC-LU-ALK-10281,shopify,0,deny,manual,3990.00,,TRUE,TRUE,https://cdn.shopify.com/s/files/1/0623/6481/1444/files/EC46-26-Pink-2_10289497-4a33-426f-a339-a3df2e2ef63a.jpg?v=1768730032,1,Ladies Unstitched 3 piece,draft,,3 piece,,,Alkaram · Ladies Unstitched 3 piece,Ladies Unstitched 3 piece,Alkaram,https://alkaramstudio.com/products/rts-shirt-trouser-dupatta-ec46-3p26-a-pink,yes
alkaram-rts-shirt-trouser-dupatta-ef72-26-sea-green,Alkaram · Ladies Unstitched Lawn 3 piece,,Alkaram,Ladies Unstitched,"brand:Alkaram, gender:ladies, unstitched, fabric:Lawn, pieces:3",FALSE,Title,Default Title,KJC-LU-ALK-10282,shopify,0,deny,manual,4990.00,,TRUE,TRUE,https://cdn.shopify.com/s/files/1/0623/6481/1444/files/EF72-26-Sea_Green-1_9dc98927-361c-4b16-91c5-d8d211002586.jpg?v=1768730030,1,Ladies Unstitched Lawn 3 piece,draft,Lawn,3 piece,,,Alkaram · Ladies Unstitched Lawn 3 piece,Ladies Unstitched Lawn 3 piece,Alkaram,https://alkaramstudio.com/products/rts-shirt-trouser-dupatta-ef72-26-sea-green,yes
alkaram-rts-shirt-trouser-dupatta-ef72-26-beige,Alkaram · Ladies Unstitched Lawn 3 piece,,Alkaram,Ladies Unstitched,"brand:Alkaram, gender:ladies, unstitched, fabric:Lawn, pieces:3",FALSE,Title,Default Title,KJC-LU-ALK-10283,shopify,0,deny,manual,4990.00,,TRUE,TRUE,https://cdn.shopify.com/s/files/1/0623/6481/1444/files/EF72-26-Beige-1_af646650-a170-424d-a34e-b491a9fbda24.jpg?v=1768730029,1,Ladies Unstitched Lawn 3 piece,draft,Lawn,3 piece,,,Alkaram · Ladies Unstitched Lawn 3 piece,Ladies Unstitched Lawn 3 piece,Alkaram,https://alkaramstudio.com/products/rts-shirt-trouser-dupatta-ef72-26-beige,yes
alkaram-rts-shirt-trouser-dupatta-ef18-26-olive-green,Alkaram · Ladies Unstitched Lawn 3 piece,,Alkaram,Ladies Unstitched,"brand:Alkaram, gender:ladies, unstitched, fabric:Lawn, pieces:3",FALSE,Title,Default Title,KJC-LU-ALK-10284,shopify,0,deny,manual,3353.00,4790.00,TRUE,TRUE,https://cdn.shopify.com/s/files/1/0623/6481/1444/files/EF18-26-Olive_Green-1_8d5773d4-61fa-4482-b66e-d909b1b1f3b6.jpg?v=1768730018,1,Ladies Unstitched Lawn 3 piece,draft,Lawn,3 piece,,,Alkaram · Ladies Unstitched Lawn 3 piece,Ladies Unstitched Lawn 3 piece,Alkaram,https://alkaramstudio.com/products/rts-shirt-trouser-dupatta-ef18-26-olive-green,yes
alkaram-rts-shirt-trouser-dupatta-ef18-26-sea-green,Alkaram · Ladies Unstitched Lawn 3 piece,,Alkaram,Ladies Unstitched,"brand:Alkaram, gender:ladies, unstitched, fabric:Lawn, pieces:3",FALSE,Title,Default Title,KJC-LU-ALK-10285,shopify,0,deny,manual,3353.00,4790.00,TRUE,TRUE,https://cdn.shopify.com/s/files/1/0623/6481/1444/files/EF18-26-Sea_Green-1_4b3a67b1-60a6-4111-8b39-e89463f064a0.jpg?v=1768730017,1,Ladies Unstitched Lawn 3 piece,draft,Lawn,3 piece,,,Alkaram · Ladies Unstitched Lawn 3 piece,Ladies Unstitched Lawn 3 piece,Alkaram,https://alkaramstudio.com/products/rts-shirt-trouser-dupatta-ef18-26-sea-green,yes
alkaram-rts-shirt-trouser-dupatta-sl-25-26-yellow,Alkaram · Ladies Unstitched Formal 3 piece,,Alkaram,Ladies Unstitched,"brand:Alkaram, gender:ladies, unstitched, pieces:3, type:Formal",FALSE,Title,Default Title,KJC-LU-ALK-10286,shopify,0,deny,manual,6993.00,9990.00,TRUE,TRUE,https://cdn.shopify.com/s/files/1/0623/6481/1444/files/SL-25-26-Yellow-1_d4fdbb64-709f-467b-aa74-4875357a6024.jpg?v=1768558980,1,Ladies Unstitched Formal 3 piece,draft,,3 piece,Formal,,Alkaram · Ladies Unstitched Formal 3 piece,Ladies Unstitched Formal 3 piece,Alkaram,https://alkaramstudio.com/products/rts-shirt-trouser-dupatta-sl-25-26-yellow,yes
alkaram-rts-shirt-trouser-dupatta-sl-23-26-peach,Alkaram · Ladies Unstitched Formal 3 piece,,Alkaram,Ladies Unstitched,"brand:Alkaram, gender:ladies, unstitched, pieces:3, type:Formal",FALSE,Title,Default Title,KJC-LU-ALK-10287,shopify,0,deny,manual,6993.00,9990.00,TRUE,TRUE,https://cdn.shopify.com/s/files/1/0623/6481/1444/files/SL-23-26-Peach-1.jpg?v=1768558919,1,Ladies Unstitched Formal 3 piece,draft,,3 piece,Formal,,Alkaram · Ladies Unstitched Formal 3 piece,Ladies Unstitched Formal 3 piece,Alkaram,https://alkaramstudio.com/products/rts-shirt-trouser-dupatta-sl-23-26-peach,yes
alkaram-rts-shirt-trouser-dupatta-sl-19-26-light-blue,Alkaram · Ladies Unstitched Formal 3 piece,,Alkaram,Ladies Unstitched,"brand:Alkaram, gender:ladies, unstitched, pieces:3, type:Formal",FALSE,Title,Default Title,KJC-LU-ALK-10288,shopify,0,deny,manual,5943.00,8490.00,TRUE,TRUE,https://cdn.shopify.com/s/files/1/0623/6481/1444/files/SL-19-26-Light_Blue-1_dc9a802a-91b1-41c3-923a-5d6095ebd39b.jpg?v=1768391620,1,Ladies Unstitched Formal 3 piece,draft,,3 piece,Formal,,Alkaram · Ladies Unstitched Formal 3 piece,Ladies Unstitched Formal 3 piece,Alkaram,https://alkaramstudio.com/products/rts-shirt-trouser-dupatta-sl-19-26-light-blue,yes
alkaram-rts-shirt-trouser-dupatta-sl-15-26-peach,Alkaram · Ladies Unstitched Formal 3 piece,,Alkaram,Ladies Unstitched,"brand:Alkaram, gender:ladies, unstitched, pieces:3, type:Formal",FALSE,Title,Default Title,KJC-LU-ALK-10289,shopify,0,deny,manual,5943.00,8490.00,TRUE,TRUE,https://cdn.shopify.com/s/files/1/0623/6481/1444/files/SL-15-26-Peach-1_d480ac51-3c7d-461a-a818-475a33976b85.jpg?v=1768391612,1,Ladies Unstitched Formal 3 piece,draft,,3 piece,Formal,,Alkaram · Ladies Unstitched Formal 3 piece,Ladies Unstitched Formal 3 piece,Alkaram,https://alkaramstudio.com/products/rts-shirt-trouser-dupatta-sl-15-26-peach,yes
alkaram-rts-shirt-trouser-dupatta-sl-14-26-blue,Alkaram · Ladies Unstitched 3 piece,,Alkaram,Ladies Unstitched,"brand:Alkaram, gender:ladies, unstitched, pieces:3",FALSE,Title,Default Title,KJC-LU-ALK-10290,shopify,0,deny,manual,5943.00,8490.00,TRUE,TRUE,https://cdn.shopify.com/s/files/1/0623/6481/1444/files/SL-14-26-Blue-1_66460d44-1db0-4f77-b3fd-36c239a2451a.jpg?v=1768391608,1,Ladies Unstitched 3 piece,draft,,3 piece,,,Alkaram · Ladies Unstitched 3 piece,Ladies Unstitched 3 piece,Alkaram,https://alkaramstudio.com/products/rts-shirt-trouser-dupatta-sl-14-26-blue,yes
alkaram-rts-shirt-trouser-dupatta-sl-13-26-yellow,Alkaram · Ladies Unstitched Formal 3 piece,,Alkaram,Ladies Unstitched,"brand:Alkaram, gender:ladies, unstitched, pieces:3, type:Formal",FALSE,Title,Default Title,KJC-LU-ALK-10291,shopify,0,deny,manual,5243.00,7490.00,TRUE,TRUE,https://cdn.shopify.com/s/files/1/0623/6481/1444/files/SL-13-26-Yellow-1_e845589b-9112-462a-ab5a-748a1aabbdf7.jpg?v=1768391606,1,Ladies Unstitched Formal 3 piece,draft,,3 piece,Formal,,Alkaram · Ladies Unstitched Formal 3 piece,Ladies Unstitched Formal 3 piece,Alkaram,https://alkaramstudio.com/products/rts-shirt-trouser-dupatta-sl-13-26-yellow,yes
alkaram-rts-shirt-trouser-dupatta-sl-12-26-blue,Alkaram · Ladies Unstitched 3 piece,,Alkaram,Ladies Unstitched,"brand:Alkaram, gender:ladies, unstitched, pieces:3",FALSE,Title,Default Title,KJC-LU-ALK-10292,shopify,0,deny,manual,5243.00,7490.00,TRUE,TRUE,https://cdn.shopify.com/s/files/1/0623/6481/1444/files/SL-12-26-Blue-1.jpg?v=1768558846,1,Ladies Unstitched 3 piece,draft,,3 piece,,,Alkaram · Ladies Unstitched 3 piece,Ladies Unstitched 3 piece,Alkaram,https://alkaramstudio.com/products/rts-shirt-trouser-dupatta-sl-12-26-blue,yes
alkaram-rts-shirt-trouser-dupatta-sl-10-26-grey,Alkaram · Ladies Unstitched Formal 3 piece,,Alkaram,Ladies Unstitched,"brand:Alkaram, gender:ladies, unstitched, pieces:3, type:Formal",FALSE,Title,Default Title,KJC-LU-ALK-10293,shopify,0,deny,manual,6993.00,9990.00,TRUE,TRUE,https://cdn.shopify.com/s/files/1/0623/6481/1444/files/SL-10-26-Grey-1.jpg?v=1768558835,1,Ladies Unstitched Formal 3 piece,draft,,3 piece,Formal,,Alkaram · Ladies Unstitched Formal 3 piece,Ladies Unstitched Formal 3 piece,Alkaram,https://alkaramstudio.com/products/rts-shirt-trouser-dupatta-sl-10-26-grey,yes
alkaram-rts-shirt-trouser-dupatta-ss-60-1-25-3-pink,Alkaram · Ladies Unstitched Lawn 3 piece,,Alkaram,Ladies Unstitched,"brand:Alkaram, gender:ladies, unstitched, fabric:Lawn, pieces:3",FALSE,Title,Default Title,KJC-LU-ALK-10294,shopify,0,deny,manual,3003.00,4290.00,TRUE,TRUE,https://cdn.shopify.com/s/files/1/0623/6481/1444/files/SS-60.1-25-3-Pink-1_99972f40-e135-4389-a35d-b59d9afaf566.jpg?v=1768297187,1,Ladies Unstitched Lawn 3 piece,draft,Lawn,3 piece,,,Alkaram · Ladies Unstitched Lawn 3 piece,Ladies Unstitched Lawn 3 piece,Alkaram,https://alkaramstudio.com/products/rts-shirt-trouser-dupatta-ss-60-1-25-3-pink,yes
alkaram-rts-shirt-trouser-dupatta-ss-59-1-25-3-blue,Alkaram · Ladies Unstitched Lawn 3 piece,,Alkaram,Ladies Unstitched,"brand:Alkaram, gender:ladies, unstitched, fabric:Lawn, pieces:3",FALSE,Title,Default Title,KJC-LU-ALK-10295,shopify,0,deny,manual,3003.00,4290.00,TRUE,TRUE,https://cdn.shopify.com/s/files/1/0623/6481/1444/files/SS-59.1-25-3-Blue-1_80c22fc7-b499-4b00-a07b-d79881a4d09f.jpg?v=1768297184,1,Ladies Unstitched Lawn 3 piece,draft,Lawn,3 piece,,,Alkaram · Ladies Unstitched Lawn 3 piece,Ladies Unstitched Lawn 3 piece,Alkaram,https://alkaramstudio.com/products/rts-shirt-trouser-dupatta-ss-59-1-25-3-blue,yes
alkaram-rts-shirt-trouser-dupatta-ss-58-1-25-3-green,Alkaram · Ladies Unstitched Lawn 3 piece,,Alkaram,Ladies Unstitched,"brand:Alkaram, gender:ladies, unstitched, fabric:Lawn, pieces:3",FALSE,Title,Default Title,KJC-LU-ALK-10296,shopify,0,deny,manual,3003.00,4290.00,TRUE,TRUE,https://cdn.shopify.com/s/files/1/0623/6481/1444/files/SS-58.1-25-3-GREEN-1_638b51de-8305-4f40-824f-939c0bbe4973.jpg?v=1768297180,1,Ladies Unstitched Lawn 3 piece,draft,Lawn,3 piece,,,Alkaram · Ladies Unstitched Lawn 3 piece,Ladies Unstitched Lawn 3 piece,Alkaram,https://alkaramstudio.com/products/rts-shirt-trouser-dupatta-ss-58-1-25-3-green,yes
alkaram-rts-shirt-trouser-dupatta-ss-58-1-25-3-pink,Alkaram · Ladies Unstitched Lawn 3 piece,,Alkaram,Ladies Unstitched,"brand:Alkaram, gender:ladies, unstitched, fabric:Lawn, pieces:3",FALSE,Title,Default Title,KJC-LU-ALK-10297,shopify,0,deny,manual,3003.00,4290.00,TRUE,TRUE,https://cdn.shopify.com/s/files/1/0623/6481/1444/files/SS-58.1-25-3-PINK-1_85afcfbf-a782-4e84-9a90-a21b1f186768.jpg?v=1768297177,1,Ladies Unstitched Lawn 3 piece,draft,Lawn,3 piece,,,Alkaram · Ladies Unstitched Lawn 3 piece,Ladies Unstitched Lawn 3 piece,Alkaram,https://alkaramstudio.com/products/rts-shirt-trouser-dupatta-ss-58-1-25-3-pink,yes
alkaram-rts-shirt-trouser-dupatta-sss60-3p26-red,Alkaram · Ladies Unstitched 3 piece,,Alkaram,Ladies Unstitched,"brand:Alkaram, gender:ladies, unstitched, pieces:3",FALSE,Title,Default Title,KJC-LU-ALK-10298,shopify,0,deny,manual,3990.00,,TRUE,TRUE,https://cdn.shopify.com/s/files/1/0623/6481/1444/files/SS-60-25-3-Red-1_961ca3b3-f076-41ae-9c4e-1555bff9bebe.jpg?v=1768297173,1,Ladies Unstitched 3 piece,draft,,3 piece,,,Alkaram · Ladies Unstitched 3 piece,Ladies Unstitched 3 piece,Alkaram,https://alkaramstudio.com/products/rts-shirt-trouser-dupatta-sss60-3p26-red,yes
alkaram-rts-shirt-trouser-dupatta-ss-60-25-3-beige,Alkaram · Ladies Unstitched Lawn 3 piece,,Alkaram,Ladies Unstitched,"brand:Alkaram, gender:ladies, unstitched, fabric:Lawn, pieces:3",FALSE,Title,Default Title,KJC-LU-ALK-10299,shopify,0,deny,manual,3213.00,4590.00,TRUE,TRUE,https://cdn.shopify.com/s/files/1/0623/6481/1444/files/SS-60-25-3-Beige-1_0b6d70c4-cde0-4ac7-9286-5a8170d6cc58.jpg?v=1768297172,1,Ladies Unstitched Lawn 3 piece,draft,Lawn,3 piece,,,Alkaram · Ladies Unstitched Lawn 3 piece,Ladies Unstitched Lawn 3 piece,Alkaram,https://alkaramstudio.com/products/rts-shirt-trouser-dupatta-ss-60-25-3-beige,yes
alkaram-rts-shirt-trouser-dupatta-ms185-3p26-b-maroon,Alkaram · Ladies Unstitched 3 piece,,Alkaram,Ladies Unstitched,"brand:Alkaram, gender:ladies, unstitched, pieces:3",FALSE,Title,Default Title,KJC-LU-ALK-10300,shopify,0,deny,manual,3990.00,,TRUE,TRUE,https://cdn.shopify.com/s/files/1/0623/6481/1444/files/MS-185-26-Maroon-1.jpg?v=1768386502,1,Ladies Unstitched 3 piece,draft,,3 piece,,,Alkaram · Ladies Unstitched 3 piece,Ladies Unstitched 3 piece,Alkaram,https://alkaramstudio.com/products/rts-shirt-trouser-dupatta-ms185-3p26-b-maroon,yes
alkaram-rts-shirt-trouser-dupatta-ms185-3p26-purple,Alkaram · Ladies Unstitched 3 piece,,Alkaram,Ladies Unstitched,"brand:Alkaram, gender:ladies, unstitched, pieces:3, colour:Purple",FALSE,Title,Default Title,KJC-LU-ALK-10301,shopify,0,deny,manual,3990.00,,TRUE,TRUE,https://cdn.shopify.com/s/files/1/0623/6481/1444/files/MS-185-26-Purple-1.jpg?v=1768386532,1,Ladies Unstitched 3 piece,draft,,3 piece,,Purple,Alkaram · Ladies Unstitched 3 piece,Ladies Unstitched 3 piece,Alkaram,https://alkaramstudio.com/products/rts-shirt-trouser-dupatta-ms185-3p26-purple,yes
alkaram-rts-shirt-trouser-dupatta-ms-177-26-off-white,Alkaram · Ladies Unstitched 3 piece,,Alkaram,Ladies Unstitched,"brand:Alkaram, gender:ladies, unstitched, pieces:3",FALSE,Title,Default Title,KJC-LU-ALK-10302,shopify,0,deny,manual,5390.00,,TRUE,TRUE,https://cdn.shopify.com/s/files/1/0623/6481/1444/files/MS-177-26-OffWhite-1_jpg.jpg?v=1783929821,1,Ladies Unstitched 3 piece,draft,,3 piece,,,Alkaram · Ladies Unstitched 3 piece,Ladies Unstitched 3 piece,Alkaram,https://alkaramstudio.com/products/rts-shirt-trouser-dupatta-ms-177-26-off-white,yes
alkaram-rts-shirt-trouser-dupatta-ms-ms157-3p26-peach,Alkaram · Ladies Unstitched 3 piece,,Alkaram,Ladies Unstitched,"brand:Alkaram, gender:ladies, unstitched, pieces:3",FALSE,Title,Default Title,KJC-LU-ALK-10303,shopify,0,deny,manual,3990.00,,TRUE,TRUE,https://cdn.shopify.com/s/files/1/0623/6481/1444/files/MS-157.1-26-Peach-1.jpg?v=1768386424,1,Ladies Unstitched 3 piece,draft,,3 piece,,,Alkaram · Ladies Unstitched 3 piece,Ladies Unstitched 3 piece,Alkaram,https://alkaramstudio.com/products/rts-shirt-trouser-dupatta-ms-ms157-3p26-peach,yes
alkaram-rts-shirt-trouser-dupatta-ms154-3p36-black,Alkaram · Ladies Unstitched 3 piece,,Alkaram,Ladies Unstitched,"brand:Alkaram, gender:ladies, unstitched, pieces:3",FALSE,Title,Default Title,KJC-LU-ALK-10304,shopify,0,deny,manual,3990.00,,TRUE,TRUE,https://cdn.shopify.com/s/files/1/0623/6481/1444/files/MS-154.1-26-Grey-1.jpg?v=1768386409,1,Ladies Unstitched 3 piece,draft,,3 piece,,,Alkaram · Ladies Unstitched 3 piece,Ladies Unstitched 3 piece,Alkaram,https://alkaramstudio.com/products/rts-shirt-trouser-dupatta-ms154-3p36-black,yes
alkaram-rts-shirt-trouser-dupatta-ms153-3p26-brown,Alkaram · Ladies Unstitched 3 piece,,Alkaram,Ladies Unstitched,"brand:Alkaram, gender:ladies, unstitched, pieces:3",FALSE,Title,Default Title,KJC-LU-ALK-10305,shopify,0,deny,manual,3990.00,,TRUE,TRUE,https://cdn.shopify.com/s/files/1/0623/6481/1444/files/MS-153.1-26-Brown-1.jpg?v=1768386399,1,Ladies Unstitched 3 piece,draft,,3 piece,,,Alkaram · Ladies Unstitched 3 piece,Ladies Unstitched 3 piece,Alkaram,https://alkaramstudio.com/products/rts-shirt-trouser-dupatta-ms153-3p26-brown,yes
alkaram-rts-shirt-trouser-dupatta-ms152-3p26-red,Alkaram · Ladies Unstitched 3 piece,,Alkaram,Ladies Unstitched,"brand:Alkaram, gender:ladies, unstitched, pieces:3",FALSE,Title,Default Title,KJC-LU-ALK-10306,shopify,0,deny,manual,3990.00,,TRUE,TRUE,https://cdn.shopify.com/s/files/1/0623/6481/1444/files/MS-152.1-26-Red-1.jpg?v=1768386367,1,Ladies Unstitched 3 piece,draft,,3 piece,,,Alkaram · Ladies Unstitched 3 piece,Ladies Unstitched 3 piece,Alkaram,https://alkaramstudio.com/products/rts-shirt-trouser-dupatta-ms152-3p26-red,yes
alkaram-rts-shirt-trouser-dupatta-ms150-3p26-green,Alkaram · Ladies Unstitched 3 piece,,Alkaram,Ladies Unstitched,"brand:Alkaram, gender:ladies, unstitched, pieces:3",FALSE,Title,Default Title,KJC-LU-ALK-10307,shopify,0,deny,manual,3990.00,,TRUE,TRUE,https://cdn.shopify.com/s/files/1/0623/6481/1444/files/MS-150.1-26-Green-1.jpg?v=1768386337,1,Ladies Unstitched 3 piece,draft,,3 piece,,,Alkaram · Ladies Unstitched 3 piece,Ladies Unstitched 3 piece,Alkaram,https://alkaramstudio.com/products/rts-shirt-trouser-dupatta-ms150-3p26-green,yes
alkaram-rts-shirt-trouser-dupatta-ms149-3p26-b-blue,Alkaram · Ladies Unstitched 3 piece,,Alkaram,Ladies Unstitched,"brand:Alkaram, gender:ladies, unstitched, pieces:3",FALSE,Title,Default Title,KJC-LU-ALK-10308,shopify,0,deny,manual,3990.00,,TRUE,TRUE,https://cdn.shopify.com/s/files/1/0623/6481/1444/files/MS-149.1-26-Blue-1.jpg?v=1768386304,1,Ladies Unstitched 3 piece,draft,,3 piece,,,Alkaram · Ladies Unstitched 3 piece,Ladies Unstitched 3 piece,Alkaram,https://alkaramstudio.com/products/rts-shirt-trouser-dupatta-ms149-3p26-b-blue,yes
alkaram-rts-shirt-trouser-dupatta-ms149-3p26-a-pink,Alkaram · Ladies Unstitched 3 piece,,Alkaram,Ladies Unstitched,"brand:Alkaram, gender:ladies, unstitched, pieces:3",FALSE,Title,Default Title,KJC-LU-ALK-10309,shopify,0,deny,manual,3990.00,,TRUE,TRUE,https://cdn.shopify.com/s/files/1/0623/6481/1444/files/MS-149.1-26-Pink-1.jpg?v=1768386325,1,Ladies Unstitched 3 piece,draft,,3 piece,,,Alkaram · Ladies Unstitched 3 piece,Ladies Unstitched 3 piece,Alkaram,https://alkaramstudio.com/products/rts-shirt-trouser-dupatta-ms149-3p26-a-pink,yes
alkaram-rts-shirt-trouser-dupatta-ms148-3p26-a-green,Alkaram · Ladies Unstitched 3 piece,,Alkaram,Ladies Unstitched,"brand:Alkaram, gender:ladies, unstitched, pieces:3",FALSE,Title,Default Title,KJC-LU-ALK-10310,shopify,0,deny,manual,3990.00,,TRUE,TRUE,https://cdn.shopify.com/s/files/1/0623/6481/1444/files/MS-148.1-26-Green-1.jpg?v=1768386279,1,Ladies Unstitched 3 piece,draft,,3 piece,,,Alkaram · Ladies Unstitched 3 piece,Ladies Unstitched 3 piece,Alkaram,https://alkaramstudio.com/products/rts-shirt-trouser-dupatta-ms148-3p26-a-green,yes
alkaram-rts-shirt-trouser-dupatta-ms146-3p26-purple,Alkaram · Ladies Unstitched 3 piece,,Alkaram,Ladies Unstitched,"brand:Alkaram, gender:ladies, unstitched, pieces:3, colour:Purple",FALSE,Title,Default Title,KJC-LU-ALK-10311,shopify,0,deny,manual,3990.00,,TRUE,TRUE,https://cdn.shopify.com/s/files/1/0623/6481/1444/files/MS-146.1-26-Purple-1.jpg?v=1768386263,1,Ladies Unstitched 3 piece,draft,,3 piece,,Purple,Alkaram · Ladies Unstitched 3 piece,Ladies Unstitched 3 piece,Alkaram,https://alkaramstudio.com/products/rts-shirt-trouser-dupatta-ms146-3p26-purple,yes
alkaram-rts-shirt-trouser-dupatta-ec98-26-teal,Alkaram · Ladies Unstitched Lawn 3 piece,,Alkaram,Ladies Unstitched,"brand:Alkaram, gender:ladies, unstitched, fabric:Lawn, pieces:3",FALSE,Title,Default Title,KJC-LU-ALK-10312,shopify,0,deny,manual,2793.00,3990.00,TRUE,TRUE,https://cdn.shopify.com/s/files/1/0623/6481/1444/files/EC98-26-Teal-1_8bfeb896-e629-499c-9868-9af3c277960c.jpg?v=1768051216,1,Ladies Unstitched Lawn 3 piece,draft,Lawn,3 piece,,,Alkaram · Ladies Unstitched Lawn 3 piece,Ladies Unstitched Lawn 3 piece,Alkaram,https://alkaramstudio.com/products/rts-shirt-trouser-dupatta-ec98-26-teal,yes
alkaram-rts-shirt-trouser-dupatta-ec98-3p26-purple,Alkaram · Ladies Unstitched 3 piece,,Alkaram,Ladies Unstitched,"brand:Alkaram, gender:ladies, unstitched, pieces:3, colour:Purple",FALSE,Title,Default Title,KJC-LU-ALK-10313,shopify,0,deny,manual,3990.00,,TRUE,TRUE,https://cdn.shopify.com/s/files/1/0623/6481/1444/files/ChatGPTImageJul24_2026_02_19_51PMcopy.jpg_2.jpg?v=1787556123,1,Ladies Unstitched 3 piece,draft,,3 piece,,Purple,Alkaram · Ladies Unstitched 3 piece,Ladies Unstitched 3 piece,Alkaram,https://alkaramstudio.com/products/rts-shirt-trouser-dupatta-ec98-3p26-purple,yes
alkaram-rts-shirt-trouser-dupatta-ec97-26-purple,Alkaram · Ladies Unstitched Lawn 3 piece,,Alkaram,Ladies Unstitched,"brand:Alkaram, gender:ladies, unstitched, fabric:Lawn, pieces:3, colour:Purple",FALSE,Title,Default Title,KJC-LU-ALK-10314,shopify,0,deny,manual,3003.00,4290.00,TRUE,TRUE,https://cdn.shopify.com/s/files/1/0623/6481/1444/files/EC97-26-Purple-1_720d838d-b026-468d-b1a9-ccae31e660a9.jpg?v=1768051213,1,Ladies Unstitched Lawn 3 piece,draft,Lawn,3 piece,,Purple,Alkaram · Ladies Unstitched Lawn 3 piece,Ladies Unstitched Lawn 3 piece,Alkaram,https://alkaramstudio.com/products/rts-shirt-trouser-dupatta-ec97-26-purple,yes
alkaram-rts-shirt-trouser-dupatta-ec96-26-grey,Alkaram · Ladies Unstitched 3 piece,,Alkaram,Ladies Unstitched,"brand:Alkaram, gender:ladies, unstitched, pieces:3",FALSE,Title,Default Title,KJC-LU-ALK-10315,shopify,0,deny,manual,4590.00,,TRUE,TRUE,https://cdn.shopify.com/s/files/1/0623/6481/1444/files/EC96-26-Grey-1.jpg?v=1768896930,1,Ladies Unstitched 3 piece,draft,,3 piece,,,Alkaram · Ladies Unstitched 3 piece,Ladies Unstitched 3 piece,Alkaram,https://alkaramstudio.com/products/rts-shirt-trouser-dupatta-ec96-26-grey,yes
alkaram-rts-shirt-trouser-ec95-26-beige,Alkaram · Ladies Unstitched Lawn 2 piece,,Alkaram,Ladies Unstitched,"brand:Alkaram, gender:ladies, unstitched, fabric:Lawn, pieces:2",FALSE,Title,Default Title,KJC-LU-ALK-10316,shopify,0,deny,manual,3003.00,4290.00,TRUE,TRUE,https://cdn.shopify.com/s/files/1/0623/6481/1444/files/EC95-26-Beige-1_91677164-9000-499c-a357-3fc96bf59f52.jpg?v=1768051210,1,Ladies Unstitched Lawn 2 piece,draft,Lawn,2 piece,,,Alkaram · Ladies Unstitched Lawn 2 piece,Ladies Unstitched Lawn 2 piece,Alkaram,https://alkaramstudio.com/products/rts-shirt-trouser-ec95-26-beige,yes
alkaram-rts-shirt-trouser-dupatta-ec94-26-yellow,Alkaram · Ladies Unstitched Lawn 3 piece,,Alkaram,Ladies Unstitched,"brand:Alkaram, gender:ladies, unstitched, fabric:Lawn, pieces:3",FALSE,Title,Default Title,KJC-LU-ALK-10317,shopify,0,deny,manual,3353.00,4790.00,TRUE,TRUE,https://cdn.shopify.com/s/files/1/0623/6481/1444/files/EC94-26-Yellow-1_e787fb7c-88d7-438d-bd4b-f50a5ca30583.jpg?v=1768051208,1,Ladies Unstitched Lawn 3 piece,draft,Lawn,3 piece,,,Alkaram · Ladies Unstitched Lawn 3 piece,Ladies Unstitched Lawn 3 piece,Alkaram,https://alkaramstudio.com/products/rts-shirt-trouser-dupatta-ec94-26-yellow,yes
alkaram-rts-shirt-trouser-dupatta-ec93-26-brown,Alkaram · Ladies Unstitched Lawn 3 piece,,Alkaram,Ladies Unstitched,"brand:Alkaram, gender:ladies, unstitched, fabric:Lawn, pieces:3",FALSE,Title,Default Title,KJC-LU-ALK-10318,shopify,0,deny,manual,4590.00,,TRUE,TRUE,https://cdn.shopify.com/s/files/1/0623/6481/1444/files/EC93-26-Brown-1.jpg?v=1768393783,1,Ladies Unstitched Lawn 3 piece,draft,Lawn,3 piece,,,Alkaram · Ladies Unstitched Lawn 3 piece,Ladies Unstitched Lawn 3 piece,Alkaram,https://alkaramstudio.com/products/rts-shirt-trouser-dupatta-ec93-26-brown,yes
alkaram-rts-shirt-trouser-dupatta-ec92-26-off-white,Alkaram · Ladies Unstitched Lawn 3 piece,,Alkaram,Ladies Unstitched,"brand:Alkaram, gender:ladies, unstitched, fabric:Lawn, pieces:3",FALSE,Title,Default Title,KJC-LU-ALK-10319,shopify,0,deny,manual,3353.00,4790.00,TRUE,TRUE,https://cdn.shopify.com/s/files/1/0623/6481/1444/files/EC92-26-Off_White-1_4b44b43d-a091-4ffa-ac3a-8d3621ab90e6.jpg?v=1768051205,1,Ladies Unstitched Lawn 3 piece,draft,Lawn,3 piece,,,Alkaram · Ladies Unstitched Lawn 3 piece,Ladies Unstitched Lawn 3 piece,Alkaram,https://alkaramstudio.com/products/rts-shirt-trouser-dupatta-ec92-26-off-white,yes
alkaram-rts-shirt-trouser-dupatta-ec91-26-green,Alkaram · Ladies Unstitched Lawn 3 piece,,Alkaram,Ladies Unstitched,"brand:Alkaram, gender:ladies, unstitched, fabric:Lawn, pieces:3",FALSE,Title,Default Title,KJC-LU-ALK-10320,shopify,0,deny,manual,3353.00,4790.00,TRUE,TRUE,https://cdn.shopify.com/s/files/1/0623/6481/1444/files/EC91-26-Green-1.jpg?v=1768393774,1,Ladies Unstitched Lawn 3 piece,draft,Lawn,3 piece,,,Alkaram · Ladies Unstitched Lawn 3 piece,Ladies Unstitched Lawn 3 piece,Alkaram,https://alkaramstudio.com/products/rts-shirt-trouser-dupatta-ec91-26-green,yes
alkaram-rts-shirt-trouser-dupatta-ec84-26-white,Alkaram · Ladies Unstitched Lawn 3 piece,,Alkaram,Ladies Unstitched,"brand:Alkaram, gender:ladies, unstitched, fabric:Lawn, pieces:3",FALSE,Title,Default Title,KJC-LU-ALK-10321,shopify,0,deny,manual,4193.00,5990.00,TRUE,TRUE,https://cdn.shopify.com/s/files/1/0623/6481/1444/files/EC84-26-White-1.jpg?v=1768896897,1,Ladies Unstitched Lawn 3 piece,draft,Lawn,3 piece,,,Alkaram · Ladies Unstitched Lawn 3 piece,Ladies Unstitched Lawn 3 piece,Alkaram,https://alkaramstudio.com/products/rts-shirt-trouser-dupatta-ec84-26-white,yes
alkaram-rts-shirt-trouser-dupatta-ec83-26-beige,Alkaram · Ladies Unstitched Lawn 3 piece,,Alkaram,Ladies Unstitched,"brand:Alkaram, gender:ladies, unstitched, fabric:Lawn, pieces:3",FALSE,Title,Default Title,KJC-LU-ALK-10322,shopify,0,deny,manual,4473.00,6390.00,TRUE,TRUE,https://cdn.shopify.com/s/files/1/0623/6481/1444/files/EC83-26-Beige-1.jpg?v=1768896878,1,Ladies Unstitched Lawn 3 piece,draft,Lawn,3 piece,,,Alkaram · Ladies Unstitched Lawn 3 piece,Ladies Unstitched Lawn 3 piece,Alkaram,https://alkaramstudio.com/products/rts-shirt-trouser-dupatta-ec83-26-beige,yes
alkaram-rts-shirt-dupatta-ec106-26-blue,Alkaram · Ladies Unstitched Lawn 2 piece,,Alkaram,Ladies Unstitched,"brand:Alkaram, gender:ladies, unstitched, fabric:Lawn, pieces:2",FALSE,Title,Default Title,KJC-LU-ALK-10323,shopify,0,deny,manual,2093.00,2990.00,TRUE,TRUE,https://cdn.shopify.com/s/files/1/0623/6481/1444/files/EC106-26-Blue-1_1ec216f9-5618-4f97-b2d0-aed243703996.jpg?v=1768051182,1,Ladies Unstitched Lawn 2 piece,draft,Lawn,2 piece,,,Alkaram · Ladies Unstitched Lawn 2 piece,Ladies Unstitched Lawn 2 piece,Alkaram,https://alkaramstudio.com/products/rts-shirt-dupatta-ec106-26-blue,yes
alkaram-rts-shirt-trouser-ec105-26-brown,Alkaram · Ladies Unstitched Lawn 2 piece,,Alkaram,Ladies Unstitched,"brand:Alkaram, gender:ladies, unstitched, fabric:Lawn, pieces:2",FALSE,Title,Default Title,KJC-LU-ALK-10324,shopify,0,deny,manual,3213.00,4590.00,TRUE,TRUE,https://cdn.shopify.com/s/files/1/0623/6481/1444/files/EC105-26-Brown-1.jpg?v=1768896947,1,Ladies Unstitched Lawn 2 piece,draft,Lawn,2 piece,,,Alkaram · Ladies Unstitched Lawn 2 piece,Ladies Unstitched Lawn 2 piece,Alkaram,https://alkaramstudio.com/products/rts-shirt-trouser-ec105-26-brown,yes
alkaram-rts-shirt-trouser-ec104-26-rust,Alkaram · Ladies Unstitched Lawn 2 piece,,Alkaram,Ladies Unstitched,"brand:Alkaram, gender:ladies, unstitched, fabric:Lawn, pieces:2",FALSE,Title,Default Title,KJC-LU-ALK-10325,shopify,0,deny,manual,3213.00,4590.00,TRUE,TRUE,https://cdn.shopify.com/s/files/1/0623/6481/1444/files/EC104-26-Rust-1.jpg?v=1768802244,1,Ladies Unstitched Lawn 2 piece,draft,Lawn,2 piece,,,Alkaram · Ladies Unstitched Lawn 2 piece,Ladies Unstitched Lawn 2 piece,Alkaram,https://alkaramstudio.com/products/rts-shirt-trouser-ec104-26-rust,yes
alkaram-rts-shirt-dupatta-ec55-26-cream,Alkaram · Ladies Unstitched Lawn 2 piece,,Alkaram,Ladies Unstitched,"brand:Alkaram, gender:ladies, unstitched, fabric:Lawn, pieces:2",FALSE,Title,Default Title,KJC-LU-ALK-10326,shopify,0,deny,manual,2093.00,2990.00,TRUE,TRUE,https://cdn.shopify.com/s/files/1/0623/6481/1444/files/EC55-26-Cream-1_7e51bdd3-2660-4343-835b-eed112097e12.jpg?v=1768051177,1,Ladies Unstitched Lawn 2 piece,draft,Lawn,2 piece,,,Alkaram · Ladies Unstitched Lawn 2 piece,Ladies Unstitched Lawn 2 piece,Alkaram,https://alkaramstudio.com/products/rts-shirt-dupatta-ec55-26-cream,yes
alkaram-rts-shirt-dupatta-ec54-26-grey,Alkaram · Ladies Unstitched Lawn 2 piece,,Alkaram,Ladies Unstitched,"brand:Alkaram, gender:ladies, unstitched, fabric:Lawn, pieces:2",FALSE,Title,Default Title,KJC-LU-ALK-10327,shopify,0,deny,manual,2093.00,2990.00,TRUE,TRUE,https://cdn.shopify.com/s/files/1/0623/6481/1444/files/EC54-26-Grey-1_fa969d73-ba42-439d-8adb-c2ec19330a7c.jpg?v=1768051176,1,Ladies Unstitched Lawn 2 piece,draft,Lawn,2 piece,,,Alkaram · Ladies Unstitched Lawn 2 piece,Ladies Unstitched Lawn 2 piece,Alkaram,https://alkaramstudio.com/products/rts-shirt-dupatta-ec54-26-grey,yes
alkaram-rts-shirt-dupatta-ec52-26-peach,Alkaram · Ladies Unstitched Lawn 2 piece,,Alkaram,Ladies Unstitched,"brand:Alkaram, gender:ladies, unstitched, fabric:Lawn, pieces:2",FALSE,Title,Default Title,KJC-LU-ALK-10328,shopify,0,deny,manual,2093.00,2990.00,TRUE,TRUE,https://cdn.shopify.com/s/files/1/0623/6481/1444/files/EC52-26-Peach-1_16ee0e37-0c8e-4647-b1f9-40e6c92a8f6f.jpg?v=1768051172,1,Ladies Unstitched Lawn 2 piece,draft,Lawn,2 piece,,,Alkaram · Ladies Unstitched Lawn 2 piece,Ladies Unstitched Lawn 2 piece,Alkaram,https://alkaramstudio.com/products/rts-shirt-dupatta-ec52-26-peach,yes
alkaram-rts-shirt-dupatta-ec51-26-yellow,Alkaram · Ladies Unstitched Lawn 2 piece,,Alkaram,Ladies Unstitched,"brand:Alkaram, gender:ladies, unstitched, fabric:Lawn, pieces:2",FALSE,Title,Default Title,KJC-LU-ALK-10329,shopify,0,deny,manual,2093.00,2990.00,TRUE,TRUE,https://cdn.shopify.com/s/files/1/0623/6481/1444/files/EC51-26-Yellow-1_8b73aed6-eabd-45fb-90de-8381b469138e.jpg?v=1768051171,1,Ladies Unstitched Lawn 2 piece,draft,Lawn,2 piece,,,Alkaram · Ladies Unstitched Lawn 2 piece,Ladies Unstitched Lawn 2 piece,Alkaram,https://alkaramstudio.com/products/rts-shirt-dupatta-ec51-26-yellow,yes
alkaram-rts-shirt-trouser-ec48-26-beige,Alkaram · Ladies Unstitched Lawn 2 piece,,Alkaram,Ladies Unstitched,"brand:Alkaram, gender:ladies, unstitched, fabric:Lawn, pieces:2",FALSE,Title,Default Title,KJC-LU-ALK-10330,shopify,0,deny,manual,2513.00,3590.00,TRUE,TRUE,https://cdn.shopify.com/s/files/1/0623/6481/1444/files/EC48-26-Beige-1_7e9c6680-02a4-47a3-8608-4b13768ee952.jpg?v=1768051166,1,Ladies Unstitched Lawn 2 piece,draft,Lawn,2 piece,,,Alkaram · Ladies Unstitched Lawn 2 piece,Ladies Unstitched Lawn 2 piece,Alkaram,https://alkaramstudio.com/products/rts-shirt-trouser-ec48-26-beige,yes
alkaram-rts-shirt-trouser-dupatta-ec41-26-yellow,Alkaram · Ladies Unstitched Lawn 3 piece,,Alkaram,Ladies Unstitched,"brand:Alkaram, gender:ladies, unstitched, fabric:Lawn, pieces:3",FALSE,Title,Default Title,KJC-LU-ALK-10331,shopify,0,deny,manual,3003.00,4290.00,TRUE,TRUE,https://cdn.shopify.com/s/files/1/0623/6481/1444/files/EC41-26-Yellow-1_681d7b4e-b143-4dc4-8f89-bdc7928d3bdb.jpg?v=1768051162,1,Ladies Unstitched Lawn 3 piece,draft,Lawn,3 piece,,,Alkaram · Ladies Unstitched Lawn 3 piece,Ladies Unstitched Lawn 3 piece,Alkaram,https://alkaramstudio.com/products/rts-shirt-trouser-dupatta-ec41-26-yellow,yes
alkaram-rts-shirt-trouser-dupatta-ec40-3p26-pink,Alkaram · Ladies Unstitched 3 piece,,Alkaram,Ladies Unstitched,"brand:Alkaram, gender:ladies, unstitched, pieces:3",FALSE,Title,Default Title,KJC-LU-ALK-10332,shopify,0,deny,manual,3990.00,,TRUE,TRUE,https://cdn.shopify.com/s/files/1/0623/6481/1444/files/EC40-26-Pink-1_f94f8bb8-d75f-46ea-8f1e-05cb71d68f68.jpg?v=1768051160,1,Ladies Unstitched 3 piece,draft,,3 piece,,,Alkaram · Ladies Unstitched 3 piece,Ladies Unstitched 3 piece,Alkaram,https://alkaramstudio.com/products/rts-shirt-trouser-dupatta-ec40-3p26-pink,yes
alkaram-rts-shirt-trouser-dupatta-ec38-26-grey,Alkaram · Ladies Unstitched Lawn 3 piece,,Alkaram,Ladies Unstitched,"brand:Alkaram, gender:ladies, unstitched, fabric:Lawn, pieces:3",FALSE,Title,Default Title,KJC-LU-ALK-10333,shopify,0,deny,manual,3003.00,4290.00,TRUE,TRUE,https://cdn.shopify.com/s/files/1/0623/6481/1444/files/EC38-26-Grey-1_8ce79a62-a916-463c-9e64-2ab8778b2fbc.jpg?v=1768051157,1,Ladies Unstitched Lawn 3 piece,draft,Lawn,3 piece,,,Alkaram · Ladies Unstitched Lawn 3 piece,Ladies Unstitched Lawn 3 piece,Alkaram,https://alkaramstudio.com/products/rts-shirt-trouser-dupatta-ec38-26-grey,yes
alkaram-rts-shirt-trouser-dupatta-ec37-3p26-green,Alkaram · Ladies Unstitched 3 piece,,Alkaram,Ladies Unstitched,"brand:Alkaram, gender:ladies, unstitched, pieces:3",FALSE,Title,Default Title,KJC-LU-ALK-10334,shopify,0,deny,manual,3990.00,,TRUE,TRUE,https://cdn.shopify.com/s/files/1/0623/6481/1444/files/EC37-26-Green-1_d9369ee0-a358-4a1b-8b6c-38ddf3c4e54f.jpg?v=1768394074,1,Ladies Unstitched 3 piece,draft,,3 piece,,,Alkaram · Ladies Unstitched 3 piece,Ladies Unstitched 3 piece,Alkaram,https://alkaramstudio.com/products/rts-shirt-trouser-dupatta-ec37-3p26-green,yes
alkaram-rts-shirt-trouser-dupatta-ec35-26-blue,Alkaram · Ladies Unstitched Lawn 3 piece,,Alkaram,Ladies Unstitched,"brand:Alkaram, gender:ladies, unstitched, fabric:Lawn, pieces:3",FALSE,Title,Default Title,KJC-LU-ALK-10335,shopify,0,deny,manual,4193.00,5990.00,TRUE,TRUE,https://cdn.shopify.com/s/files/1/0623/6481/1444/files/EC35-26-Blue-1_83bd1cf0-1e5d-41e9-bef3-0a066d9d99a9.jpg?v=1768051152,1,Ladies Unstitched Lawn 3 piece,draft,Lawn,3 piece,,,Alkaram · Ladies Unstitched Lawn 3 piece,Ladies Unstitched Lawn 3 piece,Alkaram,https://alkaramstudio.com/products/rts-shirt-trouser-dupatta-ec35-26-blue,yes
alkaram-rts-shirt-trouser-dupatta-ec34-26-lilac,Alkaram · Ladies Unstitched Lawn 3 piece,,Alkaram,Ladies Unstitched,"brand:Alkaram, gender:ladies, unstitched, fabric:Lawn, pieces:3",FALSE,Title,Default Title,KJC-LU-ALK-10336,shopify,0,deny,manual,4473.00,6390.00,TRUE,TRUE,https://cdn.shopify.com/s/files/1/0623/6481/1444/files/EC34-26-Lilac-1.jpg?v=1768896859,1,Ladies Unstitched Lawn 3 piece,draft,Lawn,3 piece,,,Alkaram · Ladies Unstitched Lawn 3 piece,Ladies Unstitched Lawn 3 piece,Alkaram,https://alkaramstudio.com/products/rts-shirt-trouser-dupatta-ec34-26-lilac,yes
alkaram-rts-shirt-trouser-dupatta-ec32-26-yellow,Alkaram · Ladies Unstitched Lawn 3 piece,,Alkaram,Ladies Unstitched,"brand:Alkaram, gender:ladies, unstitched, fabric:Lawn, pieces:3",FALSE,Title,Default Title,KJC-LU-ALK-10337,shopify,0,deny,manual,4473.00,6390.00,TRUE,TRUE,https://cdn.shopify.com/s/files/1/0623/6481/1444/files/EC32-26-Yellow-1_aacabdf1-9907-41d6-ad9a-5c600131943e.jpg?v=1768051147,1,Ladies Unstitched Lawn 3 piece,draft,Lawn,3 piece,,,Alkaram · Ladies Unstitched Lawn 3 piece,Ladies Unstitched Lawn 3 piece,Alkaram,https://alkaramstudio.com/products/rts-shirt-trouser-dupatta-ec32-26-yellow,yes
alkaram-rts-shirt-trouser-dupatta-ec31-26-grey,Alkaram · Ladies Unstitched Lawn 3 piece,,Alkaram,Ladies Unstitched,"brand:Alkaram, gender:ladies, unstitched, fabric:Lawn, pieces:3",FALSE,Title,Default Title,KJC-LU-ALK-10338,shopify,0,deny,manual,4193.00,5990.00,TRUE,TRUE,https://cdn.shopify.com/s/files/1/0623/6481/1444/files/EC31-26-Grey-1_d9fe2fac-9ecc-4ae2-a536-05d667b3cf4c.jpg?v=1768897076,1,Ladies Unstitched Lawn 3 piece,draft,Lawn,3 piece,,,Alkaram · Ladies Unstitched Lawn 3 piece,Ladies Unstitched Lawn 3 piece,Alkaram,https://alkaramstudio.com/products/rts-shirt-trouser-dupatta-ec31-26-grey,yes
alkaram-rts-shirt-trouser-dupatta-ec30-26-purple,Alkaram · Ladies Unstitched 3 piece,,Alkaram,Ladies Unstitched,"brand:Alkaram, gender:ladies, unstitched, pieces:3",FALSE,Title,Default Title,KJC-LU-ALK-10339,shopify,0,deny,manual,5990.00,,TRUE,TRUE,https://cdn.shopify.com/s/files/1/0623/6481/1444/files/EC30-26-Purple-1.jpg?v=1768896833,1,Ladies Unstitched 3 piece,draft,,3 piece,,,Alkaram · Ladies Unstitched 3 piece,Ladies Unstitched 3 piece,Alkaram,https://alkaramstudio.com/products/rts-shirt-trouser-dupatta-ec30-26-purple,yes
alkaram-rts-shirt-trouser-dupatta-ec29-26-green,Alkaram · Ladies Unstitched Lawn 3 piece,,Alkaram,Ladies Unstitched,"brand:Alkaram, gender:ladies, unstitched, fabric:Lawn, pieces:3",FALSE,Title,Default Title,KJC-LU-ALK-10340,shopify,0,deny,manual,6390.00,,TRUE,TRUE,https://cdn.shopify.com/s/files/1/0623/6481/1444/files/EC29-26-Green-1_70884ecd-354f-49e5-908d-0e3ab0914fa2.jpg?v=1768051142,1,Ladies Unstitched Lawn 3 piece,draft,Lawn,3 piece,,,Alkaram · Ladies Unstitched Lawn 3 piece,Ladies Unstitched Lawn 3 piece,Alkaram,https://alkaramstudio.com/products/rts-shirt-trouser-dupatta-ec29-26-green,yes
alkaram-rts-shirt-trouser-dupatta-ec27-26-blue,Alkaram · Ladies Unstitched Lawn 3 piece,,Alkaram,Ladies Unstitched,"brand:Alkaram, gender:ladies, unstitched, fabric:Lawn, pieces:3",FALSE,Title,Default Title,KJC-LU-ALK-10341,shopify,0,deny,manual,3983.00,5690.00,TRUE,TRUE,https://cdn.shopify.com/s/files/1/0623/6481/1444/files/EC27-26-Blue-1_ac857ac7-58d5-4a48-85ae-31ef4563809d.jpg?v=1768646182,1,Ladies Unstitched Lawn 3 piece,draft,Lawn,3 piece,,,Alkaram · Ladies Unstitched Lawn 3 piece,Ladies Unstitched Lawn 3 piece,Alkaram,https://alkaramstudio.com/products/rts-shirt-trouser-dupatta-ec27-26-blue,yes
alkaram-rts-shirt-trouser-ef80-26-yellow,Alkaram · Ladies Unstitched Lawn 2 piece,,Alkaram,Ladies Unstitched,"brand:Alkaram, gender:ladies, unstitched, fabric:Lawn, pieces:2",FALSE,Title,Default Title,KJC-LU-ALK-10342,shopify,0,deny,manual,4990.00,,TRUE,TRUE,https://cdn.shopify.com/s/files/1/0623/6481/1444/files/EF80-26-Yellow-1_b2a3c7e5-0ce4-4d44-a117-e64f29d0bc56.jpg?v=1768051136,1,Ladies Unstitched Lawn 2 piece,draft,Lawn,2 piece,,,Alkaram · Ladies Unstitched Lawn 2 piece,Ladies Unstitched Lawn 2 piece,Alkaram,https://alkaramstudio.com/products/rts-shirt-trouser-ef80-26-yellow,yes
alkaram-rts-shirt-trouser-ef77-26-brown,Alkaram · Ladies Unstitched Lawn 2 piece,,Alkaram,Ladies Unstitched,"brand:Alkaram, gender:ladies, unstitched, fabric:Lawn, pieces:2",FALSE,Title,Default Title,KJC-LU-ALK-10343,shopify,0,deny,manual,2093.00,2990.00,TRUE,TRUE,https://cdn.shopify.com/s/files/1/0623/6481/1444/files/EF77-26-Brown-1_e4f479b0-d5c7-4e2d-8207-13621dd5dc4a.jpg?v=1768051131,1,Ladies Unstitched Lawn 2 piece,draft,Lawn,2 piece,,,Alkaram · Ladies Unstitched Lawn 2 piece,Ladies Unstitched Lawn 2 piece,Alkaram,https://alkaramstudio.com/products/rts-shirt-trouser-ef77-26-brown,yes
alkaram-rts-shirt-trouser-dupatta-ef66-26-teal,Alkaram · Ladies Unstitched Lawn 3 piece,,Alkaram,Ladies Unstitched,"brand:Alkaram, gender:ladies, unstitched, fabric:Lawn, pieces:3",FALSE,Title,Default Title,KJC-LU-ALK-10344,shopify,0,deny,manual,4193.00,5990.00,TRUE,TRUE,https://cdn.shopify.com/s/files/1/0623/6481/1444/files/EF66-26-Teal-1_2ff969f0-308d-44a9-baf8-e7206ba1b5c1.jpg?v=1768051129,1,Ladies Unstitched Lawn 3 piece,draft,Lawn,3 piece,,,Alkaram · Ladies Unstitched Lawn 3 piece,Ladies Unstitched Lawn 3 piece,Alkaram,https://alkaramstudio.com/products/rts-shirt-trouser-dupatta-ef66-26-teal,yes
alkaram-rts-shirt-trouser-dupatta-ef65-26-light-blue,Alkaram · Ladies Unstitched Lawn 3 piece,,Alkaram,Ladies Unstitched,"brand:Alkaram, gender:ladies, unstitched, fabric:Lawn, pieces:3",FALSE,Title,Default Title,KJC-LU-ALK-10345,shopify,0,deny,manual,4473.00,6390.00,TRUE,TRUE,https://cdn.shopify.com/s/files/1/0623/6481/1444/files/EF65-26-LightBlue-1.jpg?v=1768896980,1,Ladies Unstitched Lawn 3 piece,draft,Lawn,3 piece,,,Alkaram · Ladies Unstitched Lawn 3 piece,Ladies Unstitched Lawn 3 piece,Alkaram,https://alkaramstudio.com/products/rts-shirt-trouser-dupatta-ef65-26-light-blue,yes
alkaram-rts-shirt-trouser-dupatta-ef63-26-sky-blue,Alkaram · Ladies Unstitched Lawn 3 piece,,Alkaram,Ladies Unstitched,"brand:Alkaram, gender:ladies, unstitched, fabric:Lawn, pieces:3",FALSE,Title,Default Title,KJC-LU-ALK-10346,shopify,0,deny,manual,4473.00,6390.00,TRUE,TRUE,https://cdn.shopify.com/s/files/1/0623/6481/1444/files/EF63-26-SkyBlue-1.jpg?v=1768896964,1,Ladies Unstitched Lawn 3 piece,draft,Lawn,3 piece,,,Alkaram · Ladies Unstitched Lawn 3 piece,Ladies Unstitched Lawn 3 piece,Alkaram,https://alkaramstudio.com/products/rts-shirt-trouser-dupatta-ef63-26-sky-blue,yes
alkaram-rts-shirt-trouser-dupatta-ef62-26-coral,Alkaram · Ladies Unstitched Lawn 3 piece,,Alkaram,Ladies Unstitched,"brand:Alkaram, gender:ladies, unstitched, fabric:Lawn, pieces:3",FALSE,Title,Default Title,KJC-LU-ALK-10347,shopify,0,deny,manual,4193.00,5990.00,TRUE,TRUE,https://cdn.shopify.com/s/files/1/0623/6481/1444/files/EF62-26-Coral-1.jpg?v=1768558463,1,Ladies Unstitched Lawn 3 piece,draft,Lawn,3 piece,,,Alkaram · Ladies Unstitched Lawn 3 piece,Ladies Unstitched Lawn 3 piece,Alkaram,https://alkaramstudio.com/products/rts-shirt-trouser-dupatta-ef62-26-coral,yes
alkaram-rts-shirt-trouser-dupatta-ef60-26-cream,Alkaram · Ladies Unstitched Lawn 3 piece,,Alkaram,Ladies Unstitched,"brand:Alkaram, gender:ladies, unstitched, fabric:Lawn, pieces:3",FALSE,Title,Default Title,KJC-LU-ALK-10348,shopify,0,deny,manual,4193.00,5990.00,TRUE,TRUE,https://cdn.shopify.com/s/files/1/0623/6481/1444/files/EF60-26-Cream-1_3e69aa43-ea5d-41e0-9283-66a001e4f7ff.jpg?v=1768051116,1,Ladies Unstitched Lawn 3 piece,draft,Lawn,3 piece,,,Alkaram · Ladies Unstitched Lawn 3 piece,Ladies Unstitched Lawn 3 piece,Alkaram,https://alkaramstudio.com/products/rts-shirt-trouser-dupatta-ef60-26-cream,yes
alkaram-rts-shirt-trouser-ef25-26-light-green,Alkaram · Ladies Unstitched Lawn 2 piece,,Alkaram,Ladies Unstitched,"brand:Alkaram, gender:ladies, unstitched, fabric:Lawn, pieces:2",FALSE,Title,Default Title,KJC-LU-ALK-10349,shopify,0,deny,manual,3213.00,4590.00,TRUE,TRUE,https://cdn.shopify.com/s/files/1/0623/6481/1444/files/EF25-26-Light_Green-1_beddfeb5-5d6f-4804-b472-d1560dfa4938.jpg?v=1768051107,1,Ladies Unstitched Lawn 2 piece,draft,Lawn,2 piece,,,Alkaram · Ladies Unstitched Lawn 2 piece,Ladies Unstitched Lawn 2 piece,Alkaram,https://alkaramstudio.com/products/rts-shirt-trouser-ef25-26-light-green,yes
alkaram-rts-shirt-trouser-ef23-3p26-mahroon,Alkaram · Ladies Unstitched 2 piece,,Alkaram,Ladies Unstitched,"brand:Alkaram, gender:ladies, unstitched, pieces:2",FALSE,Title,Default Title,KJC-LU-ALK-10350,shopify,0,deny,manual,2790.00,,TRUE,TRUE,https://cdn.shopify.com/s/files/1/0623/6481/1444/files/DSC06152_1_jpg.jpg?v=1787211352,1,Ladies Unstitched 2 piece,draft,,2 piece,,,Alkaram · Ladies Unstitched 2 piece,Ladies Unstitched 2 piece,Alkaram,https://alkaramstudio.com/products/rts-shirt-trouser-ef23-3p26-mahroon,yes
alkaram-rts-shirt-trouser-dupatta-ef09-26-beige,Alkaram · Ladies Unstitched Lawn 3 piece,,Alkaram,Ladies Unstitched,"brand:Alkaram, gender:ladies, unstitched, fabric:Lawn, pieces:3",FALSE,Title,Default Title,KJC-LU-ALK-10351,shopify,0,deny,manual,4473.00,6390.00,TRUE,TRUE,https://cdn.shopify.com/s/files/1/0623/6481/1444/files/EF09-26-Beige-1.jpg?v=1768558403,1,Ladies Unstitched Lawn 3 piece,draft,Lawn,3 piece,,,Alkaram · Ladies Unstitched Lawn 3 piece,Ladies Unstitched Lawn 3 piece,Alkaram,https://alkaramstudio.com/products/rts-shirt-trouser-dupatta-ef09-26-beige,yes
alkaram-rts-shirt-trouser-dupatta-ef07-26-beige,Alkaram · Ladies Unstitched Lawn 3 piece,,Alkaram,Ladies Unstitched,"brand:Alkaram, gender:ladies, unstitched, fabric:Lawn, pieces:3",FALSE,Title,Default Title,KJC-LU-ALK-10352,shopify,0,deny,manual,4193.00,5990.00,TRUE,TRUE,https://cdn.shopify.com/s/files/1/0623/6481/1444/files/EF07-26-Beige-1_f1eb8d50-e52a-4d1a-a983-c89a3b2ea10c.jpg?v=1768051100,1,Ladies Unstitched Lawn 3 piece,draft,Lawn,3 piece,,,Alkaram · Ladies Unstitched Lawn 3 piece,Ladies Unstitched Lawn 3 piece,Alkaram,https://alkaramstudio.com/products/rts-shirt-trouser-dupatta-ef07-26-beige,yes
alkaram-rts-shirt-trouser-dupatta-ef06-26-light-green,Alkaram · Ladies Unstitched Lawn 3 piece,,Alkaram,Ladies Unstitched,"brand:Alkaram, gender:ladies, unstitched, fabric:Lawn, pieces:3",FALSE,Title,Default Title,KJC-LU-ALK-10353,shopify,0,deny,manual,4193.00,5990.00,TRUE,TRUE,https://cdn.shopify.com/s/files/1/0623/6481/1444/files/EF06-26-Light_Green-1_e948e277-6555-4818-b08d-90932afda25b.jpg?v=1768051098,1,Ladies Unstitched Lawn 3 piece,draft,Lawn,3 piece,,,Alkaram · Ladies Unstitched Lawn 3 piece,Ladies Unstitched Lawn 3 piece,Alkaram,https://alkaramstudio.com/products/rts-shirt-trouser-dupatta-ef06-26-light-green,yes
alkaram-rts-shirt-trouser-dupatta-ef05-26-sea-green,Alkaram · Ladies Unstitched 3 piece,,Alkaram,Ladies Unstitched,"brand:Alkaram, gender:ladies, unstitched, pieces:3",FALSE,Title,Default Title,KJC-LU-ALK-10354,shopify,0,deny,manual,5990.00,,TRUE,TRUE,https://cdn.shopify.com/s/files/1/0623/6481/1444/files/EF05-26-Sea_Green-1_87849f28-0cdd-4b14-9138-c0d52a4fc241.jpg?v=1768051096,1,Ladies Unstitched 3 piece,draft,,3 piece,,,Alkaram · Ladies Unstitched 3 piece,Ladies Unstitched 3 piece,Alkaram,https://alkaramstudio.com/products/rts-shirt-trouser-dupatta-ef05-26-sea-green,yes
alkaram-rts-shirt-trouser-dupatta-ef04-26-green,Alkaram · Ladies Unstitched 3 piece,,Alkaram,Ladies Unstitched,"brand:Alkaram, gender:ladies, unstitched, pieces:3",FALSE,Title,Default Title,KJC-LU-ALK-10355,shopify,0,deny,manual,5990.00,,TRUE,TRUE,https://cdn.shopify.com/s/files/1/0623/6481/1444/files/EF04-26-Green-1.jpg?v=1768393794,1,Ladies Unstitched 3 piece,draft,,3 piece,,,Alkaram · Ladies Unstitched 3 piece,Ladies Unstitched 3 piece,Alkaram,https://alkaramstudio.com/products/rts-shirt-trouser-dupatta-ef04-26-green,yes
alkaram-rts-shirt-trouser-dupatta-ef10-26-cream,Alkaram · Ladies Unstitched Lawn 3 piece,,Alkaram,Ladies Unstitched,"brand:Alkaram, gender:ladies, unstitched, fabric:Lawn, pieces:3",FALSE,Title,Default Title,KJC-LU-ALK-10356,shopify,0,deny,manual,4193.00,5990.00,TRUE,TRUE,https://cdn.shopify.com/s/files/1/0623/6481/1444/files/EF10-26-Cream-1.jpg?v=1768558419,1,Ladies Unstitched Lawn 3 piece,draft,Lawn,3 piece,,,Alkaram · Ladies Unstitched Lawn 3 piece,Ladies Unstitched Lawn 3 piece,Alkaram,https://alkaramstudio.com/products/rts-shirt-trouser-dupatta-ef10-26-cream,yes
alkaram-rts-shirt-trouser-dupatta-ec47-3p26-b-pink,Alkaram · Ladies Unstitched 3 piece,,Alkaram,Ladies Unstitched,"brand:Alkaram, gender:ladies, unstitched, pieces:3",FALSE,Title,Default Title,KJC-LU-ALK-10357,shopify,0,deny,manual,3990.00,,TRUE,TRUE,https://cdn.shopify.com/s/files/1/0623/6481/1444/files/EC47-26-Pink-1_e8db8ae1-0ef5-4174-969a-4dfb37c76b20.jpg?v=1768051069,1,Ladies Unstitched 3 piece,draft,,3 piece,,,Alkaram · Ladies Unstitched 3 piece,Ladies Unstitched 3 piece,Alkaram,https://alkaramstudio.com/products/rts-shirt-trouser-dupatta-ec47-3p26-b-pink,yes
alkaram-rts-shirt-trouser-dupatta-ec45-3p26-b-red,Alkaram · Ladies Unstitched 3 piece,,Alkaram,Ladies Unstitched,"brand:Alkaram, gender:ladies, unstitched, pieces:3",FALSE,Title,Default Title,KJC-LU-ALK-10358,shopify,0,deny,manual,3990.00,,TRUE,TRUE,https://cdn.shopify.com/s/files/1/0623/6481/1444/files/EC45-26-Red-1_6aff2f7d-9ffd-48f6-b10b-0166e63e7168.jpg?v=1768394094,1,Ladies Unstitched 3 piece,draft,,3 piece,,,Alkaram · Ladies Unstitched 3 piece,Ladies Unstitched 3 piece,Alkaram,https://alkaramstudio.com/products/rts-shirt-trouser-dupatta-ec45-3p26-b-red,yes
alkaram-rts-shirt-trouser-dupatta-ec45-3p26-a-blue,Alkaram · Ladies Unstitched 3 piece,,Alkaram,Ladies Unstitched,"brand:Alkaram, gender:ladies, unstitched, pieces:3",FALSE,Title,Default Title,KJC-LU-ALK-10359,shopify,0,deny,manual,3990.00,,TRUE,TRUE,https://cdn.shopify.com/s/files/1/0623/6481/1444/files/EC45-26-Blue-1.jpg?v=1768393737,1,Ladies Unstitched 3 piece,draft,,3 piece,,,Alkaram · Ladies Unstitched 3 piece,Ladies Unstitched 3 piece,Alkaram,https://alkaramstudio.com/products/rts-shirt-trouser-dupatta-ec45-3p26-a-blue,yes
alkaram-rts-shirt-trouser-dupatta-ec44-3p26-b-light-blue,Alkaram · Ladies Unstitched 3 piece,,Alkaram,Ladies Unstitched,"brand:Alkaram, gender:ladies, unstitched, pieces:3",FALSE,Title,Default Title,KJC-LU-ALK-10360,shopify,0,deny,manual,3990.00,,TRUE,TRUE,https://cdn.shopify.com/s/files/1/0623/6481/1444/files/EC44-26-Light_Blue-1_74289f9f-d6cd-4f2d-a243-153738be7ed7.jpg?v=1768051061,1,Ladies Unstitched 3 piece,draft,,3 piece,,,Alkaram · Ladies Unstitched 3 piece,Ladies Unstitched 3 piece,Alkaram,https://alkaramstudio.com/products/rts-shirt-trouser-dupatta-ec44-3p26-b-light-blue,yes
alkaram-rts-shirt-trouser-dupatta-ec44-3p26-a-green,Alkaram · Ladies Unstitched 3 piece,,Alkaram,Ladies Unstitched,"brand:Alkaram, gender:ladies, unstitched, pieces:3",FALSE,Title,Default Title,KJC-LU-ALK-10361,shopify,0,deny,manual,3990.00,,TRUE,TRUE,https://cdn.shopify.com/s/files/1/0623/6481/1444/files/EC44-26-Green-1_a88d15f9-8dc4-4219-8a7c-74435b46383b.jpg?v=1768051059,1,Ladies Unstitched 3 piece,draft,,3 piece,,,Alkaram · Ladies Unstitched 3 piece,Ladies Unstitched 3 piece,Alkaram,https://alkaramstudio.com/products/rts-shirt-trouser-dupatta-ec44-3p26-a-green,yes
alkaram-rts-shirt-trouser-dupatta-ef75-3p26-purple,Alkaram · Ladies Unstitched 3 piece,,Alkaram,Ladies Unstitched,"brand:Alkaram, gender:ladies, unstitched, pieces:3, colour:Purple",FALSE,Title,Default Title,KJC-LU-ALK-10362,shopify,0,deny,manual,3990.00,,TRUE,TRUE,https://cdn.shopify.com/s/files/1/0623/6481/1444/files/EF75-26-Purple-1.jpg?v=1768393892,1,Ladies Unstitched 3 piece,draft,,3 piece,,Purple,Alkaram · Ladies Unstitched 3 piece,Ladies Unstitched 3 piece,Alkaram,https://alkaramstudio.com/products/rts-shirt-trouser-dupatta-ef75-3p26-purple,yes
alkaram-rts-shirt-trouser-dupatta-ef75-26-beige,Alkaram · Ladies Unstitched Lawn 3 piece,,Alkaram,Ladies Unstitched,"brand:Alkaram, gender:ladies, unstitched, fabric:Lawn, pieces:3",FALSE,Title,Default Title,KJC-LU-ALK-10363,shopify,0,deny,manual,3003.00,4290.00,TRUE,TRUE,https://cdn.shopify.com/s/files/1/0623/6481/1444/files/EF75-26-Beige-1_2e02a1c0-701d-4156-9318-166daf97f25c.jpg?v=1768051049,1,Ladies Unstitched Lawn 3 piece,draft,Lawn,3 piece,,,Alkaram · Ladies Unstitched Lawn 3 piece,Ladies Unstitched Lawn 3 piece,Alkaram,https://alkaramstudio.com/products/rts-shirt-trouser-dupatta-ef75-26-beige,yes
alkaram-rts-shirt-trouser-dupatta-ef71-3p26-b-off-white,Alkaram · Ladies Unstitched 3 piece,,Alkaram,Ladies Unstitched,"brand:Alkaram, gender:ladies, unstitched, pieces:3",FALSE,Title,Default Title,KJC-LU-ALK-10364,shopify,0,deny,manual,3990.00,,TRUE,TRUE,https://cdn.shopify.com/s/files/1/0623/6481/1444/files/EF71-26-OffWhite-1.jpg?v=1768897000,1,Ladies Unstitched 3 piece,draft,,3 piece,,,Alkaram · Ladies Unstitched 3 piece,Ladies Unstitched 3 piece,Alkaram,https://alkaramstudio.com/products/rts-shirt-trouser-dupatta-ef71-3p26-b-off-white,yes
alkaram-rts-shirt-trouser-dupatta-ef71-3p26-a-purple,Alkaram · Ladies Unstitched 3 piece,,Alkaram,Ladies Unstitched,"brand:Alkaram, gender:ladies, unstitched, pieces:3, colour:Purple",FALSE,Title,Default Title,KJC-LU-ALK-10365,shopify,0,deny,manual,3990.00,,TRUE,TRUE,https://cdn.shopify.com/s/files/1/0623/6481/1444/files/EF71-26-Purple-1.jpg?v=1768897013,1,Ladies Unstitched 3 piece,draft,,3 piece,,Purple,Alkaram · Ladies Unstitched 3 piece,Ladies Unstitched 3 piece,Alkaram,https://alkaramstudio.com/products/rts-shirt-trouser-dupatta-ef71-3p26-a-purple,yes
alkaram-rts-shirt-trouser-dupatta-ef68-26-beige,Alkaram · Ladies Unstitched Lawn 3 piece,,Alkaram,Ladies Unstitched,"brand:Alkaram, gender:ladies, unstitched, fabric:Lawn, pieces:3",FALSE,Title,Default Title,KJC-LU-ALK-10366,shopify,0,deny,manual,3353.00,4790.00,TRUE,TRUE,https://cdn.shopify.com/s/files/1/0623/6481/1444/files/EF68-26-Beige-1_jpg.jpg?v=1775475526,1,Ladies Unstitched Lawn 3 piece,draft,Lawn,3 piece,,,Alkaram · Ladies Unstitched Lawn 3 piece,Ladies Unstitched Lawn 3 piece,Alkaram,https://alkaramstudio.com/products/rts-shirt-trouser-dupatta-ef68-26-beige,yes
alkaram-rts-shirt-trouser-ef24-26-lilac,Alkaram · Ladies Unstitched Lawn 2 piece,,Alkaram,Ladies Unstitched,"brand:Alkaram, gender:ladies, unstitched, fabric:Lawn, pieces:2, colour:Purple",FALSE,Title,Default Title,KJC-LU-ALK-10367,shopify,0,deny,manual,2093.00,2990.00,TRUE,TRUE,https://cdn.shopify.com/s/files/1/0623/6481/1444/files/EF24-26-Lilac-1_f8a92c6c-d592-42be-bdad-133a987a4fb6.jpg?v=1768051024,1,Ladies Unstitched Lawn 2 piece,draft,Lawn,2 piece,,Purple,Alkaram · Ladies Unstitched Lawn 2 piece,Ladies Unstitched Lawn 2 piece,Alkaram,https://alkaramstudio.com/products/rts-shirt-trouser-ef24-26-lilac,yes
alkaram-rts-shirt-trouser-dupatta-ef20-26-green,Alkaram · Ladies Unstitched Lawn 3 piece,,Alkaram,Ladies Unstitched,"brand:Alkaram, gender:ladies, unstitched, fabric:Lawn, pieces:3",FALSE,Title,Default Title,KJC-LU-ALK-10368,shopify,0,deny,manual,4193.00,5990.00,TRUE,TRUE,https://cdn.shopify.com/s/files/1/0623/6481/1444/files/EF20-26-Green-1_d1358270-4df9-4456-9988-d3006779eef7.jpg?v=1768051014,1,Ladies Unstitched Lawn 3 piece,draft,Lawn,3 piece,,,Alkaram · Ladies Unstitched Lawn 3 piece,Ladies Unstitched Lawn 3 piece,Alkaram,https://alkaramstudio.com/products/rts-shirt-trouser-dupatta-ef20-26-green,yes
alkaram-rts-shirt-trouser-dupatta-ef15-3p26-b-sea-blue,Alkaram · Ladies Unstitched 3 piece,,Alkaram,Ladies Unstitched,"brand:Alkaram, gender:ladies, unstitched, pieces:3",FALSE,Title,Default Title,KJC-LU-ALK-10369,shopify,0,deny,manual,3990.00,,TRUE,TRUE,https://cdn.shopify.com/s/files/1/0623/6481/1444/files/DSC09312-_1_jpg.jpg?v=1787311615,1,Ladies Unstitched 3 piece,draft,,3 piece,,,Alkaram · Ladies Unstitched 3 piece,Ladies Unstitched 3 piece,Alkaram,https://alkaramstudio.com/products/rts-shirt-trouser-dupatta-ef15-3p26-b-sea-blue,yes
alkaram-rts-shirt-trouser-dupatta-ef15-3p26-a-off-white,Alkaram · Ladies Unstitched 3 piece,,Alkaram,Ladies Unstitched,"brand:Alkaram, gender:ladies, unstitched, pieces:3",FALSE,Title,Default Title,KJC-LU-ALK-10370,shopify,0,deny,manual,3990.00,,TRUE,TRUE,https://cdn.shopify.com/s/files/1/0623/6481/1444/files/DSC00706_jpg.jpg?v=1787556255,1,Ladies Unstitched 3 piece,draft,,3 piece,,,Alkaram · Ladies Unstitched 3 piece,Ladies Unstitched 3 piece,Alkaram,https://alkaramstudio.com/products/rts-shirt-trouser-dupatta-ef15-3p26-a-off-white,yes
alkaram-rts-shirt-trouser-dupatta-ef14-26-grey,Alkaram · Ladies Unstitched Lawn 3 piece,,Alkaram,Ladies Unstitched,"brand:Alkaram, gender:ladies, unstitched, fabric:Lawn, pieces:3",FALSE,Title,Default Title,KJC-LU-ALK-10371,shopify,0,deny,manual,3003.00,4290.00,TRUE,TRUE,https://cdn.shopify.com/s/files/1/0623/6481/1444/files/EF14-26-Grey-1_71e1a396-f605-4ad7-8ed7-33b1b1c50c70.jpg?v=1768050996,1,Ladies Unstitched Lawn 3 piece,draft,Lawn,3 piece,,,Alkaram · Ladies Unstitched Lawn 3 piece,Ladies Unstitched Lawn 3 piece,Alkaram,https://alkaramstudio.com/products/rts-shirt-trouser-dupatta-ef14-26-grey,yes
alkaram-rts-shirt-trouser-dupatta-ef14-26-beige,Alkaram · Ladies Unstitched Lawn 3 piece,,Alkaram,Ladies Unstitched,"brand:Alkaram, gender:ladies, unstitched, fabric:Lawn, pieces:3",FALSE,Title,Default Title,KJC-LU-ALK-10372,shopify,0,deny,manual,3003.00,4290.00,TRUE,TRUE,https://cdn.shopify.com/s/files/1/0623/6481/1444/files/EF14-26-Beige-1_3910be29-2e8f-4565-9116-1c84a348de02.jpg?v=1768050995,1,Ladies Unstitched Lawn 3 piece,draft,Lawn,3 piece,,,Alkaram · Ladies Unstitched Lawn 3 piece,Ladies Unstitched Lawn 3 piece,Alkaram,https://alkaramstudio.com/products/rts-shirt-trouser-dupatta-ef14-26-beige,yes
alkaram-rts-shirt-trouser-dupatta-ef13-26-teal,Alkaram · Ladies Unstitched Lawn 3 piece,,Alkaram,Ladies Unstitched,"brand:Alkaram, gender:ladies, unstitched, fabric:Lawn, pieces:3",FALSE,Title,Default Title,KJC-LU-ALK-10373,shopify,0,deny,manual,4990.00,,TRUE,TRUE,https://cdn.shopify.com/s/files/1/0623/6481/1444/files/EF13-26-Teal-1_28625e54-7cae-4c3e-8095-536862415e13.jpg?v=1768050993,1,Ladies Unstitched Lawn 3 piece,draft,Lawn,3 piece,,,Alkaram · Ladies Unstitched Lawn 3 piece,Ladies Unstitched Lawn 3 piece,Alkaram,https://alkaramstudio.com/products/rts-shirt-trouser-dupatta-ef13-26-teal,yes
alkaram-rts-shirt-trouser-dupatta-ef13-26-light-blue,Alkaram · Ladies Unstitched Lawn 3 piece,,Alkaram,Ladies Unstitched,"brand:Alkaram, gender:ladies, unstitched, fabric:Lawn, pieces:3",FALSE,Title,Default Title,KJC-LU-ALK-10374,shopify,0,deny,manual,4990.00,,TRUE,TRUE,https://cdn.shopify.com/s/files/1/0623/6481/1444/files/EF13-26-Light_Blue-1_45f57fe0-2f33-41ac-b53c-bbd17b1e2810.jpg?v=1768050991,1,Ladies Unstitched Lawn 3 piece,draft,Lawn,3 piece,,,Alkaram · Ladies Unstitched Lawn 3 piece,Ladies Unstitched Lawn 3 piece,Alkaram,https://alkaramstudio.com/products/rts-shirt-trouser-dupatta-ef13-26-light-blue,yes
alkaram-rts-shirt-trouser-dupatta-ef12-26-grey,Alkaram · Ladies Unstitched Lawn 3 piece,,Alkaram,Ladies Unstitched,"brand:Alkaram, gender:ladies, unstitched, fabric:Lawn, pieces:3",FALSE,Title,Default Title,KJC-LU-ALK-10375,shopify,0,deny,manual,4990.00,,TRUE,TRUE,https://cdn.shopify.com/s/files/1/0623/6481/1444/files/EF12-26-Grey-1.jpg?v=1768558449,1,Ladies Unstitched Lawn 3 piece,draft,Lawn,3 piece,,,Alkaram · Ladies Unstitched Lawn 3 piece,Ladies Unstitched Lawn 3 piece,Alkaram,https://alkaramstudio.com/products/rts-shirt-trouser-dupatta-ef12-26-grey,yes
alkaram-rts-shirt-trouser-dupatta-ef12-26-green,Alkaram · Ladies Unstitched Lawn 3 piece,,Alkaram,Ladies Unstitched,"brand:Alkaram, gender:ladies, unstitched, fabric:Lawn, pieces:3",FALSE,Title,Default Title,KJC-LU-ALK-10376,shopify,0,deny,manual,4990.00,,TRUE,TRUE,https://cdn.shopify.com/s/files/1/0623/6481/1444/files/EF12-26-Green-1_b945bf26-04e2-42f5-bdaf-b37409a3c2d3.jpg?v=1768050988,1,Ladies Unstitched Lawn 3 piece,draft,Lawn,3 piece,,,Alkaram · Ladies Unstitched Lawn 3 piece,Ladies Unstitched Lawn 3 piece,Alkaram,https://alkaramstudio.com/products/rts-shirt-trouser-dupatta-ef12-26-green,yes
alkaram-rts-shirt-trouser-dupatta-efl-100-3p25-mint,Alkaram · Ladies Unstitched 3 piece,,Alkaram,Ladies Unstitched,"brand:Alkaram, gender:ladies, unstitched, pieces:3",FALSE,Title,Default Title,KJC-LU-ALK-10377,shopify,0,deny,manual,3390.00,,TRUE,TRUE,https://cdn.shopify.com/s/files/1/0623/6481/1444/files/EFL-100-3P25-Mint-1.jpg?v=1783936272,1,Ladies Unstitched 3 piece,draft,,3 piece,,,Alkaram · Ladies Unstitched 3 piece,Ladies Unstitched 3 piece,Alkaram,https://alkaramstudio.com/products/rts-shirt-trouser-dupatta-efl-100-3p25-mint,yes
alkaram-rts-shirt-trouser-dupatta-efl-100-3p25-sky,Alkaram · Ladies Unstitched 3 piece,,Alkaram,Ladies Unstitched,"brand:Alkaram, gender:ladies, unstitched, pieces:3",FALSE,Title,Default Title,KJC-LU-ALK-10378,shopify,0,deny,manual,3390.00,,TRUE,TRUE,https://cdn.shopify.com/s/files/1/0623/6481/1444/files/EFL-100-3P25-Sky-1.jpg?v=1783935955,1,Ladies Unstitched 3 piece,draft,,3 piece,,,Alkaram · Ladies Unstitched 3 piece,Ladies Unstitched 3 piece,Alkaram,https://alkaramstudio.com/products/rts-shirt-trouser-dupatta-efl-100-3p25-sky,yes
alkaram-rts-shirt-trouser-dupatta-efl-98-3p25-yellow,Alkaram · Ladies Unstitched 3 piece,,Alkaram,Ladies Unstitched,"brand:Alkaram, gender:ladies, unstitched, pieces:3",FALSE,Title,Default Title,KJC-LU-ALK-10379,shopify,0,deny,manual,3390.00,,TRUE,TRUE,https://cdn.shopify.com/s/files/1/0623/6481/1444/files/EFL-98-3P25-Yellow-1.jpg?v=1783930373,1,Ladies Unstitched 3 piece,draft,,3 piece,,,Alkaram · Ladies Unstitched 3 piece,Ladies Unstitched 3 piece,Alkaram,https://alkaramstudio.com/products/rts-shirt-trouser-dupatta-efl-98-3p25-yellow,yes
alkaram-rts-shirt-trouser-dupatta-efl-97-3p25-off-white,Alkaram · Ladies Unstitched 3 piece,,Alkaram,Ladies Unstitched,"brand:Alkaram, gender:ladies, unstitched, pieces:3",FALSE,Title,Default Title,KJC-LU-ALK-10380,shopify,0,deny,manual,3590.00,,TRUE,TRUE,https://cdn.shopify.com/s/files/1/0623/6481/1444/files/EFL-97-3P25-Off_White-1_3edbe106-5215-40e6-b8c1-c2dcc9419912.jpg?v=1767790650,1,Ladies Unstitched 3 piece,draft,,3 piece,,,Alkaram · Ladies Unstitched 3 piece,Ladies Unstitched 3 piece,Alkaram,https://alkaramstudio.com/products/rts-shirt-trouser-dupatta-efl-97-3p25-off-white,yes
alkaram-rts-shirt-trouser-dupatta-efl-97-3p25-brown,Alkaram · Ladies Unstitched 3 piece,,Alkaram,Ladies Unstitched,"brand:Alkaram, gender:ladies, unstitched, pieces:3",FALSE,Title,Default Title,KJC-LU-ALK-10381,shopify,0,deny,manual,3590.00,,TRUE,TRUE,https://cdn.shopify.com/s/files/1/0623/6481/1444/files/EFL-97-3P25-Brown-1_7ef1b146-df0a-4787-8a9b-99577fdaef47.jpg?v=1767790652,1,Ladies Unstitched 3 piece,draft,,3 piece,,,Alkaram · Ladies Unstitched 3 piece,Ladies Unstitched 3 piece,Alkaram,https://alkaramstudio.com/products/rts-shirt-trouser-dupatta-efl-97-3p25-brown,yes
alkaram-rts-shirt-trouser-dupatta-es-94-3p25-off-white,Alkaram · Ladies Unstitched 3 piece,,Alkaram,Ladies Unstitched,"brand:Alkaram, gender:ladies, unstitched, pieces:3",FALSE,Title,Default Title,KJC-LU-ALK-10382,shopify,0,deny,manual,3590.00,,TRUE,TRUE,https://cdn.shopify.com/s/files/1/0623/6481/1444/files/ES-94-3P25-OffWhite-1.jpg?v=1782890203,1,Ladies Unstitched 3 piece,draft,,3 piece,,,Alkaram · Ladies Unstitched 3 piece,Ladies Unstitched 3 piece,Alkaram,https://alkaramstudio.com/products/rts-shirt-trouser-dupatta-es-94-3p25-off-white,yes
alkaram-rts-shirt-trouser-dupatta-efl-88-3p25-light-opink,Alkaram · Ladies Unstitched 3 piece,,Alkaram,Ladies Unstitched,"brand:Alkaram, gender:ladies, unstitched, pieces:3",FALSE,Title,Default Title,KJC-LU-ALK-10383,shopify,0,deny,manual,3590.00,,TRUE,TRUE,https://cdn.shopify.com/s/files/1/0623/6481/1444/files/EFL-88-3P25-Light_Pink-1_03b2da21-38ed-4a75-8024-01ac798852d5.jpg?v=1767790618,1,Ladies Unstitched 3 piece,draft,,3 piece,,,Alkaram · Ladies Unstitched 3 piece,Ladies Unstitched 3 piece,Alkaram,https://alkaramstudio.com/products/rts-shirt-trouser-dupatta-efl-88-3p25-light-opink,yes
alkaram-rts-shirt-trouser-dupatta-efl-88-3p25-peach,Alkaram · Ladies Unstitched 3 piece,,Alkaram,Ladies Unstitched,"brand:Alkaram, gender:ladies, unstitched, pieces:3",FALSE,Title,Default Title,KJC-LU-ALK-10384,shopify,0,deny,manual,3590.00,,TRUE,TRUE,https://cdn.shopify.com/s/files/1/0623/6481/1444/files/EFL-88-3P25-Peach-1_0abf33a3-b0a9-4c00-b9b3-67d2459376a3.jpg?v=1767790616,1,Ladies Unstitched 3 piece,draft,,3 piece,,,Alkaram · Ladies Unstitched 3 piece,Ladies Unstitched 3 piece,Alkaram,https://alkaramstudio.com/products/rts-shirt-trouser-dupatta-efl-88-3p25-peach,yes
alkaram-rts-shirt-trouser-dupatta-efl-83-3p25-coral,Alkaram · Ladies Unstitched 3 piece,,Alkaram,Ladies Unstitched,"brand:Alkaram, gender:ladies, unstitched, pieces:3",FALSE,Title,Default Title,KJC-LU-ALK-10385,shopify,0,deny,manual,3590.00,,TRUE,TRUE,https://cdn.shopify.com/s/files/1/0623/6481/1444/files/EFL-83-3P25-Coral-1_16547251-3a25-4318-b6f4-5bbe8f321587.jpg?v=1767790599,1,Ladies Unstitched 3 piece,draft,,3 piece,,,Alkaram · Ladies Unstitched 3 piece,Ladies Unstitched 3 piece,Alkaram,https://alkaramstudio.com/products/rts-shirt-trouser-dupatta-efl-83-3p25-coral,yes
alkaram-rts-shirt-trouser-dupatta-efl-83-3p25-blue,Alkaram · Ladies Unstitched 3 piece,,Alkaram,Ladies Unstitched,"brand:Alkaram, gender:ladies, unstitched, pieces:3",FALSE,Title,Default Title,KJC-LU-ALK-10386,shopify,0,deny,manual,3590.00,,TRUE,TRUE,https://cdn.shopify.com/s/files/1/0623/6481/1444/files/EFL-83-3P25-Blue-1_f9a890e3-ef5b-4d8b-b267-f6e7ee9db09a.jpg?v=1767790597,1,Ladies Unstitched 3 piece,draft,,3 piece,,,Alkaram · Ladies Unstitched 3 piece,Ladies Unstitched 3 piece,Alkaram,https://alkaramstudio.com/products/rts-shirt-trouser-dupatta-efl-83-3p25-blue,yes
alkaram-rts-shirt-trouser-dupatta-efl-82-3p25-dark-blue,Alkaram · Ladies Unstitched 3 piece,,Alkaram,Ladies Unstitched,"brand:Alkaram, gender:ladies, unstitched, pieces:3",FALSE,Title,Default Title,KJC-LU-ALK-10387,shopify,0,deny,manual,3590.00,,TRUE,TRUE,https://cdn.shopify.com/s/files/1/0623/6481/1444/files/EFL-82-3P25-Dark_Blue-1_dc235b21-c35b-490b-ac4d-3d4e6c155be6.jpg?v=1767790595,1,Ladies Unstitched 3 piece,draft,,3 piece,,,Alkaram · Ladies Unstitched 3 piece,Ladies Unstitched 3 piece,Alkaram,https://alkaramstudio.com/products/rts-shirt-trouser-dupatta-efl-82-3p25-dark-blue,yes
alkaram-rts-shirt-trouser-dupatta-efl-82-3p25-sage-green,Alkaram · Ladies Unstitched 3 piece,,Alkaram,Ladies Unstitched,"brand:Alkaram, gender:ladies, unstitched, pieces:3",FALSE,Title,Default Title,KJC-LU-ALK-10388,shopify,0,deny,manual,3590.00,,TRUE,TRUE,https://cdn.shopify.com/s/files/1/0623/6481/1444/files/EFL-82-3P25-Sage_Green-1_51cba9db-cf18-4c93-9458-38484416af50.jpg?v=1767790593,1,Ladies Unstitched 3 piece,draft,,3 piece,,,Alkaram · Ladies Unstitched 3 piece,Ladies Unstitched 3 piece,Alkaram,https://alkaramstudio.com/products/rts-shirt-trouser-dupatta-efl-82-3p25-sage-green,yes
alkaram-rts-shirt-trouser-dupatta-efl-81-3p25-brown,Alkaram · Ladies Unstitched 3 piece,,Alkaram,Ladies Unstitched,"brand:Alkaram, gender:ladies, unstitched, pieces:3",FALSE,Title,Default Title,KJC-LU-ALK-10389,shopify,0,deny,manual,3590.00,,TRUE,TRUE,https://cdn.shopify.com/s/files/1/0623/6481/1444/files/EFL-81-3P25-Brown-1_jpg.jpg?v=1787555930,1,Ladies Unstitched 3 piece,draft,,3 piece,,,Alkaram · Ladies Unstitched 3 piece,Ladies Unstitched 3 piece,Alkaram,https://alkaramstudio.com/products/rts-shirt-trouser-dupatta-efl-81-3p25-brown,yes
alkaram-rts-shirt-trouser-dupatta-efl-81-3p25-sky-blue,Alkaram · Ladies Unstitched 3 piece,,Alkaram,Ladies Unstitched,"brand:Alkaram, gender:ladies, unstitched, pieces:3",FALSE,Title,Default Title,KJC-LU-ALK-10390,shopify,0,deny,manual,3590.00,,TRUE,TRUE,https://cdn.shopify.com/s/files/1/0623/6481/1444/files/EFL-81-3P25-SkyBlue-1.jpg_1.jpg?v=1787556847,1,Ladies Unstitched 3 piece,draft,,3 piece,,,Alkaram · Ladies Unstitched 3 piece,Ladies Unstitched 3 piece,Alkaram,https://alkaramstudio.com/products/rts-shirt-trouser-dupatta-efl-81-3p25-sky-blue,yes
alkaram-rts-shirt-trouser-dupatta-efl-80-3p25-peach,Alkaram · Ladies Unstitched 3 piece,,Alkaram,Ladies Unstitched,"brand:Alkaram, gender:ladies, unstitched, pieces:3",FALSE,Title,Default Title,KJC-LU-ALK-10391,shopify,0,deny,manual,3390.00,,TRUE,TRUE,https://cdn.shopify.com/s/files/1/0623/6481/1444/files/EFL-80-3P25-Peach-1.jpg?v=1783945161,1,Ladies Unstitched 3 piece,draft,,3 piece,,,Alkaram · Ladies Unstitched 3 piece,Ladies Unstitched 3 piece,Alkaram,https://alkaramstudio.com/products/rts-shirt-trouser-dupatta-efl-80-3p25-peach,yes
alkaram-rts-shirt-trouser-dupatta-efl-78-3p25-red,Alkaram · Ladies Unstitched 3 piece,,Alkaram,Ladies Unstitched,"brand:Alkaram, gender:ladies, unstitched, pieces:3",FALSE,Title,Default Title,KJC-LU-ALK-10392,shopify,0,deny,manual,3590.00,,TRUE,TRUE,https://cdn.shopify.com/s/files/1/0623/6481/1444/files/EFL-78-3P25-Red-1.jpg?v=1783944571,1,Ladies Unstitched 3 piece,draft,,3 piece,,,Alkaram · Ladies Unstitched 3 piece,Ladies Unstitched 3 piece,Alkaram,https://alkaramstudio.com/products/rts-shirt-trouser-dupatta-efl-78-3p25-red,yes
alkaram-rts-shirt-trouser-dupatta-efl-78-3p25-blue,Alkaram · Ladies Unstitched 3 piece,,Alkaram,Ladies Unstitched,"brand:Alkaram, gender:ladies, unstitched, pieces:3",FALSE,Title,Default Title,KJC-LU-ALK-10393,shopify,0,deny,manual,3590.00,,TRUE,TRUE,https://cdn.shopify.com/s/files/1/0623/6481/1444/files/EFL-78-3P25-Blue-1.jpg?v=1783944560,1,Ladies Unstitched 3 piece,draft,,3 piece,,,Alkaram · Ladies Unstitched 3 piece,Ladies Unstitched 3 piece,Alkaram,https://alkaramstudio.com/products/rts-shirt-trouser-dupatta-efl-78-3p25-blue,yes
alkaram-rts-shirt-trouser-dupatta-efl-77-3p25-red,Alkaram · Ladies Unstitched 3 piece,,Alkaram,Ladies Unstitched,"brand:Alkaram, gender:ladies, unstitched, pieces:3",FALSE,Title,Default Title,KJC-LU-ALK-10394,shopify,0,deny,manual,3590.00,,TRUE,TRUE,https://cdn.shopify.com/s/files/1/0623/6481/1444/files/EFL-77-3P25-Red-1.jpg?v=1783944552,1,Ladies Unstitched 3 piece,draft,,3 piece,,,Alkaram · Ladies Unstitched 3 piece,Ladies Unstitched 3 piece,Alkaram,https://alkaramstudio.com/products/rts-shirt-trouser-dupatta-efl-77-3p25-red,yes
alkaram-rts-shirt-trouser-dupatta-efl-76-3p25-yellow,Alkaram · Ladies Unstitched 3 piece,,Alkaram,Ladies Unstitched,"brand:Alkaram, gender:ladies, unstitched, pieces:3",FALSE,Title,Default Title,KJC-LU-ALK-10395,shopify,0,deny,manual,3390.00,,TRUE,TRUE,https://cdn.shopify.com/s/files/1/0623/6481/1444/files/EFL-76-3P25-Yellow-1.jpg?v=1783944531,1,Ladies Unstitched 3 piece,draft,,3 piece,,,Alkaram · Ladies Unstitched 3 piece,Ladies Unstitched 3 piece,Alkaram,https://alkaramstudio.com/products/rts-shirt-trouser-dupatta-efl-76-3p25-yellow,yes
alkaram-rts-shirt-trouser-dupatta-es-75-3p25-light-green,Alkaram · Ladies Unstitched 3 piece,,Alkaram,Ladies Unstitched,"brand:Alkaram, gender:ladies, unstitched, pieces:3",FALSE,Title,Default Title,KJC-LU-ALK-10396,shopify,0,deny,manual,3590.00,,TRUE,TRUE,https://cdn.shopify.com/s/files/1/0623/6481/1444/files/ES-75-3P25-LightGreen-1.jpg?v=1782889888,1,Ladies Unstitched 3 piece,draft,,3 piece,,,Alkaram · Ladies Unstitched 3 piece,Ladies Unstitched 3 piece,Alkaram,https://alkaramstudio.com/products/rts-shirt-trouser-dupatta-es-75-3p25-light-green,yes
alkaram-rts-shirt-trouser-dupatta-efl-74-3p25-beige,Alkaram · Ladies Unstitched 3 piece,,Alkaram,Ladies Unstitched,"brand:Alkaram, gender:ladies, unstitched, pieces:3",FALSE,Title,Default Title,KJC-LU-ALK-10397,shopify,0,deny,manual,3390.00,,TRUE,TRUE,https://cdn.shopify.com/s/files/1/0623/6481/1444/files/EFL-74-3P25-Beige-1.jpg?v=1783944497,1,Ladies Unstitched 3 piece,draft,,3 piece,,,Alkaram · Ladies Unstitched 3 piece,Ladies Unstitched 3 piece,Alkaram,https://alkaramstudio.com/products/rts-shirt-trouser-dupatta-efl-74-3p25-beige,yes
alkaram-rts-shirt-trouser-dupatta-efl-73-3p25-blue,Alkaram · Ladies Unstitched 3 piece,,Alkaram,Ladies Unstitched,"brand:Alkaram, gender:ladies, unstitched, pieces:3",FALSE,Title,Default Title,KJC-LU-ALK-10398,shopify,0,deny,manual,3590.00,,TRUE,TRUE,https://cdn.shopify.com/s/files/1/0623/6481/1444/files/EFL-73-3P25-Blue-1_32146784-edd7-4078-aa68-d52af528b458.jpg?v=1767790556,1,Ladies Unstitched 3 piece,draft,,3 piece,,,Alkaram · Ladies Unstitched 3 piece,Ladies Unstitched 3 piece,Alkaram,https://alkaramstudio.com/products/rts-shirt-trouser-dupatta-efl-73-3p25-blue,yes
alkaram-rts-shirt-trouser-dupatta-efl-73-3p25-purple,Alkaram · Ladies Unstitched 3 piece,,Alkaram,Ladies Unstitched,"brand:Alkaram, gender:ladies, unstitched, pieces:3",FALSE,Title,Default Title,KJC-LU-ALK-10399,shopify,0,deny,manual,3590.00,,TRUE,TRUE,https://cdn.shopify.com/s/files/1/0623/6481/1444/files/EFL-73-3P25-Purple-1_a9237851-36f6-48bf-90fc-a03d7752ba8e.jpg?v=1767790558,1,Ladies Unstitched 3 piece,draft,,3 piece,,,Alkaram · Ladies Unstitched 3 piece,Ladies Unstitched 3 piece,Alkaram,https://alkaramstudio.com/products/rts-shirt-trouser-dupatta-efl-73-3p25-purple,yes
alkaram-rts-shirt-trouser-dupatta-efl-72-3p25-sage-green,Alkaram · Ladies Unstitched 3 piece,,Alkaram,Ladies Unstitched,"brand:Alkaram, gender:ladies, unstitched, pieces:3",FALSE,Title,Default Title,KJC-LU-ALK-10400,shopify,0,deny,manual,3590.00,,TRUE,TRUE,https://cdn.shopify.com/s/files/1/0623/6481/1444/files/EFL-72-3P25-Sage_Green-1_f541027a-c1a2-42cd-aeb0-5ec28c70c934.jpg?v=1767790552,1,Ladies Unstitched 3 piece,draft,,3 piece,,,Alkaram · Ladies Unstitched 3 piece,Ladies Unstitched 3 piece,Alkaram,https://alkaramstudio.com/products/rts-shirt-trouser-dupatta-efl-72-3p25-sage-green,yes
alkaram-rts-shirt-trouser-dupatta-efl-71-3p25-green,Alkaram · Ladies Unstitched 3 piece,,Alkaram,Ladies Unstitched,"brand:Alkaram, gender:ladies, unstitched, pieces:3",FALSE,Title,Default Title,KJC-LU-ALK-10401,shopify,0,deny,manual,3590.00,,TRUE,TRUE,https://cdn.shopify.com/s/files/1/0623/6481/1444/files/EFL-71-3P25-Green-1_8bb04466-1c18-48bf-b817-1aa7b4bdc422.jpg?v=1767790547,1,Ladies Unstitched 3 piece,draft,,3 piece,,,Alkaram · Ladies Unstitched 3 piece,Ladies Unstitched 3 piece,Alkaram,https://alkaramstudio.com/products/rts-shirt-trouser-dupatta-efl-71-3p25-green,yes
alkaram-rts-shirt-trouser-dupatta-efl-71-3p25-brown,Alkaram · Ladies Unstitched 3 piece,,Alkaram,Ladies Unstitched,"brand:Alkaram, gender:ladies, unstitched, pieces:3",FALSE,Title,Default Title,KJC-LU-ALK-10402,shopify,0,deny,manual,3590.00,,TRUE,TRUE,https://cdn.shopify.com/s/files/1/0623/6481/1444/files/EFL-71-3P25-Brown-1_27a23375-6945-4b54-9252-74313ee593ab.jpg?v=1767790549,1,Ladies Unstitched 3 piece,draft,,3 piece,,,Alkaram · Ladies Unstitched 3 piece,Ladies Unstitched 3 piece,Alkaram,https://alkaramstudio.com/products/rts-shirt-trouser-dupatta-efl-71-3p25-brown,yes
alkaram-rts-shirt-trouser-dupatta-efl-70-3p25-blue,Alkaram · Ladies Unstitched 3 piece,,Alkaram,Ladies Unstitched,"brand:Alkaram, gender:ladies, unstitched, pieces:3",FALSE,Title,Default Title,KJC-LU-ALK-10403,shopify,0,deny,manual,3590.00,,TRUE,TRUE,https://cdn.shopify.com/s/files/1/0623/6481/1444/files/EFL-70-3P25-Blue-1_af2d69f8-2f8a-438f-b3be-0591e2660f6e.jpg?v=1767790545,1,Ladies Unstitched 3 piece,draft,,3 piece,,,Alkaram · Ladies Unstitched 3 piece,Ladies Unstitched 3 piece,Alkaram,https://alkaramstudio.com/products/rts-shirt-trouser-dupatta-efl-70-3p25-blue,yes
alkaram-rts-shirt-trouser-dupatta-efl-70-3p25-maroon,Alkaram · Ladies Unstitched 3 piece,,Alkaram,Ladies Unstitched,"brand:Alkaram, gender:ladies, unstitched, pieces:3",FALSE,Title,Default Title,KJC-LU-ALK-10404,shopify,0,deny,manual,3590.00,,TRUE,TRUE,https://cdn.shopify.com/s/files/1/0623/6481/1444/files/EFL-70-3P25-Maroon-1_2bfb7d0a-0a4c-4c54-9744-f91567b10b17.jpg?v=1767790543,1,Ladies Unstitched 3 piece,draft,,3 piece,,,Alkaram · Ladies Unstitched 3 piece,Ladies Unstitched 3 piece,Alkaram,https://alkaramstudio.com/products/rts-shirt-trouser-dupatta-efl-70-3p25-maroon,yes
alkaram-rts-shirt-trouser-dupatta-efl-69-3p25-blue,Alkaram · Ladies Unstitched 3 piece,,Alkaram,Ladies Unstitched,"brand:Alkaram, gender:ladies, unstitched, pieces:3",FALSE,Title,Default Title,KJC-LU-ALK-10405,shopify,0,deny,manual,3390.00,,TRUE,TRUE,https://cdn.shopify.com/s/files/1/0623/6481/1444/files/EFL-69-3P25-Blue-1_59a5463b-d51e-462c-88d6-d67f7069e407.jpg?v=1767790540,1,Ladies Unstitched 3 piece,draft,,3 piece,,,Alkaram · Ladies Unstitched 3 piece,Ladies Unstitched 3 piece,Alkaram,https://alkaramstudio.com/products/rts-shirt-trouser-dupatta-efl-69-3p25-blue,yes
alkaram-rts-shirt-trouser-dupatta-efl-69-3p25-green,Alkaram · Ladies Unstitched 3 piece,,Alkaram,Ladies Unstitched,"brand:Alkaram, gender:ladies, unstitched, pieces:3",FALSE,Title,Default Title,KJC-LU-ALK-10406,shopify,0,deny,manual,3390.00,,TRUE,TRUE,https://cdn.shopify.com/s/files/1/0623/6481/1444/files/EFL-69-3P25-Green-1_981cb23d-fe77-4e9a-9885-54d7527bd2c6.jpg?v=1767790541,1,Ladies Unstitched 3 piece,draft,,3 piece,,,Alkaram · Ladies Unstitched 3 piece,Ladies Unstitched 3 piece,Alkaram,https://alkaramstudio.com/products/rts-shirt-trouser-dupatta-efl-69-3p25-green,yes
alkaram-rts-shirt-trouser-dupatta-efl-68-3p25-blue,Alkaram · Ladies Unstitched 3 piece,,Alkaram,Ladies Unstitched,"brand:Alkaram, gender:ladies, unstitched, pieces:3",FALSE,Title,Default Title,KJC-LU-ALK-10407,shopify,0,deny,manual,3590.00,,TRUE,TRUE,https://cdn.shopify.com/s/files/1/0623/6481/1444/files/EFL-68-3P25-Blue-1.jpg?v=1783944486,1,Ladies Unstitched 3 piece,draft,,3 piece,,,Alkaram · Ladies Unstitched 3 piece,Ladies Unstitched 3 piece,Alkaram,https://alkaramstudio.com/products/rts-shirt-trouser-dupatta-efl-68-3p25-blue,yes
alkaram-rts-shirt-trouser-dupatta-es-68-3p25-cream,Alkaram · Ladies Unstitched 3 piece,,Alkaram,Ladies Unstitched,"brand:Alkaram, gender:ladies, unstitched, pieces:3",FALSE,Title,Default Title,KJC-LU-ALK-10408,shopify,0,deny,manual,3590.00,,TRUE,TRUE,https://cdn.shopify.com/s/files/1/0623/6481/1444/files/ES-68-3P25-Cream-1.jpg?v=1782889860,1,Ladies Unstitched 3 piece,draft,,3 piece,,,Alkaram · Ladies Unstitched 3 piece,Ladies Unstitched 3 piece,Alkaram,https://alkaramstudio.com/products/rts-shirt-trouser-dupatta-es-68-3p25-cream,yes
alkaram-rts-shirt-trouser-dupatta-efl-66-3p25-grey,Alkaram · Ladies Unstitched 3 piece,,Alkaram,Ladies Unstitched,"brand:Alkaram, gender:ladies, unstitched, pieces:3",FALSE,Title,Default Title,KJC-LU-ALK-10409,shopify,0,deny,manual,3390.00,,TRUE,TRUE,https://cdn.shopify.com/s/files/1/0623/6481/1444/files/EFL-66-3P25-Grey-1.jpg?v=1783944442,1,Ladies Unstitched 3 piece,draft,,3 piece,,,Alkaram · Ladies Unstitched 3 piece,Ladies Unstitched 3 piece,Alkaram,https://alkaramstudio.com/products/rts-shirt-trouser-dupatta-efl-66-3p25-grey,yes
alkaram-rts-shirt-trouser-dupatta-efl-66-3p25-pink,Alkaram · Ladies Unstitched 3 piece,,Alkaram,Ladies Unstitched,"brand:Alkaram, gender:ladies, unstitched, pieces:3",FALSE,Title,Default Title,KJC-LU-ALK-10410,shopify,0,deny,manual,3390.00,,TRUE,TRUE,https://cdn.shopify.com/s/files/1/0623/6481/1444/files/EFL-66-3P25-Pink-1.jpg?v=1783944454,1,Ladies Unstitched 3 piece,draft,,3 piece,,,Alkaram · Ladies Unstitched 3 piece,Ladies Unstitched 3 piece,Alkaram,https://alkaramstudio.com/products/rts-shirt-trouser-dupatta-efl-66-3p25-pink,yes
alkaram-rts-shirt-trouser-dupatta-efl-64-3p25-grey,Alkaram · Ladies Unstitched 3 piece,,Alkaram,Ladies Unstitched,"brand:Alkaram, gender:ladies, unstitched, pieces:3",FALSE,Title,Default Title,KJC-LU-ALK-10411,shopify,0,deny,manual,3390.00,,TRUE,TRUE,https://cdn.shopify.com/s/files/1/0623/6481/1444/files/EFL-64-3P25-Grey-1.jpg?v=1783944371,1,Ladies Unstitched 3 piece,draft,,3 piece,,,Alkaram · Ladies Unstitched 3 piece,Ladies Unstitched 3 piece,Alkaram,https://alkaramstudio.com/products/rts-shirt-trouser-dupatta-efl-64-3p25-grey,yes
alkaram-rts-shirt-trouser-dupatta-efl-63-3p25-black,Alkaram · Ladies Unstitched 3 piece,,Alkaram,Ladies Unstitched,"brand:Alkaram, gender:ladies, unstitched, pieces:3, colour:White",FALSE,Title,Default Title,KJC-LU-ALK-10412,shopify,0,deny,manual,3590.00,,TRUE,TRUE,https://cdn.shopify.com/s/files/1/0623/6481/1444/files/EFL-63-3P25-Black-1_66aec978-178a-4c36-830b-9df0a511b068.jpg?v=1767790522,1,Ladies Unstitched 3 piece,draft,,3 piece,,White,Alkaram · Ladies Unstitched 3 piece,Ladies Unstitched 3 piece,Alkaram,https://alkaramstudio.com/products/rts-shirt-trouser-dupatta-efl-63-3p25-black,yes
alkaram-rts-shirt-trouser-dupatta-efl-62-3p25-coral,Alkaram · Ladies Unstitched 3 piece,,Alkaram,Ladies Unstitched,"brand:Alkaram, gender:ladies, unstitched, pieces:3",FALSE,Title,Default Title,KJC-LU-ALK-10413,shopify,0,deny,manual,3390.00,,TRUE,TRUE,https://cdn.shopify.com/s/files/1/0623/6481/1444/files/EFL-62-3P25-Coral-1_4e2db127-a9c2-428d-8f15-9b9ff4f5150a.jpg?v=1767790516,1,Ladies Unstitched 3 piece,draft,,3 piece,,,Alkaram · Ladies Unstitched 3 piece,Ladies Unstitched 3 piece,Alkaram,https://alkaramstudio.com/products/rts-shirt-trouser-dupatta-efl-62-3p25-coral,yes
alkaram-rts-shirt-trouser-dupatta-efl-59-3p25-cream,Alkaram · Ladies Unstitched 3 piece,,Alkaram,Ladies Unstitched,"brand:Alkaram, gender:ladies, unstitched, pieces:3",FALSE,Title,Default Title,KJC-LU-ALK-10414,shopify,0,deny,manual,3390.00,,TRUE,TRUE,https://cdn.shopify.com/s/files/1/0623/6481/1444/files/EFL-59-3P25-Cream-1.jpg?v=1783930115,1,Ladies Unstitched 3 piece,draft,,3 piece,,,Alkaram · Ladies Unstitched 3 piece,Ladies Unstitched 3 piece,Alkaram,https://alkaramstudio.com/products/rts-shirt-trouser-dupatta-efl-59-3p25-cream,yes
alkaram-rts-shirt-trouser-dupatta-efl-59-3p25-beige,Alkaram · Ladies Unstitched 3 piece,,Alkaram,Ladies Unstitched,"brand:Alkaram, gender:ladies, unstitched, pieces:3",FALSE,Title,Default Title,KJC-LU-ALK-10415,shopify,0,deny,manual,3390.00,,TRUE,TRUE,https://cdn.shopify.com/s/files/1/0623/6481/1444/files/EFL-59-3P25-Beige-1.jpg?v=1787044654,1,Ladies Unstitched 3 piece,draft,,3 piece,,,Alkaram · Ladies Unstitched 3 piece,Ladies Unstitched 3 piece,Alkaram,https://alkaramstudio.com/products/rts-shirt-trouser-dupatta-efl-59-3p25-beige,yes
alkaram-rts-shirt-trouser-dupatta-efl-58-3p25-pink,Alkaram · Ladies Unstitched 3 piece,,Alkaram,Ladies Unstitched,"brand:Alkaram, gender:ladies, unstitched, pieces:3",FALSE,Title,Default Title,KJC-LU-ALK-10416,shopify,0,deny,manual,3590.00,,TRUE,TRUE,https://cdn.shopify.com/s/files/1/0623/6481/1444/files/EFL-58-3P25-Pink-1_3fe9a170-f248-4dd7-8cd7-0a4370366eda.jpg?v=1767790499,1,Ladies Unstitched 3 piece,draft,,3 piece,,,Alkaram · Ladies Unstitched 3 piece,Ladies Unstitched 3 piece,Alkaram,https://alkaramstudio.com/products/rts-shirt-trouser-dupatta-efl-58-3p25-pink,yes
alkaram-rts-shirt-trouser-dupatta-efl-58-3p25-grey,Alkaram · Ladies Unstitched 3 piece,,Alkaram,Ladies Unstitched,"brand:Alkaram, gender:ladies, unstitched, pieces:3",FALSE,Title,Default Title,KJC-LU-ALK-10417,shopify,0,deny,manual,3590.00,,TRUE,TRUE,https://cdn.shopify.com/s/files/1/0623/6481/1444/files/EFL-58-3P25-Grey-1_f3932099-779e-496d-a906-7d1e67b636ae.jpg?v=1767790501,1,Ladies Unstitched 3 piece,draft,,3 piece,,,Alkaram · Ladies Unstitched 3 piece,Ladies Unstitched 3 piece,Alkaram,https://alkaramstudio.com/products/rts-shirt-trouser-dupatta-efl-58-3p25-grey,yes
alkaram-rts-shirt-trouser-dupatta-efl-57-3p25-grey,Alkaram · Ladies Unstitched 3 piece,,Alkaram,Ladies Unstitched,"brand:Alkaram, gender:ladies, unstitched, pieces:3",FALSE,Title,Default Title,KJC-LU-ALK-10418,shopify,0,deny,manual,3590.00,,TRUE,TRUE,https://cdn.shopify.com/s/files/1/0623/6481/1444/files/EFL-57-3P25-Grey-1_jpg.jpg?v=1787902165,1,Ladies Unstitched 3 piece,draft,,3 piece,,,Alkaram · Ladies Unstitched 3 piece,Ladies Unstitched 3 piece,Alkaram,https://alkaramstudio.com/products/rts-shirt-trouser-dupatta-efl-57-3p25-grey,yes
alkaram-rts-shirt-trouser-dupatta-efl-56-3p25-blue,Alkaram · Ladies Unstitched 3 piece,,Alkaram,Ladies Unstitched,"brand:Alkaram, gender:ladies, unstitched, pieces:3",FALSE,Title,Default Title,KJC-LU-ALK-10419,shopify,0,deny,manual,3590.00,,TRUE,TRUE,https://cdn.shopify.com/s/files/1/0623/6481/1444/files/EFL-56-3P25-Blue-1_e71fc8f5-dee0-4f06-8a0f-ec73e381fcc2.jpg?v=1767790492,1,Ladies Unstitched 3 piece,draft,,3 piece,,,Alkaram · Ladies Unstitched 3 piece,Ladies Unstitched 3 piece,Alkaram,https://alkaramstudio.com/products/rts-shirt-trouser-dupatta-efl-56-3p25-blue,yes
alkaram-rts-shirt-trouser-dupatta-efl-56-3p25-light-blue,Alkaram · Ladies Unstitched 3 piece,,Alkaram,Ladies Unstitched,"brand:Alkaram, gender:ladies, unstitched, pieces:3",FALSE,Title,Default Title,KJC-LU-ALK-10420,shopify,0,deny,manual,3590.00,,TRUE,TRUE,https://cdn.shopify.com/s/files/1/0623/6481/1444/files/EFL-56-3P25-Light_Blue-1_d2f1966c-51b0-4a2a-8ad0-4c40016dc565.jpg?v=1767790494,1,Ladies Unstitched 3 piece,draft,,3 piece,,,Alkaram · Ladies Unstitched 3 piece,Ladies Unstitched 3 piece,Alkaram,https://alkaramstudio.com/products/rts-shirt-trouser-dupatta-efl-56-3p25-light-blue,yes
alkaram-rts-shirt-trouser-dupatta-efl-53-3p25-blue,Alkaram · Ladies Unstitched 3 piece,,Alkaram,Ladies Unstitched,"brand:Alkaram, gender:ladies, unstitched, pieces:3",FALSE,Title,Default Title,KJC-LU-ALK-10421,shopify,0,deny,manual,3390.00,,TRUE,TRUE,https://cdn.shopify.com/s/files/1/0623/6481/1444/files/EFL-53-3P25-Blue-1.jpg?v=1783668086,1,Ladies Unstitched 3 piece,draft,,3 piece,,,Alkaram · Ladies Unstitched 3 piece,Ladies Unstitched 3 piece,Alkaram,https://alkaramstudio.com/products/rts-shirt-trouser-dupatta-efl-53-3p25-blue,yes
alkaram-rts-shirt-trouser-dupatta-efl-53-3p25-sage-green,Alkaram · Ladies Unstitched 3 piece,,Alkaram,Ladies Unstitched,"brand:Alkaram, gender:ladies, unstitched, pieces:3",FALSE,Title,Default Title,KJC-LU-ALK-10422,shopify,0,deny,manual,3390.00,,TRUE,TRUE,https://cdn.shopify.com/s/files/1/0623/6481/1444/files/EFL-53-3P25-SageGreen-1.jpg?v=1783593000,1,Ladies Unstitched 3 piece,draft,,3 piece,,,Alkaram · Ladies Unstitched 3 piece,Ladies Unstitched 3 piece,Alkaram,https://alkaramstudio.com/products/rts-shirt-trouser-dupatta-efl-53-3p25-sage-green,yes
alkaram-rts-shirt-trouser-dupatta-efl-51-3p25-light-purple,Alkaram · Ladies Unstitched 3 piece,,Alkaram,Ladies Unstitched,"brand:Alkaram, gender:ladies, unstitched, pieces:3",FALSE,Title,Default Title,KJC-LU-ALK-10423,shopify,0,deny,manual,3390.00,,TRUE,TRUE,https://cdn.shopify.com/s/files/1/0623/6481/1444/files/EFL-51-3P25-LightPurple-1.jpg?v=1783667874,1,Ladies Unstitched 3 piece,draft,,3 piece,,,Alkaram · Ladies Unstitched 3 piece,Ladies Unstitched 3 piece,Alkaram,https://alkaramstudio.com/products/rts-shirt-trouser-dupatta-efl-51-3p25-light-purple,yes
alkaram-rts-shirt-trouser-dupatta-efl-48-3p25-red,Alkaram · Ladies Unstitched 3 piece,,Alkaram,Ladies Unstitched,"brand:Alkaram, gender:ladies, unstitched, pieces:3",FALSE,Title,Default Title,KJC-LU-ALK-10424,shopify,0,deny,manual,3590.00,,TRUE,TRUE,https://cdn.shopify.com/s/files/1/0623/6481/1444/files/EFL-48-3P25-Red-1.jpg?v=1783667676,1,Ladies Unstitched 3 piece,draft,,3 piece,,,Alkaram · Ladies Unstitched 3 piece,Ladies Unstitched 3 piece,Alkaram,https://alkaramstudio.com/products/rts-shirt-trouser-dupatta-efl-48-3p25-red,yes
alkaram-rts-shirt-trouser-dupatta-efl-48-3p25-green,Alkaram · Ladies Unstitched 3 piece,,Alkaram,Ladies Unstitched,"brand:Alkaram, gender:ladies, unstitched, pieces:3",FALSE,Title,Default Title,KJC-LU-ALK-10425,shopify,0,deny,manual,3590.00,,TRUE,TRUE,https://cdn.shopify.com/s/files/1/0623/6481/1444/files/EFL-48-3P25-Green-1.jpg?v=1783667585,1,Ladies Unstitched 3 piece,draft,,3 piece,,,Alkaram · Ladies Unstitched 3 piece,Ladies Unstitched 3 piece,Alkaram,https://alkaramstudio.com/products/rts-shirt-trouser-dupatta-efl-48-3p25-green,yes
alkaram-rts-shirt-trouser-dupatta-efl-47-3p25-green,Alkaram · Ladies Unstitched 3 piece,,Alkaram,Ladies Unstitched,"brand:Alkaram, gender:ladies, unstitched, pieces:3",FALSE,Title,Default Title,KJC-LU-ALK-10426,shopify,0,deny,manual,3390.00,,TRUE,TRUE,https://cdn.shopify.com/s/files/1/0623/6481/1444/files/EFL-47-3P25-Green-1_bdd0371c-1645-44c1-9ae1-588940992e38.jpg?v=1767790459,1,Ladies Unstitched 3 piece,draft,,3 piece,,,Alkaram · Ladies Unstitched 3 piece,Ladies Unstitched 3 piece,Alkaram,https://alkaramstudio.com/products/rts-shirt-trouser-dupatta-efl-47-3p25-green,yes
alkaram-rts-shirt-trouser-dupatta-efl-46-3p25-cream,Alkaram · Ladies Unstitched 3 piece,,Alkaram,Ladies Unstitched,"brand:Alkaram, gender:ladies, unstitched, pieces:3",FALSE,Title,Default Title,KJC-LU-ALK-10427,shopify,0,deny,manual,3390.00,,TRUE,TRUE,https://cdn.shopify.com/s/files/1/0623/6481/1444/files/EFL-46-3P25-Cream-1.jpg?v=1783667416,1,Ladies Unstitched 3 piece,draft,,3 piece,,,Alkaram · Ladies Unstitched 3 piece,Ladies Unstitched 3 piece,Alkaram,https://alkaramstudio.com/products/rts-shirt-trouser-dupatta-efl-46-3p25-cream,yes
alkaram-rts-shirt-trouser-dupatta-efl-44-3p25-brown,Alkaram · Ladies Unstitched 3 piece,,Alkaram,Ladies Unstitched,"brand:Alkaram, gender:ladies, unstitched, pieces:3",FALSE,Title,Default Title,KJC-LU-ALK-10428,shopify,0,deny,manual,3390.00,,TRUE,TRUE,https://cdn.shopify.com/s/files/1/0623/6481/1444/files/EFL-44-3P25-Brown-1_b5ea1c66-47b8-4dab-ba73-df838cba9e7b.jpg?v=1767790449,1,Ladies Unstitched 3 piece,draft,,3 piece,,,Alkaram · Ladies Unstitched 3 piece,Ladies Unstitched 3 piece,Alkaram,https://alkaramstudio.com/products/rts-shirt-trouser-dupatta-efl-44-3p25-brown,yes
alkaram-rts-shirt-trouser-dupatta-efl-44-3p25-light-pink,Alkaram · Ladies Unstitched 3 piece,,Alkaram,Ladies Unstitched,"brand:Alkaram, gender:ladies, unstitched, pieces:3",FALSE,Title,Default Title,KJC-LU-ALK-10429,shopify,0,deny,manual,3390.00,,TRUE,TRUE,https://cdn.shopify.com/s/files/1/0623/6481/1444/files/EFL-44-3P25-Light_Pink-1_33f3d202-c409-4278-af5b-a24c938f2bd2.jpg?v=1767790447,1,Ladies Unstitched 3 piece,draft,,3 piece,,,Alkaram · Ladies Unstitched 3 piece,Ladies Unstitched 3 piece,Alkaram,https://alkaramstudio.com/products/rts-shirt-trouser-dupatta-efl-44-3p25-light-pink,yes
alkaram-rts-shirt-trouser-dupatta-efl-43-3p25-black,Alkaram · Ladies Unstitched 3 piece,,Alkaram,Ladies Unstitched,"brand:Alkaram, gender:ladies, unstitched, pieces:3",FALSE,Title,Default Title,KJC-LU-ALK-10430,shopify,0,deny,manual,3390.00,,TRUE,TRUE,https://cdn.shopify.com/s/files/1/0623/6481/1444/files/EFL-43-3P25-Black-1.jpg?v=1783592993,1,Ladies Unstitched 3 piece,draft,,3 piece,,,Alkaram · Ladies Unstitched 3 piece,Ladies Unstitched 3 piece,Alkaram,https://alkaramstudio.com/products/rts-shirt-trouser-dupatta-efl-43-3p25-black,yes
alkaram-rts-shirt-trouser-dupatta-es-43-3p25-white,Alkaram · Ladies Unstitched 3 piece,,Alkaram,Ladies Unstitched,"brand:Alkaram, gender:ladies, unstitched, pieces:3",FALSE,Title,Default Title,KJC-LU-ALK-10431,shopify,0,deny,manual,3390.00,,TRUE,TRUE,https://cdn.shopify.com/s/files/1/0623/6481/1444/files/ES-43-3P25-White-1.jpg?v=1782889783,1,Ladies Unstitched 3 piece,draft,,3 piece,,,Alkaram · Ladies Unstitched 3 piece,Ladies Unstitched 3 piece,Alkaram,https://alkaramstudio.com/products/rts-shirt-trouser-dupatta-es-43-3p25-white,yes
alkaram-rts-shirt-trouser-dupatta-efl-42-3p25-peach,Alkaram · Ladies Unstitched 3 piece,,Alkaram,Ladies Unstitched,"brand:Alkaram, gender:ladies, unstitched, pieces:3",FALSE,Title,Default Title,KJC-LU-ALK-10432,shopify,0,deny,manual,3390.00,,TRUE,TRUE,https://cdn.shopify.com/s/files/1/0623/6481/1444/files/EFL-42-3P25-Peach-1_c0a45184-80fe-40ae-bca0-1aaa67302ef1.jpg?v=1767790442,1,Ladies Unstitched 3 piece,draft,,3 piece,,,Alkaram · Ladies Unstitched 3 piece,Ladies Unstitched 3 piece,Alkaram,https://alkaramstudio.com/products/rts-shirt-trouser-dupatta-efl-42-3p25-peach,yes
alkaram-rts-shirt-trouser-dupatta-efl-40-3p25-black,Alkaram · Ladies Unstitched 3 piece,,Alkaram,Ladies Unstitched,"brand:Alkaram, gender:ladies, unstitched, pieces:3, colour:White",FALSE,Title,Default Title,KJC-LU-ALK-10433,shopify,0,deny,manual,3390.00,,TRUE,TRUE,https://cdn.shopify.com/s/files/1/0623/6481/1444/files/EFL-40-3P25-Black-1_59831056-2832-480f-aa84-ac09a519740c.jpg?v=1767790434,1,Ladies Unstitched 3 piece,draft,,3 piece,,White,Alkaram · Ladies Unstitched 3 piece,Ladies Unstitched 3 piece,Alkaram,https://alkaramstudio.com/products/rts-shirt-trouser-dupatta-efl-40-3p25-black,yes
alkaram-rts-shirt-trouser-dupatta-efl-38-3p25-blue,Alkaram · Ladies Unstitched 3 piece,,Alkaram,Ladies Unstitched,"brand:Alkaram, gender:ladies, unstitched, pieces:3",FALSE,Title,Default Title,KJC-LU-ALK-10434,shopify,0,deny,manual,3390.00,,TRUE,TRUE,https://cdn.shopify.com/s/files/1/0623/6481/1444/files/EFL-38-3P25-Blue-1_505b82e8-37d5-4f90-85cf-633bd2bb58cb.jpg?v=1767790425,1,Ladies Unstitched 3 piece,draft,,3 piece,,,Alkaram · Ladies Unstitched 3 piece,Ladies Unstitched 3 piece,Alkaram,https://alkaramstudio.com/products/rts-shirt-trouser-dupatta-efl-38-3p25-blue,yes
alkaram-rts-shirt-trouser-dupatta-efl-38-3p25-mint-green,Alkaram · Ladies Unstitched 3 piece,,Alkaram,Ladies Unstitched,"brand:Alkaram, gender:ladies, unstitched, pieces:3",FALSE,Title,Default Title,KJC-LU-ALK-10435,shopify,0,deny,manual,3390.00,,TRUE,TRUE,https://cdn.shopify.com/s/files/1/0623/6481/1444/files/EFL-38-3P25-Mint_Green-1_cc8ec6a2-ce43-4d09-9d03-3e2ae773617f.jpg?v=1767790427,1,Ladies Unstitched 3 piece,draft,,3 piece,,,Alkaram · Ladies Unstitched 3 piece,Ladies Unstitched 3 piece,Alkaram,https://alkaramstudio.com/products/rts-shirt-trouser-dupatta-efl-38-3p25-mint-green,yes
alkaram-rts-shirt-trouser-dupatta-efl-36-3p25-light-pink,Alkaram · Ladies Unstitched 3 piece,,Alkaram,Ladies Unstitched,"brand:Alkaram, gender:ladies, unstitched, pieces:3",FALSE,Title,Default Title,KJC-LU-ALK-10436,shopify,0,deny,manual,3390.00,,TRUE,TRUE,https://cdn.shopify.com/s/files/1/0623/6481/1444/files/EFL-36-3P25-Light_Pink-1_7f9ad3b1-8c9f-4c96-ad85-a3ec44ccd5ed.jpg?v=1767790418,1,Ladies Unstitched 3 piece,draft,,3 piece,,,Alkaram · Ladies Unstitched 3 piece,Ladies Unstitched 3 piece,Alkaram,https://alkaramstudio.com/products/rts-shirt-trouser-dupatta-efl-36-3p25-light-pink,yes
alkaram-rts-shirt-trouser-dupatta-efl-36-3p25-mint-green,Alkaram · Ladies Unstitched 3 piece,,Alkaram,Ladies Unstitched,"brand:Alkaram, gender:ladies, unstitched, pieces:3",FALSE,Title,Default Title,KJC-LU-ALK-10437,shopify,0,deny,manual,3390.00,,TRUE,TRUE,https://cdn.shopify.com/s/files/1/0623/6481/1444/files/EFL-36-3P25-Mint_Green-1_e898ae80-4887-47fe-85a3-629d8eabbf64.jpg?v=1767790419,1,Ladies Unstitched 3 piece,draft,,3 piece,,,Alkaram · Ladies Unstitched 3 piece,Ladies Unstitched 3 piece,Alkaram,https://alkaramstudio.com/products/rts-shirt-trouser-dupatta-efl-36-3p25-mint-green,yes
alkaram-rts-shirt-trouser-dupatta-efl-34-3p25-purple,Alkaram · Ladies Unstitched 3 piece,,Alkaram,Ladies Unstitched,"brand:Alkaram, gender:ladies, unstitched, pieces:3",FALSE,Title,Default Title,KJC-LU-ALK-10438,shopify,0,deny,manual,3590.00,,TRUE,TRUE,https://cdn.shopify.com/s/files/1/0623/6481/1444/files/EFL-34-3P25-Purple-1_e64c0ac3-c718-47c0-b88f-c113b8a94885.jpg?v=1767790412,1,Ladies Unstitched 3 piece,draft,,3 piece,,,Alkaram · Ladies Unstitched 3 piece,Ladies Unstitched 3 piece,Alkaram,https://alkaramstudio.com/products/rts-shirt-trouser-dupatta-efl-34-3p25-purple,yes
alkaram-rts-shirt-trouser-dupatta-efl-34-3p25-blue,Alkaram · Ladies Unstitched 3 piece,,Alkaram,Ladies Unstitched,"brand:Alkaram, gender:ladies, unstitched, pieces:3",FALSE,Title,Default Title,KJC-LU-ALK-10439,shopify,0,deny,manual,3590.00,,TRUE,TRUE,https://cdn.shopify.com/s/files/1/0623/6481/1444/files/EFL-34-3P25-Blue-1_c842f155-356e-4489-9a48-56933fb67cef.jpg?v=1767790410,1,Ladies Unstitched 3 piece,draft,,3 piece,,,Alkaram · Ladies Unstitched 3 piece,Ladies Unstitched 3 piece,Alkaram,https://alkaramstudio.com/products/rts-shirt-trouser-dupatta-efl-34-3p25-blue,yes
alkaram-rts-shirt-trouser-dupatta-efl-32-3p25-yellow,Alkaram · Ladies Unstitched 3 piece,,Alkaram,Ladies Unstitched,"brand:Alkaram, gender:ladies, unstitched, pieces:3",FALSE,Title,Default Title,KJC-LU-ALK-10440,shopify,0,deny,manual,3590.00,,TRUE,TRUE,https://cdn.shopify.com/s/files/1/0623/6481/1444/files/EFL-32-3P25-Yellow-1_e1c7212d-c5a6-4c6a-aa35-c4fb9001567c.jpg?v=1767790401,1,Ladies Unstitched 3 piece,draft,,3 piece,,,Alkaram · Ladies Unstitched 3 piece,Ladies Unstitched 3 piece,Alkaram,https://alkaramstudio.com/products/rts-shirt-trouser-dupatta-efl-32-3p25-yellow,yes
alkaram-rts-shirt-trouser-dupatta-efl-32-3p25-black,Alkaram · Ladies Unstitched 3 piece,,Alkaram,Ladies Unstitched,"brand:Alkaram, gender:ladies, unstitched, pieces:3, colour:White",FALSE,Title,Default Title,KJC-LU-ALK-10441,shopify,0,deny,manual,3590.00,,TRUE,TRUE,https://cdn.shopify.com/s/files/1/0623/6481/1444/files/EFL-32-3P25-Black-1_9e999b8f-158e-45ba-98ab-db89bdcaf39d.jpg?v=1767790398,1,Ladies Unstitched 3 piece,draft,,3 piece,,White,Alkaram · Ladies Unstitched 3 piece,Ladies Unstitched 3 piece,Alkaram,https://alkaramstudio.com/products/rts-shirt-trouser-dupatta-efl-32-3p25-black,yes
alkaram-rts-shirt-trouser-dupatta-efl-30-3p25-blue,Alkaram · Ladies Unstitched 3 piece,,Alkaram,Ladies Unstitched,"brand:Alkaram, gender:ladies, unstitched, pieces:3",FALSE,Title,Default Title,KJC-LU-ALK-10442,shopify,0,deny,manual,3590.00,,TRUE,TRUE,https://cdn.shopify.com/s/files/1/0623/6481/1444/files/EFL-30-3P25-Blue-1_b16684fa-dcdf-4143-8f48-45183d6806fa.jpg?v=1767790393,1,Ladies Unstitched 3 piece,draft,,3 piece,,,Alkaram · Ladies Unstitched 3 piece,Ladies Unstitched 3 piece,Alkaram,https://alkaramstudio.com/products/rts-shirt-trouser-dupatta-efl-30-3p25-blue,yes
alkaram-rts-shirt-trouser-dupatta-efl-29-3p25-peach,Alkaram · Ladies Unstitched 3 piece,,Alkaram,Ladies Unstitched,"brand:Alkaram, gender:ladies, unstitched, pieces:3",FALSE,Title,Default Title,KJC-LU-ALK-10443,shopify,0,deny,manual,3390.00,,TRUE,TRUE,https://cdn.shopify.com/s/files/1/0623/6481/1444/files/EFL-29-3P25-Peach-1.jpg_2.jpg?v=1787556693,1,Ladies Unstitched 3 piece,draft,,3 piece,,,Alkaram · Ladies Unstitched 3 piece,Ladies Unstitched 3 piece,Alkaram,https://alkaramstudio.com/products/rts-shirt-trouser-dupatta-efl-29-3p25-peach,yes
alkaram-rts-shirt-trouser-dupatta-efl-28-3p25-off-white,Alkaram · Ladies Unstitched 3 piece,,Alkaram,Ladies Unstitched,"brand:Alkaram, gender:ladies, unstitched, pieces:3",FALSE,Title,Default Title,KJC-LU-ALK-10444,shopify,0,deny,manual,3590.00,,TRUE,TRUE,https://cdn.shopify.com/s/files/1/0623/6481/1444/files/EFL-28-3P25-Off_White-1_e3f348cb-f755-41a1-99f2-f05b24aaccaf.jpg?v=1767790383,1,Ladies Unstitched 3 piece,draft,,3 piece,,,Alkaram · Ladies Unstitched 3 piece,Ladies Unstitched 3 piece,Alkaram,https://alkaramstudio.com/products/rts-shirt-trouser-dupatta-efl-28-3p25-off-white,yes
alkaram-rts-shirt-trouser-dupatta-efl-28-3p25-cream,Alkaram · Ladies Unstitched 3 piece,,Alkaram,Ladies Unstitched,"brand:Alkaram, gender:ladies, unstitched, pieces:3",FALSE,Title,Default Title,KJC-LU-ALK-10445,shopify,0,deny,manual,3590.00,,TRUE,TRUE,https://cdn.shopify.com/s/files/1/0623/6481/1444/files/EFL-28-3P25-Cream-1_b11d36bb-bf6c-42f9-9cb8-a960c57a85dc.jpg?v=1767790385,1,Ladies Unstitched 3 piece,draft,,3 piece,,,Alkaram · Ladies Unstitched 3 piece,Ladies Unstitched 3 piece,Alkaram,https://alkaramstudio.com/products/rts-shirt-trouser-dupatta-efl-28-3p25-cream,yes
alkaram-rts-shirt-trouser-dupatta-efl-25-3p25-off-white,Alkaram · Ladies Unstitched 3 piece,,Alkaram,Ladies Unstitched,"brand:Alkaram, gender:ladies, unstitched, pieces:3",FALSE,Title,Default Title,KJC-LU-ALK-10446,shopify,0,deny,manual,3390.00,,TRUE,TRUE,https://cdn.shopify.com/s/files/1/0623/6481/1444/files/EFL-25-3P25-Off_White-1_43a232a6-51f0-4e46-850b-5f8035f282b3.jpg?v=1767790372,1,Ladies Unstitched 3 piece,draft,,3 piece,,,Alkaram · Ladies Unstitched 3 piece,Ladies Unstitched 3 piece,Alkaram,https://alkaramstudio.com/products/rts-shirt-trouser-dupatta-efl-25-3p25-off-white,yes
alkaram-rts-shirt-trouser-dupatta-efl-24-3p25-peach,Alkaram · Ladies Unstitched 3 piece,,Alkaram,Ladies Unstitched,"brand:Alkaram, gender:ladies, unstitched, pieces:3",FALSE,Title,Default Title,KJC-LU-ALK-10447,shopify,0,deny,manual,3390.00,,TRUE,TRUE,https://cdn.shopify.com/s/files/1/0623/6481/1444/files/EFL-24-3P25-Peach-1.jpg?v=1783666880,1,Ladies Unstitched 3 piece,draft,,3 piece,,,Alkaram · Ladies Unstitched 3 piece,Ladies Unstitched 3 piece,Alkaram,https://alkaramstudio.com/products/rts-shirt-trouser-dupatta-efl-24-3p25-peach,yes
alkaram-rts-shirt-trouser-dupatta-efl-24-3p25-off-white,Alkaram · Ladies Unstitched 3 piece,,Alkaram,Ladies Unstitched,"brand:Alkaram, gender:ladies, unstitched, pieces:3",FALSE,Title,Default Title,KJC-LU-ALK-10448,shopify,0,deny,manual,3390.00,,TRUE,TRUE,https://cdn.shopify.com/s/files/1/0623/6481/1444/files/EFL-24-3P25-OffWhite-1.jpg?v=1787044846,1,Ladies Unstitched 3 piece,draft,,3 piece,,,Alkaram · Ladies Unstitched 3 piece,Ladies Unstitched 3 piece,Alkaram,https://alkaramstudio.com/products/rts-shirt-trouser-dupatta-efl-24-3p25-off-white,yes
alkaram-rts-shirt-trouser-dupatta-efl-22-3p25-blue,Alkaram · Ladies Unstitched 3 piece,,Alkaram,Ladies Unstitched,"brand:Alkaram, gender:ladies, unstitched, pieces:3",FALSE,Title,Default Title,KJC-LU-ALK-10449,shopify,0,deny,manual,3390.00,,TRUE,TRUE,https://cdn.shopify.com/s/files/1/0623/6481/1444/files/EFL-22-3P25-Blue-1_3c7d6b28-08ee-434e-8db7-13be483c31af.jpg?v=1767790361,1,Ladies Unstitched 3 piece,draft,,3 piece,,,Alkaram · Ladies Unstitched 3 piece,Ladies Unstitched 3 piece,Alkaram,https://alkaramstudio.com/products/rts-shirt-trouser-dupatta-efl-22-3p25-blue,yes
alkaram-rts-shirt-trouser-dupatta-efl-20-3p25-blue,Alkaram · Ladies Unstitched 3 piece,,Alkaram,Ladies Unstitched,"brand:Alkaram, gender:ladies, unstitched, pieces:3",FALSE,Title,Default Title,KJC-LU-ALK-10450,shopify,0,deny,manual,3390.00,,TRUE,TRUE,https://cdn.shopify.com/s/files/1/0623/6481/1444/files/EFL-20-3P25-Blue-1.jpg?v=1783666736,1,Ladies Unstitched 3 piece,draft,,3 piece,,,Alkaram · Ladies Unstitched 3 piece,Ladies Unstitched 3 piece,Alkaram,https://alkaramstudio.com/products/rts-shirt-trouser-dupatta-efl-20-3p25-blue,yes
alkaram-rts-shirt-trouser-dupatta-efl-20-3p25-rust,Alkaram · Ladies Unstitched 3 piece,,Alkaram,Ladies Unstitched,"brand:Alkaram, gender:ladies, unstitched, pieces:3",FALSE,Title,Default Title,KJC-LU-ALK-10451,shopify,0,deny,manual,3390.00,,TRUE,TRUE,https://cdn.shopify.com/s/files/1/0623/6481/1444/files/EFL-20-3P25-Rust-1.jpg?v=1783666614,1,Ladies Unstitched 3 piece,draft,,3 piece,,,Alkaram · Ladies Unstitched 3 piece,Ladies Unstitched 3 piece,Alkaram,https://alkaramstudio.com/products/rts-shirt-trouser-dupatta-efl-20-3p25-rust,yes
alkaram-rts-shirt-trouser-dupatta-efl-18-3p25-mint-green,Alkaram · Ladies Unstitched 3 piece,,Alkaram,Ladies Unstitched,"brand:Alkaram, gender:ladies, unstitched, pieces:3",FALSE,Title,Default Title,KJC-LU-ALK-10452,shopify,0,deny,manual,3390.00,,TRUE,TRUE,https://cdn.shopify.com/s/files/1/0623/6481/1444/files/EFL-18-3P25-MintGreen-1.jpg?v=1783592975,1,Ladies Unstitched 3 piece,draft,,3 piece,,,Alkaram · Ladies Unstitched 3 piece,Ladies Unstitched 3 piece,Alkaram,https://alkaramstudio.com/products/rts-shirt-trouser-dupatta-efl-18-3p25-mint-green,yes
alkaram-rts-shirt-trouser-dupatta-efl-18-3p25-pink,Alkaram · Ladies Unstitched 3 piece,,Alkaram,Ladies Unstitched,"brand:Alkaram, gender:ladies, unstitched, pieces:3",FALSE,Title,Default Title,KJC-LU-ALK-10453,shopify,0,deny,manual,3390.00,,TRUE,TRUE,https://cdn.shopify.com/s/files/1/0623/6481/1444/files/EFL-18-3P25-Pink-1.jpg?v=1783592985,1,Ladies Unstitched 3 piece,draft,,3 piece,,,Alkaram · Ladies Unstitched 3 piece,Ladies Unstitched 3 piece,Alkaram,https://alkaramstudio.com/products/rts-shirt-trouser-dupatta-efl-18-3p25-pink,yes
alkaram-rts-shirt-trouser-dupatta-efl-17-3p25-off-white,Alkaram · Ladies Unstitched 3 piece,,Alkaram,Ladies Unstitched,"brand:Alkaram, gender:ladies, unstitched, pieces:3",FALSE,Title,Default Title,KJC-LU-ALK-10454,shopify,0,deny,manual,3390.00,,TRUE,TRUE,https://cdn.shopify.com/s/files/1/0623/6481/1444/files/EFL-17-3P25-Off_White-1_7f719448-6035-43a0-a50f-690e6caf93c0.jpg?v=1767790344,1,Ladies Unstitched 3 piece,draft,,3 piece,,,Alkaram · Ladies Unstitched 3 piece,Ladies Unstitched 3 piece,Alkaram,https://alkaramstudio.com/products/rts-shirt-trouser-dupatta-efl-17-3p25-off-white,yes
alkaram-rts-shirt-trouser-dupatta-efl-16-3p25-turquoise,Alkaram · Ladies Unstitched 3 piece,,Alkaram,Ladies Unstitched,"brand:Alkaram, gender:ladies, unstitched, pieces:3",FALSE,Title,Default Title,KJC-LU-ALK-10455,shopify,0,deny,manual,3390.00,,TRUE,TRUE,https://cdn.shopify.com/s/files/1/0623/6481/1444/files/EFL-16-3P25-Turquoise-1_8577810c-9172-4940-913c-09e2fc36e87f.jpg?v=1767790340,1,Ladies Unstitched 3 piece,draft,,3 piece,,,Alkaram · Ladies Unstitched 3 piece,Ladies Unstitched 3 piece,Alkaram,https://alkaramstudio.com/products/rts-shirt-trouser-dupatta-efl-16-3p25-turquoise,yes
alkaram-rts-shirt-trouser-dupatta-efl-15-3p25-off-white,Alkaram · Ladies Unstitched 3 piece,,Alkaram,Ladies Unstitched,"brand:Alkaram, gender:ladies, unstitched, pieces:3",FALSE,Title,Default Title,KJC-LU-ALK-10456,shopify,0,deny,manual,3390.00,,TRUE,TRUE,https://cdn.shopify.com/s/files/1/0623/6481/1444/files/EFL-15-3P25-Off_White-1_041d1ddb-4fd9-4494-983c-e3c5ee5e708b.jpg?v=1767790334,1,Ladies Unstitched 3 piece,draft,,3 piece,,,Alkaram · Ladies Unstitched 3 piece,Ladies Unstitched 3 piece,Alkaram,https://alkaramstudio.com/products/rts-shirt-trouser-dupatta-efl-15-3p25-off-white,yes
alkaram-rts-shirt-trouser-dupatta-efl-14-3p25-green,Alkaram · Ladies Unstitched 3 piece,,Alkaram,Ladies Unstitched,"brand:Alkaram, gender:ladies, unstitched, pieces:3",FALSE,Title,Default Title,KJC-LU-ALK-10457,shopify,0,deny,manual,3390.00,,TRUE,TRUE,https://cdn.shopify.com/s/files/1/0623/6481/1444/files/EFL-14-3P25-Green-1.jpg?v=1783592954,1,Ladies Unstitched 3 piece,draft,,3 piece,,,Alkaram · Ladies Unstitched 3 piece,Ladies Unstitched 3 piece,Alkaram,https://alkaramstudio.com/products/rts-shirt-trouser-dupatta-efl-14-3p25-green,yes
alkaram-rts-shirt-trouser-dupatta-efl-14-3p25-maroon,Alkaram · Ladies Unstitched 3 piece,,Alkaram,Ladies Unstitched,"brand:Alkaram, gender:ladies, unstitched, pieces:3",FALSE,Title,Default Title,KJC-LU-ALK-10458,shopify,0,deny,manual,3390.00,,TRUE,TRUE,https://cdn.shopify.com/s/files/1/0623/6481/1444/files/EFL-14-3P25-Maroon-1.jpg?v=1783592967,1,Ladies Unstitched 3 piece,draft,,3 piece,,,Alkaram · Ladies Unstitched 3 piece,Ladies Unstitched 3 piece,Alkaram,https://alkaramstudio.com/products/rts-shirt-trouser-dupatta-efl-14-3p25-maroon,yes
alkaram-rts-shirt-trouser-dupatta-efl-13-3p25-brown,Alkaram · Ladies Unstitched 3 piece,,Alkaram,Ladies Unstitched,"brand:Alkaram, gender:ladies, unstitched, pieces:3",FALSE,Title,Default Title,KJC-LU-ALK-10459,shopify,0,deny,manual,3390.00,,TRUE,TRUE,https://cdn.shopify.com/s/files/1/0623/6481/1444/files/EFL-13-3P25-Brown-1_fdd74eb1-90da-4824-a7ea-04e4841d1e91.jpg?v=1767790329,1,Ladies Unstitched 3 piece,draft,,3 piece,,,Alkaram · Ladies Unstitched 3 piece,Ladies Unstitched 3 piece,Alkaram,https://alkaramstudio.com/products/rts-shirt-trouser-dupatta-efl-13-3p25-brown,yes
alkaram-rts-shirt-trouser-dupatta-efl-13-3p25-off-white,Alkaram · Ladies Unstitched 3 piece,,Alkaram,Ladies Unstitched,"brand:Alkaram, gender:ladies, unstitched, pieces:3",FALSE,Title,Default Title,KJC-LU-ALK-10460,shopify,0,deny,manual,3390.00,,TRUE,TRUE,https://cdn.shopify.com/s/files/1/0623/6481/1444/files/EFL-13-3P25-Off_White-1_ca45c2c1-1e43-4467-81f2-a87050cfdec9.jpg?v=1767790327,1,Ladies Unstitched 3 piece,draft,,3 piece,,,Alkaram · Ladies Unstitched 3 piece,Ladies Unstitched 3 piece,Alkaram,https://alkaramstudio.com/products/rts-shirt-trouser-dupatta-efl-13-3p25-off-white,yes
alkaram-rts-shirt-trouser-dupatta-efl-11-3p25-peach,Alkaram · Ladies Unstitched 3 piece,,Alkaram,Ladies Unstitched,"brand:Alkaram, gender:ladies, unstitched, pieces:3",FALSE,Title,Default Title,KJC-LU-ALK-10461,shopify,0,deny,manual,3390.00,,TRUE,TRUE,https://cdn.shopify.com/s/files/1/0623/6481/1444/files/EFL-11-3P25-Peach-1.jpg?v=1783493803,1,Ladies Unstitched 3 piece,draft,,3 piece,,,Alkaram · Ladies Unstitched 3 piece,Ladies Unstitched 3 piece,Alkaram,https://alkaramstudio.com/products/rts-shirt-trouser-dupatta-efl-11-3p25-peach,yes
alkaram-rts-shirt-trouser-dupatta-efl-09-3p25-blue,Alkaram · Ladies Unstitched 3 piece,,Alkaram,Ladies Unstitched,"brand:Alkaram, gender:ladies, unstitched, pieces:3",FALSE,Title,Default Title,KJC-LU-ALK-10462,shopify,0,deny,manual,3590.00,,TRUE,TRUE,https://cdn.shopify.com/s/files/1/0623/6481/1444/files/EFL-09-3P25-Blue-1_b948e04e-c36f-47fa-828b-b3a11970bb5e.jpg?v=1767790307,1,Ladies Unstitched 3 piece,draft,,3 piece,,,Alkaram · Ladies Unstitched 3 piece,Ladies Unstitched 3 piece,Alkaram,https://alkaramstudio.com/products/rts-shirt-trouser-dupatta-efl-09-3p25-blue,yes
alkaram-rts-shirt-trouser-dupatta-efl-07-3p25-green,Alkaram · Ladies Unstitched 3 piece,,Alkaram,Ladies Unstitched,"brand:Alkaram, gender:ladies, unstitched, pieces:3",FALSE,Title,Default Title,KJC-LU-ALK-10463,shopify,0,deny,manual,3390.00,,TRUE,TRUE,https://cdn.shopify.com/s/files/1/0623/6481/1444/files/EFL-07-3P25-Green-1_d4c33963-f442-499c-b37c-d8569e14290b.jpg?v=1767790301,1,Ladies Unstitched 3 piece,draft,,3 piece,,,Alkaram · Ladies Unstitched 3 piece,Ladies Unstitched 3 piece,Alkaram,https://alkaramstudio.com/products/rts-shirt-trouser-dupatta-efl-07-3p25-green,yes
alkaram-rts-shirt-trouser-dupatta-efl-07-3p25-beige,Alkaram · Ladies Unstitched 3 piece,,Alkaram,Ladies Unstitched,"brand:Alkaram, gender:ladies, unstitched, pieces:3",FALSE,Title,Default Title,KJC-LU-ALK-10464,shopify,0,deny,manual,3390.00,,TRUE,TRUE,https://cdn.shopify.com/s/files/1/0623/6481/1444/files/EFL-07-3P25-Beige-1_375c42bf-a01f-400e-a0a4-52e63c6f41f1.jpg?v=1767790299,1,Ladies Unstitched 3 piece,draft,,3 piece,,,Alkaram · Ladies Unstitched 3 piece,Ladies Unstitched 3 piece,Alkaram,https://alkaramstudio.com/products/rts-shirt-trouser-dupatta-efl-07-3p25-beige,yes
alkaram-rts-shirt-trouser-dupatta-efl-06-3p25-peach,Alkaram · Ladies Unstitched 3 piece,,Alkaram,Ladies Unstitched,"brand:Alkaram, gender:ladies, unstitched, pieces:3",FALSE,Title,Default Title,KJC-LU-ALK-10465,shopify,0,deny,manual,3390.00,,TRUE,TRUE,https://cdn.shopify.com/s/files/1/0623/6481/1444/files/EFL-06-3P25-Peach-1_58337b80-8bfc-4c5a-b48f-9cc426c9f389.jpg?v=1767790297,1,Ladies Unstitched 3 piece,draft,,3 piece,,,Alkaram · Ladies Unstitched 3 piece,Ladies Unstitched 3 piece,Alkaram,https://alkaramstudio.com/products/rts-shirt-trouser-dupatta-efl-06-3p25-peach,yes
alkaram-rts-shirt-trouser-dupatta-es-04-3p25-sea-green,Alkaram · Ladies Unstitched 3 piece,,Alkaram,Ladies Unstitched,"brand:Alkaram, gender:ladies, unstitched, pieces:3",FALSE,Title,Default Title,KJC-LU-ALK-10466,shopify,0,deny,manual,3590.00,,TRUE,TRUE,https://cdn.shopify.com/s/files/1/0623/6481/1444/files/ES-04-3P25-SeaGreen-1.jpg?v=1782889757,1,Ladies Unstitched 3 piece,draft,,3 piece,,,Alkaram · Ladies Unstitched 3 piece,Ladies Unstitched 3 piece,Alkaram,https://alkaramstudio.com/products/rts-shirt-trouser-dupatta-es-04-3p25-sea-green,yes
alkaram-rts-shirt-trouser-dupatta-efl-03-3p25-sage-green,Alkaram · Ladies Unstitched 3 piece,,Alkaram,Ladies Unstitched,"brand:Alkaram, gender:ladies, unstitched, pieces:3",FALSE,Title,Default Title,KJC-LU-ALK-10467,shopify,0,deny,manual,3390.00,,TRUE,TRUE,https://cdn.shopify.com/s/files/1/0623/6481/1444/files/EFL-03-3P25-SageGreen-1.jpg?v=1783592947,1,Ladies Unstitched 3 piece,draft,,3 piece,,,Alkaram · Ladies Unstitched 3 piece,Ladies Unstitched 3 piece,Alkaram,https://alkaramstudio.com/products/rts-shirt-trouser-dupatta-efl-03-3p25-sage-green,yes
alkaram-rts-shirt-trouser-dupatta-efl-03-3p25-light-purple,Alkaram · Ladies Unstitched 3 piece,,Alkaram,Ladies Unstitched,"brand:Alkaram, gender:ladies, unstitched, pieces:3",FALSE,Title,Default Title,KJC-LU-ALK-10468,shopify,0,deny,manual,3390.00,,TRUE,TRUE,https://cdn.shopify.com/s/files/1/0623/6481/1444/files/EFL-03-3P25-LightPurple-1.jpg?v=1783944351,1,Ladies Unstitched 3 piece,draft,,3 piece,,,Alkaram · Ladies Unstitched 3 piece,Ladies Unstitched 3 piece,Alkaram,https://alkaramstudio.com/products/rts-shirt-trouser-dupatta-efl-03-3p25-light-purple,yes
alkaram-rts-shirt-trouser-dupatta-efl-02-3p25-green,Alkaram · Ladies Unstitched 3 piece,,Alkaram,Ladies Unstitched,"brand:Alkaram, gender:ladies, unstitched, pieces:3",FALSE,Title,Default Title,KJC-LU-ALK-10469,shopify,0,deny,manual,3390.00,,TRUE,TRUE,https://cdn.shopify.com/s/files/1/0623/6481/1444/files/EFL-02-3P25-Green-1.jpg?v=1783575542,1,Ladies Unstitched 3 piece,draft,,3 piece,,,Alkaram · Ladies Unstitched 3 piece,Ladies Unstitched 3 piece,Alkaram,https://alkaramstudio.com/products/rts-shirt-trouser-dupatta-efl-02-3p25-green,yes
alkaram-rts-shirt-dupatta-br38-2p26-turquoise,Alkaram · Ladies Unstitched Casual Lawn 2 piece,,Alkaram,Ladies Unstitched,"brand:Alkaram, gender:ladies, unstitched, fabric:Lawn, pieces:2, type:Casual, colour:Silver",FALSE,Title,Default Title,KJC-LU-ALK-10470,shopify,0,deny,manual,1813.00,2590.00,TRUE,TRUE,https://cdn.shopify.com/s/files/1/0623/6481/1444/files/BR38-2P26-Turquoise-1_284afe5e-c368-4add-8978-e19c88bc0ffd.jpg?v=1767687079,1,Ladies Unstitched Casual Lawn 2 piece,draft,Lawn,2 piece,Casual,Silver,Alkaram · Ladies Unstitched Casual Lawn 2 piece,Ladies Unstitched Casual Lawn 2 piece,Alkaram,https://alkaramstudio.com/products/rts-shirt-dupatta-br38-2p26-turquoise,yes
alkaram-rts-shirt-dupatta-br37-2p26-teal-green,Alkaram · Ladies Unstitched Casual Lawn 2 piece,,Alkaram,Ladies Unstitched,"brand:Alkaram, gender:ladies, unstitched, fabric:Lawn, pieces:2, type:Casual, colour:Silver",FALSE,Title,Default Title,KJC-LU-ALK-10471,shopify,0,deny,manual,1813.00,2590.00,TRUE,TRUE,https://cdn.shopify.com/s/files/1/0623/6481/1444/files/BR37-2P26-Teal_Green-1_67d1a8f7-ac8c-4d18-ab9d-7c9de3f2049d.jpg?v=1767687077,1,Ladies Unstitched Casual Lawn 2 piece,draft,Lawn,2 piece,Casual,Silver,Alkaram · Ladies Unstitched Casual Lawn 2 piece,Ladies Unstitched Casual Lawn 2 piece,Alkaram,https://alkaramstudio.com/products/rts-shirt-dupatta-br37-2p26-teal-green,yes
alkaram-rts-shirt-dupatta-br36-2p26-pale-yellow,Alkaram · Ladies Unstitched Casual Lawn 2 piece,,Alkaram,Ladies Unstitched,"brand:Alkaram, gender:ladies, unstitched, fabric:Lawn, pieces:2, type:Casual, colour:Silver",FALSE,Title,Default Title,KJC-LU-ALK-10472,shopify,0,deny,manual,1813.00,2590.00,TRUE,TRUE,https://cdn.shopify.com/s/files/1/0623/6481/1444/files/BR36-2P26-Pale_Yellow-1_fd881703-d97a-47b7-b5a2-3bb8f0b1307b.jpg?v=1767687074,1,Ladies Unstitched Casual Lawn 2 piece,draft,Lawn,2 piece,Casual,Silver,Alkaram · Ladies Unstitched Casual Lawn 2 piece,Ladies Unstitched Casual Lawn 2 piece,Alkaram,https://alkaramstudio.com/products/rts-shirt-dupatta-br36-2p26-pale-yellow,yes
alkaram-rts-shirt-dupatta-br34-2p26-navy-blue,Alkaram · Ladies Unstitched Casual Lawn 2 piece,,Alkaram,Ladies Unstitched,"brand:Alkaram, gender:ladies, unstitched, fabric:Lawn, pieces:2, type:Casual, colour:Silver",FALSE,Title,Default Title,KJC-LU-ALK-10473,shopify,0,deny,manual,1813.00,2590.00,TRUE,TRUE,https://cdn.shopify.com/s/files/1/0623/6481/1444/files/BR34-2P26-Navy_Blue-1_ac394337-b193-4a2e-8da1-86c30e4309e2.jpg?v=1767687071,1,Ladies Unstitched Casual Lawn 2 piece,draft,Lawn,2 piece,Casual,Silver,Alkaram · Ladies Unstitched Casual Lawn 2 piece,Ladies Unstitched Casual Lawn 2 piece,Alkaram,https://alkaramstudio.com/products/rts-shirt-dupatta-br34-2p26-navy-blue,yes
alkaram-rts-shirt-dupatta-br32-2p26-sage-green,Alkaram · Ladies Unstitched Casual Lawn 2 piece,,Alkaram,Ladies Unstitched,"brand:Alkaram, gender:ladies, unstitched, fabric:Lawn, pieces:2, type:Casual, colour:Silver",FALSE,Title,Default Title,KJC-LU-ALK-10474,shopify,0,deny,manual,1813.00,2590.00,TRUE,TRUE,https://cdn.shopify.com/s/files/1/0623/6481/1444/files/BR32-2P26-Sage_Green-1_4781bdec-c38e-44b1-b121-544a22d1bade.jpg?v=1767687067,1,Ladies Unstitched Casual Lawn 2 piece,draft,Lawn,2 piece,Casual,Silver,Alkaram · Ladies Unstitched Casual Lawn 2 piece,Ladies Unstitched Casual Lawn 2 piece,Alkaram,https://alkaramstudio.com/products/rts-shirt-dupatta-br32-2p26-sage-green,yes
alkaram-rts-shirt-dupatta-br31-2p26-light-pink,Alkaram · Ladies Unstitched Casual Lawn 2 piece,,Alkaram,Ladies Unstitched,"brand:Alkaram, gender:ladies, unstitched, fabric:Lawn, pieces:2, type:Casual, colour:Silver",FALSE,Title,Default Title,KJC-LU-ALK-10475,shopify,0,deny,manual,1813.00,2590.00,TRUE,TRUE,https://cdn.shopify.com/s/files/1/0623/6481/1444/files/BR31-2P26-LightPink-1_82586057-e929-4b82-9930-d55d9a251045.jpg?v=1767768840,1,Ladies Unstitched Casual Lawn 2 piece,draft,Lawn,2 piece,Casual,Silver,Alkaram · Ladies Unstitched Casual Lawn 2 piece,Ladies Unstitched Casual Lawn 2 piece,Alkaram,https://alkaramstudio.com/products/rts-shirt-dupatta-br31-2p26-light-pink,yes
alkaram-rts-shirt-dupatta-br30-2p26-coral-peech,Alkaram · Ladies Unstitched Casual Lawn 2 piece,,Alkaram,Ladies Unstitched,"brand:Alkaram, gender:ladies, unstitched, fabric:Lawn, pieces:2, type:Casual, colour:Silver",FALSE,Title,Default Title,KJC-LU-ALK-10476,shopify,0,deny,manual,1813.00,2590.00,TRUE,TRUE,https://cdn.shopify.com/s/files/1/0623/6481/1444/files/BR30-2P26-CoralPeach-1.jpg?v=1767768588,1,Ladies Unstitched Casual Lawn 2 piece,draft,Lawn,2 piece,Casual,Silver,Alkaram · Ladies Unstitched Casual Lawn 2 piece,Ladies Unstitched Casual Lawn 2 piece,Alkaram,https://alkaramstudio.com/products/rts-shirt-dupatta-br30-2p26-coral-peech,yes
alkaram-rts-shirt-dupatta-br29-2p26-light-green,Alkaram · Ladies Unstitched Casual Lawn 2 piece,,Alkaram,Ladies Unstitched,"brand:Alkaram, gender:ladies, unstitched, fabric:Lawn, pieces:2, type:Casual, colour:Silver",FALSE,Title,Default Title,KJC-LU-ALK-10477,shopify,0,deny,manual,1813.00,2590.00,TRUE,TRUE,https://cdn.shopify.com/s/files/1/0623/6481/1444/files/BR29-2P26-Light_Green-1_48191e02-b0f4-4d41-aec4-3995cd45eb07.jpg?v=1767687062,1,Ladies Unstitched Casual Lawn 2 piece,draft,Lawn,2 piece,Casual,Silver,Alkaram · Ladies Unstitched Casual Lawn 2 piece,Ladies Unstitched Casual Lawn 2 piece,Alkaram,https://alkaramstudio.com/products/rts-shirt-dupatta-br29-2p26-light-green,yes
alkaram-rts-shirt-dupatta-bd42-2p26-white,Alkaram · Ladies Unstitched Casual Lawn 2 piece,,Alkaram,Ladies Unstitched,"brand:Alkaram, gender:ladies, unstitched, fabric:Lawn, pieces:2, type:Casual, colour:Silver",FALSE,Title,Default Title,KJC-LU-ALK-10478,shopify,0,deny,manual,1953.00,2790.00,TRUE,TRUE,https://cdn.shopify.com/s/files/1/0623/6481/1444/files/BD42-2P26-White-1.jpg?v=1767768509,1,Ladies Unstitched Casual Lawn 2 piece,draft,Lawn,2 piece,Casual,Silver,Alkaram · Ladies Unstitched Casual Lawn 2 piece,Ladies Unstitched Casual Lawn 2 piece,Alkaram,https://alkaramstudio.com/products/rts-shirt-dupatta-bd42-2p26-white,yes
alkaram-rts-shirt-dupatta-bd41-2p26-beige,Alkaram · Ladies Unstitched Casual Lawn 2 piece,,Alkaram,Ladies Unstitched,"brand:Alkaram, gender:ladies, unstitched, fabric:Lawn, pieces:2, type:Casual, colour:Silver",FALSE,Title,Default Title,KJC-LU-ALK-10479,shopify,0,deny,manual,1953.00,2790.00,TRUE,TRUE,https://cdn.shopify.com/s/files/1/0623/6481/1444/files/BD41-2P26-Beige-1.jpg?v=1767768478,1,Ladies Unstitched Casual Lawn 2 piece,draft,Lawn,2 piece,Casual,Silver,Alkaram · Ladies Unstitched Casual Lawn 2 piece,Ladies Unstitched Casual Lawn 2 piece,Alkaram,https://alkaramstudio.com/products/rts-shirt-dupatta-bd41-2p26-beige,yes
alkaram-rts-shirt-dupatta-bd40-2p26-beige,Alkaram · Ladies Unstitched Casual Lawn 2 piece,,Alkaram,Ladies Unstitched,"brand:Alkaram, gender:ladies, unstitched, fabric:Lawn, pieces:2, type:Casual, colour:Silver",FALSE,Title,Default Title,KJC-LU-ALK-10480,shopify,0,deny,manual,1953.00,2790.00,TRUE,TRUE,https://cdn.shopify.com/s/files/1/0623/6481/1444/files/BD40-2P26-Beige-1.jpg?v=1767768430,1,Ladies Unstitched Casual Lawn 2 piece,draft,Lawn,2 piece,Casual,Silver,Alkaram · Ladies Unstitched Casual Lawn 2 piece,Ladies Unstitched Casual Lawn 2 piece,Alkaram,https://alkaramstudio.com/products/rts-shirt-dupatta-bd40-2p26-beige,yes
alkaram-rts-shirt-dupatta-bd39-2p26-light-blue,Alkaram · Ladies Unstitched Casual Lawn 2 piece,,Alkaram,Ladies Unstitched,"brand:Alkaram, gender:ladies, unstitched, fabric:Lawn, pieces:2, type:Casual, colour:Silver",FALSE,Title,Default Title,KJC-LU-ALK-10481,shopify,0,deny,manual,1813.00,2590.00,TRUE,TRUE,https://cdn.shopify.com/s/files/1/0623/6481/1444/files/BD39-2P26-LightBlue-1.jpg?v=1768645893,1,Ladies Unstitched Casual Lawn 2 piece,draft,Lawn,2 piece,Casual,Silver,Alkaram · Ladies Unstitched Casual Lawn 2 piece,Ladies Unstitched Casual Lawn 2 piece,Alkaram,https://alkaramstudio.com/products/rts-shirt-dupatta-bd39-2p26-light-blue,yes
alkaram-rts-shirt-trouser-br53-2p26-grey,Alkaram · Ladies Unstitched Casual Lawn 2 piece,,Alkaram,Ladies Unstitched,"brand:Alkaram, gender:ladies, unstitched, fabric:Lawn, pieces:2, type:Casual, colour:Silver",FALSE,Title,Default Title,KJC-LU-ALK-10482,shopify,0,deny,manual,1813.00,2590.00,TRUE,TRUE,https://cdn.shopify.com/s/files/1/0623/6481/1444/files/BR53-2P26-Grey-1.jpg?v=1767768645,1,Ladies Unstitched Casual Lawn 2 piece,draft,Lawn,2 piece,Casual,Silver,Alkaram · Ladies Unstitched Casual Lawn 2 piece,Ladies Unstitched Casual Lawn 2 piece,Alkaram,https://alkaramstudio.com/products/rts-shirt-trouser-br53-2p26-grey,yes
alkaram-rts-shirt-trouser-br48-2p26-lime-yellow,Alkaram · Ladies Unstitched Casual Lawn 2 piece,,Alkaram,Ladies Unstitched,"brand:Alkaram, gender:ladies, unstitched, fabric:Lawn, pieces:2, type:Casual, colour:Silver",FALSE,Title,Default Title,KJC-LU-ALK-10483,shopify,0,deny,manual,1813.00,2590.00,TRUE,TRUE,https://cdn.shopify.com/s/files/1/0623/6481/1444/files/BR48-2P26-Lime_Yellow-1_86cf9308-0a67-4fba-96a8-cefa26f2f6e8.jpg?v=1767687042,1,Ladies Unstitched Casual Lawn 2 piece,draft,Lawn,2 piece,Casual,Silver,Alkaram · Ladies Unstitched Casual Lawn 2 piece,Ladies Unstitched Casual Lawn 2 piece,Alkaram,https://alkaramstudio.com/products/rts-shirt-trouser-br48-2p26-lime-yellow,yes
alkaram-rts-shirt-trouser-bd58-2p26-baige,Alkaram · Ladies Unstitched Casual Lawn 2 piece,,Alkaram,Ladies Unstitched,"brand:Alkaram, gender:ladies, unstitched, fabric:Lawn, pieces:2, type:Casual, colour:Silver",FALSE,Title,Default Title,KJC-LU-ALK-10484,shopify,0,deny,manual,1953.00,2790.00,TRUE,TRUE,https://cdn.shopify.com/s/files/1/0623/6481/1444/files/BD58-2P26-beige-1_3f88bef2-b6f8-482e-9e83-1d4fd8b86d17.jpg?v=1767768747,1,Ladies Unstitched Casual Lawn 2 piece,draft,Lawn,2 piece,Casual,Silver,Alkaram · Ladies Unstitched Casual Lawn 2 piece,Ladies Unstitched Casual Lawn 2 piece,Alkaram,https://alkaramstudio.com/products/rts-shirt-trouser-bd58-2p26-baige,yes
alkaram-rts-shirt-trouser-bd55-2p26-beige,Alkaram · Ladies Unstitched Casual Lawn 2 piece,,Alkaram,Ladies Unstitched,"brand:Alkaram, gender:ladies, unstitched, fabric:Lawn, pieces:2, type:Casual, colour:Silver",FALSE,Title,Default Title,KJC-LU-ALK-10485,shopify,0,deny,manual,1953.00,2790.00,TRUE,TRUE,https://cdn.shopify.com/s/files/1/0623/6481/1444/files/BD55-2P26-Beige-1.jpg?v=1767768548,1,Ladies Unstitched Casual Lawn 2 piece,draft,Lawn,2 piece,Casual,Silver,Alkaram · Ladies Unstitched Casual Lawn 2 piece,Ladies Unstitched Casual Lawn 2 piece,Alkaram,https://alkaramstudio.com/products/rts-shirt-trouser-bd55-2p26-beige,yes
alkaram-rts-shirt-trouser-bd54-2p26-light-grey,Alkaram · Ladies Unstitched Casual Lawn 2 piece,,Alkaram,Ladies Unstitched,"brand:Alkaram, gender:ladies, unstitched, fabric:Lawn, pieces:2, type:Casual, colour:Silver",FALSE,Title,Default Title,KJC-LU-ALK-10486,shopify,0,deny,manual,1953.00,2790.00,TRUE,TRUE,https://cdn.shopify.com/s/files/1/0623/6481/1444/files/BD54-2P26-LightGrey-1.jpg?v=1768645901,1,Ladies Unstitched Casual Lawn 2 piece,draft,Lawn,2 piece,Casual,Silver,Alkaram · Ladies Unstitched Casual Lawn 2 piece,Ladies Unstitched Casual Lawn 2 piece,Alkaram,https://alkaramstudio.com/products/rts-shirt-trouser-bd54-2p26-light-grey,yes
alkaram-rts-shirt-br20-26-light-green,Alkaram · Ladies Unstitched Casual Lawn 1 piece,,Alkaram,Ladies Unstitched,"brand:Alkaram, gender:ladies, unstitched, fabric:Lawn, pieces:1, type:Casual, colour:Silver",FALSE,Title,Default Title,KJC-LU-ALK-10487,shopify,0,deny,manual,833.00,1190.00,TRUE,TRUE,https://cdn.shopify.com/s/files/1/0623/6481/1444/files/BR20-26-Light_Green-1_27d6eee2-2cb8-4c97-8175-533adbef0a05.jpg?v=1767687021,1,Ladies Unstitched Casual Lawn 1 piece,draft,Lawn,1 piece,Casual,Silver,Alkaram · Ladies Unstitched Casual Lawn 1 piece,Ladies Unstitched Casual Lawn 1 piece,Alkaram,https://alkaramstudio.com/products/rts-shirt-br20-26-light-green,yes
alkaram-rts-shirt-br17-26-black,Alkaram · Ladies Unstitched Casual Lawn 1 piece,,Alkaram,Ladies Unstitched,"brand:Alkaram, gender:ladies, unstitched, fabric:Lawn, pieces:1, type:Casual, colour:White",FALSE,Title,Default Title,KJC-LU-ALK-10488,shopify,0,deny,manual,833.00,1190.00,TRUE,TRUE,https://cdn.shopify.com/s/files/1/0623/6481/1444/files/BR17-26-Black-1_613b4c8c-5918-4aa7-abed-69f73efae0e5.jpg?v=1767687016,1,Ladies Unstitched Casual Lawn 1 piece,draft,Lawn,1 piece,Casual,White,Alkaram · Ladies Unstitched Casual Lawn 1 piece,Ladies Unstitched Casual Lawn 1 piece,Alkaram,https://alkaramstudio.com/products/rts-shirt-br17-26-black,yes
alkaram-rts-shirt-br15-26-grey,Alkaram · Ladies Unstitched Casual Lawn 1 piece,,Alkaram,Ladies Unstitched,"brand:Alkaram, gender:ladies, unstitched, fabric:Lawn, pieces:1, type:Casual, colour:Silver",FALSE,Title,Default Title,KJC-LU-ALK-10489,shopify,0,deny,manual,833.00,1190.00,TRUE,TRUE,https://cdn.shopify.com/s/files/1/0623/6481/1444/files/BR15-26-Grey-1_264df80b-6d44-443b-83c5-f81230c23181.jpg?v=1767687011,1,Ladies Unstitched Casual Lawn 1 piece,draft,Lawn,1 piece,Casual,Silver,Alkaram · Ladies Unstitched Casual Lawn 1 piece,Ladies Unstitched Casual Lawn 1 piece,Alkaram,https://alkaramstudio.com/products/rts-shirt-br15-26-grey,yes
alkaram-rts-shirt-br14-26-coral,Alkaram · Ladies Unstitched Casual Lawn 1 piece,,Alkaram,Ladies Unstitched,"brand:Alkaram, gender:ladies, unstitched, fabric:Lawn, pieces:1, type:Casual, colour:Silver",FALSE,Title,Default Title,KJC-LU-ALK-10490,shopify,0,deny,manual,833.00,1190.00,TRUE,TRUE,https://cdn.shopify.com/s/files/1/0623/6481/1444/files/BR14-26-Coral-1_2b9d070e-46ae-4a19-acad-999699d5e2e2.jpg?v=1767687009,1,Ladies Unstitched Casual Lawn 1 piece,draft,Lawn,1 piece,Casual,Silver,Alkaram · Ladies Unstitched Casual Lawn 1 piece,Ladies Unstitched Casual Lawn 1 piece,Alkaram,https://alkaramstudio.com/products/rts-shirt-br14-26-coral,yes
alkaram-rts-shirt-br11-26-light-coral,Alkaram · Ladies Unstitched Casual Lawn 1 piece,,Alkaram,Ladies Unstitched,"brand:Alkaram, gender:ladies, unstitched, fabric:Lawn, pieces:1, type:Casual, colour:Silver",FALSE,Title,Default Title,KJC-LU-ALK-10491,shopify,0,deny,manual,833.00,1190.00,TRUE,TRUE,https://cdn.shopify.com/s/files/1/0623/6481/1444/files/BR11-26-Light_Coral-1_662eea0d-0c69-4c6e-a34a-803a0d401f49.jpg?v=1767687004,1,Ladies Unstitched Casual Lawn 1 piece,draft,Lawn,1 piece,Casual,Silver,Alkaram · Ladies Unstitched Casual Lawn 1 piece,Ladies Unstitched Casual Lawn 1 piece,Alkaram,https://alkaramstudio.com/products/rts-shirt-br11-26-light-coral,yes
alkaram-rts-shirt-br09-26-yellow,Alkaram · Ladies Unstitched Casual Lawn 1 piece,,Alkaram,Ladies Unstitched,"brand:Alkaram, gender:ladies, unstitched, fabric:Lawn, pieces:1, type:Casual, colour:Silver",FALSE,Title,Default Title,KJC-LU-ALK-10492,shopify,0,deny,manual,833.00,1190.00,TRUE,TRUE,https://cdn.shopify.com/s/files/1/0623/6481/1444/files/BR09-26-Yellow-1_bbbcfe2b-69b3-4863-9717-2d1c6e4afaa2.jpg?v=1767687000,1,Ladies Unstitched Casual Lawn 1 piece,draft,Lawn,1 piece,Casual,Silver,Alkaram · Ladies Unstitched Casual Lawn 1 piece,Ladies Unstitched Casual Lawn 1 piece,Alkaram,https://alkaramstudio.com/products/rts-shirt-br09-26-yellow,yes
alkaram-rts-shirt-br06-26-beige,Alkaram · Ladies Unstitched Casual Lawn 1 piece,,Alkaram,Ladies Unstitched,"brand:Alkaram, gender:ladies, unstitched, fabric:Lawn, pieces:1, type:Casual, colour:Silver",FALSE,Title,Default Title,KJC-LU-ALK-10493,shopify,0,deny,manual,833.00,1190.00,TRUE,TRUE,https://cdn.shopify.com/s/files/1/0623/6481/1444/files/BR06-26-Beige-1_eb9f3270-a5fa-4800-9e90-f631f5e00153.jpg?v=1767686994,1,Ladies Unstitched Casual Lawn 1 piece,draft,Lawn,1 piece,Casual,Silver,Alkaram · Ladies Unstitched Casual Lawn 1 piece,Ladies Unstitched Casual Lawn 1 piece,Alkaram,https://alkaramstudio.com/products/rts-shirt-br06-26-beige,yes
alkaram-rts-shirt-br03-26-pink,Alkaram · Ladies Unstitched Casual Lawn 1 piece,,Alkaram,Ladies Unstitched,"brand:Alkaram, gender:ladies, unstitched, fabric:Lawn, pieces:1, type:Casual, colour:Silver",FALSE,Title,Default Title,KJC-LU-ALK-10494,shopify,0,deny,manual,833.00,1190.00,TRUE,TRUE,https://cdn.shopify.com/s/files/1/0623/6481/1444/files/BR03-26-Pink-1_9b2519ed-0cbc-4eac-ab99-ea324fa2e68b.jpg?v=1767686989,1,Ladies Unstitched Casual Lawn 1 piece,draft,Lawn,1 piece,Casual,Silver,Alkaram · Ladies Unstitched Casual Lawn 1 piece,Ladies Unstitched Casual Lawn 1 piece,Alkaram,https://alkaramstudio.com/products/rts-shirt-br03-26-pink,yes
alkaram-rts-shirt-br02-26-dusty-coral,Alkaram · Ladies Unstitched Casual Lawn 1 piece,,Alkaram,Ladies Unstitched,"brand:Alkaram, gender:ladies, unstitched, fabric:Lawn, pieces:1, type:Casual, colour:Silver",FALSE,Title,Default Title,KJC-LU-ALK-10495,shopify,0,deny,manual,833.00,1190.00,TRUE,TRUE,https://cdn.shopify.com/s/files/1/0623/6481/1444/files/BR02-26-Dusty_Coral-1_aa40d9e9-5ee5-42c3-98b0-5b62adaf8e60.jpg?v=1767686987,1,Ladies Unstitched Casual Lawn 1 piece,draft,Lawn,1 piece,Casual,Silver,Alkaram · Ladies Unstitched Casual Lawn 1 piece,Ladies Unstitched Casual Lawn 1 piece,Alkaram,https://alkaramstudio.com/products/rts-shirt-br02-26-dusty-coral,yes
alkaram-rts-shirt-bd28-26-turquoize,Alkaram · Ladies Unstitched Casual Lawn 1 piece,,Alkaram,Ladies Unstitched,"brand:Alkaram, gender:ladies, unstitched, fabric:Lawn, pieces:1, type:Casual, colour:Silver",FALSE,Title,Default Title,KJC-LU-ALK-10496,shopify,0,deny,manual,1043.00,1490.00,TRUE,TRUE,https://cdn.shopify.com/s/files/1/0623/6481/1444/files/BD28-26-Turquoise-1_69c8d036-7014-4274-9c67-570b3a8c0ffb.jpg?v=1767686984,1,Ladies Unstitched Casual Lawn 1 piece,draft,Lawn,1 piece,Casual,Silver,Alkaram · Ladies Unstitched Casual Lawn 1 piece,Ladies Unstitched Casual Lawn 1 piece,Alkaram,https://alkaramstudio.com/products/rts-shirt-bd28-26-turquoize,yes
alkaram-rts-shirt-bd26-26-beige,Alkaram · Ladies Unstitched Casual Lawn 1 piece,,Alkaram,Ladies Unstitched,"brand:Alkaram, gender:ladies, unstitched, fabric:Lawn, pieces:1, type:Casual, colour:Silver",FALSE,Title,Default Title,KJC-LU-ALK-10497,shopify,0,deny,manual,1043.00,1490.00,TRUE,TRUE,https://cdn.shopify.com/s/files/1/0623/6481/1444/files/BD26-26-Beige-1_987c8c0d-3370-405a-a83c-bd9666743f47.jpg?v=1767686980,1,Ladies Unstitched Casual Lawn 1 piece,draft,Lawn,1 piece,Casual,Silver,Alkaram · Ladies Unstitched Casual Lawn 1 piece,Ladies Unstitched Casual Lawn 1 piece,Alkaram,https://alkaramstudio.com/products/rts-shirt-bd26-26-beige,yes
alkaram-rts-shirt-bd25-26-light-green,Alkaram · Ladies Unstitched Casual Lawn 1 piece,,Alkaram,Ladies Unstitched,"brand:Alkaram, gender:ladies, unstitched, fabric:Lawn, pieces:1, type:Casual, colour:Silver",FALSE,Title,Default Title,KJC-LU-ALK-10498,shopify,0,deny,manual,1043.00,1490.00,TRUE,TRUE,https://cdn.shopify.com/s/files/1/0623/6481/1444/files/BD25-26-Light_Green-1_f26beff2-d59d-46f7-afce-2bdb9c517a9b.jpg?v=1767686978,1,Ladies Unstitched Casual Lawn 1 piece,draft,Lawn,1 piece,Casual,Silver,Alkaram · Ladies Unstitched Casual Lawn 1 piece,Ladies Unstitched Casual Lawn 1 piece,Alkaram,https://alkaramstudio.com/products/rts-shirt-bd25-26-light-green,yes
alkaram-rts-shirt-bd24-26-purple,Alkaram · Ladies Unstitched Casual Lawn 1 piece,,Alkaram,Ladies Unstitched,"brand:Alkaram, gender:ladies, unstitched, fabric:Lawn, pieces:1, type:Casual, colour:Purple",FALSE,Title,Default Title,KJC-LU-ALK-10499,shopify,0,deny,manual,973.00,1390.00,TRUE,TRUE,https://cdn.shopify.com/s/files/1/0623/6481/1444/files/BD24-26-Purple-1_b1fc6173-3204-4b60-8470-1fd94d33252c.jpg?v=1767686976,1,Ladies Unstitched Casual Lawn 1 piece,draft,Lawn,1 piece,Casual,Purple,Alkaram · Ladies Unstitched Casual Lawn 1 piece,Ladies Unstitched Casual Lawn 1 piece,Alkaram,https://alkaramstudio.com/products/rts-shirt-bd24-26-purple,yes
alkaram-rts-shirt-bd23-26-purple,Alkaram · Ladies Unstitched Casual Lawn 1 piece,,Alkaram,Ladies Unstitched,"brand:Alkaram, gender:ladies, unstitched, fabric:Lawn, pieces:1, type:Casual, colour:Purple",FALSE,Title,Default Title,KJC-LU-ALK-10500,shopify,0,deny,manual,973.00,1390.00,TRUE,TRUE,https://cdn.shopify.com/s/files/1/0623/6481/1444/files/BD23-26-Purple-1_44dce0e1-e920-40ae-a634-4b24d035110e.jpg?v=1767686974,1,Ladies Unstitched Casual Lawn 1 piece,draft,Lawn,1 piece,Casual,Purple,Alkaram · Ladies Unstitched Casual Lawn 1 piece,Ladies Unstitched Casual Lawn 1 piece,Alkaram,https://alkaramstudio.com/products/rts-shirt-bd23-26-purple,yes
alkaram-rts-shirt-bd22-26-yellow,Alkaram · Ladies Unstitched Casual Lawn 1 piece,,Alkaram,Ladies Unstitched,"brand:Alkaram, gender:ladies, unstitched, fabric:Lawn, pieces:1, type:Casual, colour:Silver",FALSE,Title,Default Title,KJC-LU-ALK-10501,shopify,0,deny,manual,1043.00,1490.00,TRUE,TRUE,https://cdn.shopify.com/s/files/1/0623/6481/1444/files/BD22-26-Yellow-1_cc7f4c61-a8da-4997-8b4b-b10cc07e4633.jpg?v=1767686972,1,Ladies Unstitched Casual Lawn 1 piece,draft,Lawn,1 piece,Casual,Silver,Alkaram · Ladies Unstitched Casual Lawn 1 piece,Ladies Unstitched Casual Lawn 1 piece,Alkaram,https://alkaramstudio.com/products/rts-shirt-bd22-26-yellow,yes
alkaram-rts-shirt-bd21-26-off-white,Alkaram · Ladies Unstitched Casual Lawn 1 piece,,Alkaram,Ladies Unstitched,"brand:Alkaram, gender:ladies, unstitched, fabric:Lawn, pieces:1, type:Casual, colour:Silver",FALSE,Title,Default Title,KJC-LU-ALK-10502,shopify,0,deny,manual,1043.00,1490.00,TRUE,TRUE,https://cdn.shopify.com/s/files/1/0623/6481/1444/files/BD21-26-Off_White-1_2effa4b9-1724-49b4-af84-c1852094d70f.jpg?v=1767686970,1,Ladies Unstitched Casual Lawn 1 piece,draft,Lawn,1 piece,Casual,Silver,Alkaram · Ladies Unstitched Casual Lawn 1 piece,Ladies Unstitched Casual Lawn 1 piece,Alkaram,https://alkaramstudio.com/products/rts-shirt-bd21-26-off-white,yes
alkaram-rts-shirt-dupatta-slr-164-25-7-green,Alkaram · Ladies Unstitched Casual Cambric 2 piece,,Alkaram,Ladies Unstitched,"brand:Alkaram, gender:ladies, unstitched, fabric:Cambric, pieces:2, type:Casual, colour:Silver",FALSE,Title,Default Title,KJC-LU-ALK-10503,shopify,0,deny,manual,1673.00,2390.00,TRUE,TRUE,https://cdn.shopify.com/s/files/1/0623/6481/1444/files/SLR-164-25-7-Green-1_f174c355-1992-4813-a861-c784e0f4608f.jpg?v=1763455852,1,Ladies Unstitched Casual Cambric 2 piece,draft,Cambric,2 piece,Casual,Silver,Alkaram · Ladies Unstitched Casual Cambric 2 piece,Ladies Unstitched Casual Cambric 2 piece,Alkaram,https://alkaramstudio.com/products/rts-shirt-dupatta-slr-164-25-7-green,yes
alkaram-rts-shirt-slr-120-25-7-blue,Alkaram · Ladies Unstitched Casual Cambric 1 piece,,Alkaram,Ladies Unstitched,"brand:Alkaram, gender:ladies, unstitched, fabric:Cambric, pieces:1, type:Casual, colour:Silver",FALSE,Title,Default Title,KJC-LU-ALK-10504,shopify,0,deny,manual,833.00,1190.00,TRUE,TRUE,https://cdn.shopify.com/s/files/1/0623/6481/1444/files/SLR-120-25-7-Blue-1_9c130c52-57e4-479d-ab2b-9039351753f8.jpg?v=1763455837,1,Ladies Unstitched Casual Cambric 1 piece,draft,Cambric,1 piece,Casual,Silver,Alkaram · Ladies Unstitched Casual Cambric 1 piece,Ladies Unstitched Casual Cambric 1 piece,Alkaram,https://alkaramstudio.com/products/rts-shirt-slr-120-25-7-blue,yes
alkaram-rts-shirt-trouser-dupatta-lw-16-25-red,Alkaram · Ladies Unstitched Formal 3 piece,,Alkaram,Ladies Unstitched,"brand:Alkaram, gender:ladies, unstitched, pieces:3, type:Formal",FALSE,Title,Default Title,KJC-LU-ALK-10505,shopify,0,deny,manual,15992.00,19990.00,TRUE,TRUE,https://cdn.shopify.com/s/files/1/0623/6481/1444/files/LW-16-25-Red-1_f986065d-3e6f-4c32-b20b-2209d7c416bf.jpg?v=1763023181,1,Ladies Unstitched Formal 3 piece,draft,,3 piece,Formal,,Alkaram · Ladies Unstitched Formal 3 piece,Ladies Unstitched Formal 3 piece,Alkaram,https://alkaramstudio.com/products/rts-shirt-trouser-dupatta-lw-16-25-red,yes
alkaram-rts-shirt-trouser-dupatta-lw-15-25-sage-green,Alkaram · Ladies Unstitched Formal 3 piece,,Alkaram,Ladies Unstitched,"brand:Alkaram, gender:ladies, unstitched, pieces:3, type:Formal",FALSE,Title,Default Title,KJC-LU-ALK-10506,shopify,0,deny,manual,16792.00,20990.00,TRUE,TRUE,https://cdn.shopify.com/s/files/1/0623/6481/1444/files/LW-15-25-Sage_Green-1_da26d9ce-6622-459d-b77f-356f97e6de26.jpg?v=1763023179,1,Ladies Unstitched Formal 3 piece,draft,,3 piece,Formal,,Alkaram · Ladies Unstitched Formal 3 piece,Ladies Unstitched Formal 3 piece,Alkaram,https://alkaramstudio.com/products/rts-shirt-trouser-dupatta-lw-15-25-sage-green,yes
alkaram-rts-shirt-trouser-dupatta-lw-14-25-butter-yellow,Alkaram · Ladies Unstitched Formal 3 piece,,Alkaram,Ladies Unstitched,"brand:Alkaram, gender:ladies, unstitched, pieces:3, type:Formal",FALSE,Title,Default Title,KJC-LU-ALK-10507,shopify,0,deny,manual,16792.00,20990.00,TRUE,TRUE,https://cdn.shopify.com/s/files/1/0623/6481/1444/files/LW-14-25-BUTTER_YELLOW-1_f0293408-7753-4d4e-9cb0-83a1c2ab1ead.jpg?v=1763023177,1,Ladies Unstitched Formal 3 piece,draft,,3 piece,Formal,,Alkaram · Ladies Unstitched Formal 3 piece,Ladies Unstitched Formal 3 piece,Alkaram,https://alkaramstudio.com/products/rts-shirt-trouser-dupatta-lw-14-25-butter-yellow,yes
alkaram-rts-shirt-trouser-dupatta-lw-13-25-rouge-pink,Alkaram · Ladies Unstitched Formal 3 piece,,Alkaram,Ladies Unstitched,"brand:Alkaram, gender:ladies, unstitched, pieces:3, type:Formal",FALSE,Title,Default Title,KJC-LU-ALK-10508,shopify,0,deny,manual,16792.00,20990.00,TRUE,TRUE,https://cdn.shopify.com/s/files/1/0623/6481/1444/files/LW-13-25-Rouge_Pink-1_8f2e60c4-1b87-4e56-9913-40944c545f78.jpg?v=1763023175,1,Ladies Unstitched Formal 3 piece,draft,,3 piece,Formal,,Alkaram · Ladies Unstitched Formal 3 piece,Ladies Unstitched Formal 3 piece,Alkaram,https://alkaramstudio.com/products/rts-shirt-trouser-dupatta-lw-13-25-rouge-pink,yes
alkaram-rts-shirt-trouser-dupatta-lw-11-25-peach,Alkaram · Ladies Unstitched Formal 3 piece,,Alkaram,Ladies Unstitched,"brand:Alkaram, gender:ladies, unstitched, pieces:3, type:Formal",FALSE,Title,Default Title,KJC-LU-ALK-10509,shopify,0,deny,manual,16792.00,20990.00,TRUE,TRUE,https://cdn.shopify.com/s/files/1/0623/6481/1444/files/LW-11-25-Peach-1_2e020946-1c72-4a0f-ade3-b73efa7a5d0d.jpg?v=1763023173,1,Ladies Unstitched Formal 3 piece,draft,,3 piece,Formal,,Alkaram · Ladies Unstitched Formal 3 piece,Ladies Unstitched Formal 3 piece,Alkaram,https://alkaramstudio.com/products/rts-shirt-trouser-dupatta-lw-11-25-peach,yes
alkaram-rts-shirt-trouser-dupatta-lw-10-25-navy-blue,Alkaram · Ladies Unstitched Formal 3 piece,,Alkaram,Ladies Unstitched,"brand:Alkaram, gender:ladies, unstitched, pieces:3, type:Formal",FALSE,Title,Default Title,KJC-LU-ALK-10510,shopify,0,deny,manual,16792.00,20990.00,TRUE,TRUE,https://cdn.shopify.com/s/files/1/0623/6481/1444/files/LW-10-25-Navy_Blue-1_bc7fa972-598a-4a39-b174-4bcafb0a6a43.jpg?v=1763023171,1,Ladies Unstitched Formal 3 piece,draft,,3 piece,Formal,,Alkaram · Ladies Unstitched Formal 3 piece,Ladies Unstitched Formal 3 piece,Alkaram,https://alkaramstudio.com/products/rts-shirt-trouser-dupatta-lw-10-25-navy-blue,yes
alkaram-rts-shirt-trouser-dupatta-lw-07-25-off-white,Alkaram · Ladies Unstitched Formal 3 piece,,Alkaram,Ladies Unstitched,"brand:Alkaram, gender:ladies, unstitched, pieces:3, type:Formal",FALSE,Title,Default Title,KJC-LU-ALK-10511,shopify,0,deny,manual,16792.00,20990.00,TRUE,TRUE,https://cdn.shopify.com/s/files/1/0623/6481/1444/files/LW-07-25-Off_White-1_3dd25a8d-1995-483c-8eb4-d824b47ff185.jpg?v=1763023169,1,Ladies Unstitched Formal 3 piece,draft,,3 piece,Formal,,Alkaram · Ladies Unstitched Formal 3 piece,Ladies Unstitched Formal 3 piece,Alkaram,https://alkaramstudio.com/products/rts-shirt-trouser-dupatta-lw-07-25-off-white,yes
alkaram-rts-shirt-trouser-dupatta-lw-05-25-ice-blue,Alkaram · Ladies Unstitched Formal 3 piece,,Alkaram,Ladies Unstitched,"brand:Alkaram, gender:ladies, unstitched, pieces:3, type:Formal",FALSE,Title,Default Title,KJC-LU-ALK-10512,shopify,0,deny,manual,10392.00,12990.00,TRUE,TRUE,https://cdn.shopify.com/s/files/1/0623/6481/1444/files/LW-05-25-Ice_Blue-1_22664c9b-bc82-4f37-bff0-045cbb4af75d.jpg?v=1763023167,1,Ladies Unstitched Formal 3 piece,draft,,3 piece,Formal,,Alkaram · Ladies Unstitched Formal 3 piece,Ladies Unstitched Formal 3 piece,Alkaram,https://alkaramstudio.com/products/rts-shirt-trouser-dupatta-lw-05-25-ice-blue,yes
alkaram-rts-shirt-trouser-dupatta-lw-04-25-maroon,Alkaram · Ladies Unstitched Formal 3 piece,,Alkaram,Ladies Unstitched,"brand:Alkaram, gender:ladies, unstitched, pieces:3, type:Formal",FALSE,Title,Default Title,KJC-LU-ALK-10513,shopify,0,deny,manual,15992.00,19990.00,TRUE,TRUE,https://cdn.shopify.com/s/files/1/0623/6481/1444/files/LW-04-25-Maroon-1_4c0384dd-3b7d-4dca-a3ee-80dfbbccccb7.jpg?v=1763023165,1,Ladies Unstitched Formal 3 piece,draft,,3 piece,Formal,,Alkaram · Ladies Unstitched Formal 3 piece,Ladies Unstitched Formal 3 piece,Alkaram,https://alkaramstudio.com/products/rts-shirt-trouser-dupatta-lw-04-25-maroon,yes
alkaram-rts-shirt-trouser-dupatta-lw-03-25-black,Alkaram · Ladies Unstitched Formal 3 piece,,Alkaram,Ladies Unstitched,"brand:Alkaram, gender:ladies, unstitched, pieces:3, type:Formal, colour:White",FALSE,Title,Default Title,KJC-LU-ALK-10514,shopify,0,deny,manual,16792.00,20990.00,TRUE,TRUE,https://cdn.shopify.com/s/files/1/0623/6481/1444/files/LW-03-25-Black-1_4359060f-e32b-449b-918a-d1b667261005.jpg?v=1763023163,1,Ladies Unstitched Formal 3 piece,draft,,3 piece,Formal,White,Alkaram · Ladies Unstitched Formal 3 piece,Ladies Unstitched Formal 3 piece,Alkaram,https://alkaramstudio.com/products/rts-shirt-trouser-dupatta-lw-03-25-black,yes
alkaram-rts-shirt-trouser-dupatta-v-6-25-olive,Alkaram · Ladies Unstitched Formal Velvet 3 piece,,Alkaram,Ladies Unstitched,"brand:Alkaram, gender:ladies, unstitched, fabric:Velvet, pieces:3, type:Formal",FALSE,Title,Default Title,KJC-LU-ALK-10515,shopify,0,deny,manual,11192.00,13990.00,TRUE,TRUE,https://cdn.shopify.com/s/files/1/0623/6481/1444/files/V-6-25-Olive-1.jpg?v=1760615573,1,Ladies Unstitched Formal Velvet 3 piece,draft,Velvet,3 piece,Formal,,Alkaram · Ladies Unstitched Formal Velvet 3 piece,Ladies Unstitched Formal Velvet 3 piece,Alkaram,https://alkaramstudio.com/products/rts-shirt-trouser-dupatta-v-6-25-olive,yes
alkaram-rts-shirt-trouser-dupatta-v-4-25-black,Alkaram · Ladies Unstitched Formal Velvet 3 piece,,Alkaram,Ladies Unstitched,"brand:Alkaram, gender:ladies, unstitched, fabric:Velvet, pieces:3, type:Formal, colour:White",FALSE,Title,Default Title,KJC-LU-ALK-10516,shopify,0,deny,manual,11192.00,13990.00,TRUE,TRUE,https://cdn.shopify.com/s/files/1/0623/6481/1444/files/V-4-25-Black-1.jpg?v=1760615552,1,Ladies Unstitched Formal Velvet 3 piece,draft,Velvet,3 piece,Formal,White,Alkaram · Ladies Unstitched Formal Velvet 3 piece,Ladies Unstitched Formal Velvet 3 piece,Alkaram,https://alkaramstudio.com/products/rts-shirt-trouser-dupatta-v-4-25-black,yes
alkaram-rts-shirt-trouser-dupatta-v-3-25-grey,Alkaram · Ladies Unstitched Velvet 3 piece,,Alkaram,Ladies Unstitched,"brand:Alkaram, gender:ladies, unstitched, fabric:Velvet, pieces:3",FALSE,Title,Default Title,KJC-LU-ALK-10517,shopify,0,deny,manual,11992.00,14990.00,TRUE,TRUE,https://cdn.shopify.com/s/files/1/0623/6481/1444/files/V-3-25-Grey-1.jpg?v=1760615540,1,Ladies Unstitched Velvet 3 piece,draft,Velvet,3 piece,,,Alkaram · Ladies Unstitched Velvet 3 piece,Ladies Unstitched Velvet 3 piece,Alkaram,https://alkaramstudio.com/products/rts-shirt-trouser-dupatta-v-3-25-grey,yes
alkaram-rts-shirt-trouser-dupatta-v-1-25-maroon,Alkaram · Ladies Unstitched Formal Velvet 3 piece,,Alkaram,Ladies Unstitched,"brand:Alkaram, gender:ladies, unstitched, fabric:Velvet, pieces:3, type:Formal",FALSE,Title,Default Title,KJC-LU-ALK-10518,shopify,0,deny,manual,11992.00,14990.00,TRUE,TRUE,https://cdn.shopify.com/s/files/1/0623/6481/1444/files/V-1-25-Maroon-1.jpg?v=1760615512,1,Ladies Unstitched Formal Velvet 3 piece,draft,Velvet,3 piece,Formal,,Alkaram · Ladies Unstitched Formal Velvet 3 piece,Ladies Unstitched Formal Velvet 3 piece,Alkaram,https://alkaramstudio.com/products/rts-shirt-trouser-dupatta-v-1-25-maroon,yes
alkaram-rts-shirt-dupatta-f3-7c-25-light-blue,Alkaram · Ladies Unstitched Formal 3 piece,,Alkaram,Ladies Unstitched,"brand:Alkaram, gender:ladies, unstitched, pieces:3, type:Formal",FALSE,Title,Default Title,KJC-LU-ALK-10519,shopify,0,deny,manual,4193.00,5990.00,TRUE,TRUE,https://cdn.shopify.com/s/files/1/0623/6481/1444/files/F3-7C-25-Light_Blue-1_37c79637-6822-4ab6-baab-28ef4ee9406c.jpg?v=1760527254,1,Ladies Unstitched Formal 3 piece,draft,,3 piece,Formal,,Alkaram · Ladies Unstitched Formal 3 piece,Ladies Unstitched Formal 3 piece,Alkaram,https://alkaramstudio.com/products/rts-shirt-dupatta-f3-7c-25-light-blue,yes
alkaram-rts-shirt-trouser-dupatta-sl-08-25-blush-pink,Alkaram · Ladies Unstitched Formal 3 piece,,Alkaram,Ladies Unstitched,"brand:Alkaram, gender:ladies, unstitched, pieces:3, type:Formal",FALSE,Title,Default Title,KJC-LU-ALK-10520,shopify,0,deny,manual,7118.00,9490.00,TRUE,TRUE,https://cdn.shopify.com/s/files/1/0623/6481/1444/files/SL-08-25-Blush_Pink-1_3e823815-5946-42cf-825c-e5fd6b5c4ec9.jpg?v=1760165228,1,Ladies Unstitched Formal 3 piece,draft,,3 piece,Formal,,Alkaram · Ladies Unstitched Formal 3 piece,Ladies Unstitched Formal 3 piece,Alkaram,https://alkaramstudio.com/products/rts-shirt-trouser-dupatta-sl-08-25-blush-pink,yes
alkaram-rts-shirt-trouser-dupatta-sl-07-25-pale-peach,Alkaram · Ladies Unstitched Formal 3 piece,,Alkaram,Ladies Unstitched,"brand:Alkaram, gender:ladies, unstitched, pieces:3, type:Formal",FALSE,Title,Default Title,KJC-LU-ALK-10521,shopify,0,deny,manual,7118.00,9490.00,TRUE,TRUE,https://cdn.shopify.com/s/files/1/0623/6481/1444/files/SL-07-25-Pale_Peach-1_3b8cdaea-48e3-4fcf-9812-9d621f91147e.jpg?v=1760165226,1,Ladies Unstitched Formal 3 piece,draft,,3 piece,Formal,,Alkaram · Ladies Unstitched Formal 3 piece,Ladies Unstitched Formal 3 piece,Alkaram,https://alkaramstudio.com/products/rts-shirt-trouser-dupatta-sl-07-25-pale-peach,yes
alkaram-rts-shirt-trouser-dupatta-sl-04-25-forest-sage,Alkaram · Ladies Unstitched Formal 3 piece,,Alkaram,Ladies Unstitched,"brand:Alkaram, gender:ladies, unstitched, pieces:3, type:Formal",FALSE,Title,Default Title,KJC-LU-ALK-10522,shopify,0,deny,manual,6743.00,8990.00,TRUE,TRUE,https://cdn.shopify.com/s/files/1/0623/6481/1444/files/SL-04-25-Forest_Sage-1_c11c508d-118b-4a5c-b8a3-8fabff2502b9.jpg?v=1760165222,1,Ladies Unstitched Formal 3 piece,draft,,3 piece,Formal,,Alkaram · Ladies Unstitched Formal 3 piece,Ladies Unstitched Formal 3 piece,Alkaram,https://alkaramstudio.com/products/rts-shirt-trouser-dupatta-sl-04-25-forest-sage,yes
alkaram-rts-shirt-trouser-dupatta-sl-02-25-mint-green,Alkaram · Ladies Unstitched Formal 3 piece,,Alkaram,Ladies Unstitched,"brand:Alkaram, gender:ladies, unstitched, pieces:3, type:Formal",FALSE,Title,Default Title,KJC-LU-ALK-10523,shopify,0,deny,manual,6743.00,8990.00,TRUE,TRUE,https://cdn.shopify.com/s/files/1/0623/6481/1444/files/SL-02-25-Mint_Green-1_793e0f07-5f17-40a6-a256-19d8781f11bb.jpg?v=1760165217,1,Ladies Unstitched Formal 3 piece,draft,,3 piece,Formal,,Alkaram · Ladies Unstitched Formal 3 piece,Ladies Unstitched Formal 3 piece,Alkaram,https://alkaramstudio.com/products/rts-shirt-trouser-dupatta-sl-02-25-mint-green,yes
alkaram-rts-shirt-slr-82-25-6-teal,Alkaram · Ladies Unstitched Casual Khaddar 1 piece,,Alkaram,Ladies Unstitched,"brand:Alkaram, gender:ladies, unstitched, fabric:Khaddar, pieces:1, type:Casual, colour:Silver",FALSE,Title,Default Title,KJC-LU-ALK-10524,shopify,0,deny,manual,1043.00,1490.00,TRUE,TRUE,https://cdn.shopify.com/s/files/1/0623/6481/1444/files/SLR-82-25-6-Teal-1_3937cbfe-16f1-4724-bd85-21d5d5058514.jpg?v=1760082875,1,Ladies Unstitched Casual Khaddar 1 piece,draft,Khaddar,1 piece,Casual,Silver,Alkaram · Ladies Unstitched Casual Khaddar 1 piece,Ladies Unstitched Casual Khaddar 1 piece,Alkaram,https://alkaramstudio.com/products/rts-shirt-slr-82-25-6-teal,yes
alkaram-3-piece-printed-lawn-suit-with-printed-chiffon-dupatta-ss-10-25-1-orange-multi,Alkaram · Ladies Unstitched 3 piece,,Alkaram,Ladies Unstitched,"brand:Alkaram, gender:ladies, unstitched, pieces:3",FALSE,Title,Default Title,KJC-LU-ALK-10525,shopify,0,deny,manual,3843.00,5490.00,TRUE,TRUE,https://cdn.shopify.com/s/files/1/0623/6481/1444/files/SS-10-25-1-ORANGE-3_4127f77f-0242-44c5-8ef7-be40c8868366.jpg?v=1762255057,1,Ladies Unstitched 3 piece,draft,,3 piece,,,Alkaram · Ladies Unstitched 3 piece,Ladies Unstitched 3 piece,Alkaram,https://alkaramstudio.com/products/3-piece-printed-lawn-suit-with-printed-chiffon-dupatta-ss-10-25-1-orange-multi,yes
alkaram-3-pc-printed-khaddar-suit-with-printed-khaddar-dupatta-flrw-18-1-22-multi,Alkaram · Ladies Unstitched Printed 3 piece,,Alkaram,Ladies Unstitched,"brand:Alkaram, gender:ladies, unstitched, pieces:3, type:Printed",FALSE,Title,Default Title,KJC-LU-ALK-10526,shopify,0,deny,manual,4050.00,,TRUE,TRUE,https://cdn.shopify.com/s/files/1/0623/6481/1444/products/a1322907331_zu5v8gset4uasdom.jpg?v=1718555338,1,Ladies Unstitched Printed 3 piece,draft,,3 piece,Printed,,Alkaram · Ladies Unstitched Printed 3 piece,Ladies Unstitched Printed 3 piece,Alkaram,https://alkaramstudio.com/products/3-pc-printed-khaddar-suit-with-printed-khaddar-dupatta-flrw-18-1-22-multi,yes
alkaram-2-pc-embroidered-lawn-suit-with-lawn-dupatta-61504,Alkaram · Ladies Unstitched Casual Lawn 2 piece,,Alkaram,Ladies Unstitched,"brand:Alkaram, gender:ladies, unstitched, fabric:Lawn, pieces:2, type:Casual",FALSE,Title,Default Title,KJC-LU-ALK-10527,shopify,0,deny,manual,2790.00,,TRUE,TRUE,https://cdn.shopify.com/s/files/1/0623/6481/1444/products/ss-15-21-2-beige-1_yophb6mcdocmvexy_6c9d1eb0-22d3-4333-90ea-3e70f140d848.jpg?v=1718503354,1,Ladies Unstitched Casual Lawn 2 piece,draft,Lawn,2 piece,Casual,,Alkaram · Ladies Unstitched Casual Lawn 2 piece,Ladies Unstitched Casual Lawn 2 piece,Alkaram,https://alkaramstudio.com/products/2-pc-embroidered-lawn-suit-with-lawn-dupatta-61504,no
alkaram-2-pc-digital-lawn-suit-with-digital-cotton-net-dupatta,Alkaram · Ladies Unstitched Casual Lawn 2 piece,,Alkaram,Ladies Unstitched,"brand:Alkaram, gender:ladies, unstitched, fabric:Lawn, pieces:2, type:Casual",FALSE,Title,Default Title,KJC-LU-ALK-10528,shopify,0,deny,manual,1445.00,2890.00,TRUE,TRUE,https://cdn.shopify.com/s/files/1/0623/6481/1444/products/ss-32.1-21-white-3_rql1yyikzxyegmvm_84c993fb-cc06-4539-bb96-70742521a1fc.jpg?v=1718663942,1,Ladies Unstitched Casual Lawn 2 piece,draft,Lawn,2 piece,Casual,,Alkaram · Ladies Unstitched Casual Lawn 2 piece,Ladies Unstitched Casual Lawn 2 piece,Alkaram,https://alkaramstudio.com/products/2-pc-digital-lawn-suit-with-digital-cotton-net-dupatta,no
alkaram-place-mat-tbmt-13-red,Alkaram · Ladies Unstitched Linen,,Alkaram,Ladies Unstitched,"brand:Alkaram, gender:ladies, unstitched, fabric:Linen",FALSE,Title,Default Title,KJC-LU-ALK-10529,shopify,0,deny,manual,973.00,1390.00,TRUE,TRUE,https://cdn.shopify.com/s/files/1/0623/6481/1444/files/DSC04114_b273c157-4e9f-4c4b-8d73-710b5b112deb.jpg?v=1730447230,1,Ladies Unstitched Linen,draft,Linen,,,,Alkaram · Ladies Unstitched Linen,Ladies Unstitched Linen,Alkaram,https://alkaramstudio.com/products/place-mat-tbmt-13-red,yes
