sku,brand_code,brand,category,source_url
KJC-LU-ALK-10015,ALK,Alkaram,LU,https://alkaramstudio.com/products/3-pc-printed-lawn-suit-with-lawn-dupatta-ss-15-1-24-2-black
KJC-LU-ALK-10016,ALK,Alkaram,LU,https://alkaramstudio.com/products/4-piece-embroidered-yarn-dyed-organza-suit-with-yarn-dyed-organza-dupatta-hf-14-25-1-cherry-red
KJC-LU-ALK-10017,ALK,Alkaram,LU,https://alkaramstudio.com/products/2-pc-embroidered-thin-cambric-suit-with-fancy-zarri-dupatta-fc-34n-25-persian-blue
KJC-LU-ALK-10018,ALK,Alkaram,LU,https://alkaramstudio.com/products/3-pc-embroidered-viscose-jacquard-suit-with-chiffon-dupatta-fc-27k-25-white
KJC-LU-ALK-10019,ALK,Alkaram,LU,https://alkaramstudio.com/products/3-pc-embroidered-lawn-suit-with-burnout-dupatta-fc-24j-25-lavender
KJC-LU-ALK-10020,ALK,Alkaram,LU,https://alkaramstudio.com/products/3-pc-embroidered-jacquard-suit-with-organza-jacquard-dupatta-fc-20h-25-green
KJC-LU-ALK-10021,ALK,Alkaram,LU,https://alkaramstudio.com/products/3-piece-embroidered-lawn-suit-with-chiffon-dupatta-ll-12-25-1-royal-blue
KJC-LU-ALK-10022,ALK,Alkaram,LU,https://alkaramstudio.com/products/3-piece-embroidered-lawn-suit-with-tissue-silk-dupatta-ll-11-25-1-sage-green
KJC-LU-ALK-10023,ALK,Alkaram,LU,https://alkaramstudio.com/products/3-piece-printed-lawn-suit-with-printed-zari-dupatta-ss-6-25-1-dark-blue
KJC-LU-ALK-10024,ALK,Alkaram,LU,https://alkaramstudio.com/products/four-piece-embroidered-organza-6m-suit-with-organza-dupatta-lf-09-24-2-ivory
KJC-LU-ALK-10025,ALK,Alkaram,LU,https://alkaramstudio.com/products/3-pc-embroidered-indian-silk-suit-with-yarn-dyed-dupatta-f2-10-25-pink
KJC-LU-ALK-10026,ALK,Alkaram,LU,https://alkaramstudio.com/products/3-piece-printed-lawn-suit-with-printed-lawn-dupatta-ss-10-1-25-1-pink
KJC-LU-ALK-10027,ALK,Alkaram,LU,https://alkaramstudio.com/products/3-piece-embroiderd-dyed-self-jacquard-suit-with-printed-manar-dupatta-jec-02-25-1-mint-green
KJC-LU-ALK-10028,ALK,Alkaram,LU,https://alkaramstudio.com/products/3-piece-printed-light-cambric-suit-with-slub-dupatta-ac-03-25-1-black
KJC-LU-ALK-10029,ALK,Alkaram,LU,https://alkaramstudio.com/products/3-pc-printed-lawn-suit-with-printed-lawn-dupatta-ss-58-25-2-green
KJC-LU-ALK-10030,ALK,Alkaram,LU,https://alkaramstudio.com/products/3-pc-embroidered-dyed-lawn-suit-with-printed-burnout-dupatta-ss-43-25-2-red
KJC-LU-ALK-10031,ALK,Alkaram,LU,https://alkaramstudio.com/products/3-pc-embroidered-dyed-self-jacquard-suit-with-printed-chiffon-dupatta-ss-38-1-25-2-black
KJC-LU-ALK-10032,ALK,Alkaram,LU,https://alkaramstudio.com/products/2-pc-printed-lawn-suit-with-printed-lawn-dupatta-ss-66-1-25-2-green
KJC-LU-ALK-10033,ALK,Alkaram,LU,https://alkaramstudio.com/products/2-pc-embroidered-dyed-dobby-suit-with-dyed-cambric-trouser-ss-65-1-25-2-cream
KJC-LU-ALK-10034,ALK,Alkaram,LU,https://alkaramstudio.com/products/4-piece-embroidered-yarn-dyed-organza-suit-with-yarn-dyed-organza-dupatta-hf-15-25-1-navy-blue
KJC-LU-ALK-10035,ALK,Alkaram,LU,https://alkaramstudio.com/products/4-piece-embroidered-yarn-dyed-organza-suit-with-dyed-organza-dupatta-hf-13-25-1-cream
KJC-LU-ALK-10036,ALK,Alkaram,LU,https://alkaramstudio.com/products/4-piece-embroidered-yarn-dyed-organza-suit-with-dyed-organza-dupatta-hf-12-25-1-blush-pink
KJC-LU-ALK-10037,ALK,Alkaram,LU,https://alkaramstudio.com/products/4-piece-embroidered-yarn-dyed-zari-net-suit-with-dyed-zari-net-dupatta-hf-11-25-1-lavender
KJC-LU-ALK-10038,ALK,Alkaram,LU,https://alkaramstudio.com/products/4-piece-embroidered-yarn-dyed-zari-net-suit-with-yarn-dyed-zari-net-dupatta-hf-10-25-1-sage-green
KJC-LU-ALK-10039,ALK,Alkaram,LU,https://alkaramstudio.com/products/4-piece-embroidered-yarn-dyed-suit-with-yarn-dyed-zari-net-dupatta-hf-06-25-1-pink
KJC-LU-ALK-10040,ALK,Alkaram,LU,https://alkaramstudio.com/products/4-piece-embroidered-yarn-dyed-suit-with-zari-khaddi-dupatta-hf-01-25-1-beige
KJC-LU-ALK-10041,ALK,Alkaram,LU,https://alkaramstudio.com/products/2-pc-embroidered-thin-cambric-suit-with-yarn-dyed-dupatta-fc-33n-25-mint
KJC-LU-ALK-10042,ALK,Alkaram,LU,https://alkaramstudio.com/products/3-pc-embroidered-cotton-silk-suit-with-poly-net-dupatta-fc-32m-25-red
KJC-LU-ALK-10043,ALK,Alkaram,LU,https://alkaramstudio.com/products/3-pc-embroidered-cotton-silk-suit-with-organza-dupatta-fc-12e-25-lime-green
KJC-LU-ALK-10044,ALK,Alkaram,LU,https://alkaramstudio.com/products/3-piece-printed-lawn-suit-with-printed-chiffon-dupatta-ss-10-25-1-black
KJC-LU-ALK-10045,ALK,Alkaram,LU,https://alkaramstudio.com/products/3-piece-printed-lawn-suit-with-printed-chiffon-dupatta-ss-9-25-1-green
KJC-LU-ALK-10046,ALK,Alkaram,LU,https://alkaramstudio.com/products/rts-shirt-trouser-dupatta-ccb-12-26-purple
KJC-LU-ALK-10047,ALK,Alkaram,LU,https://alkaramstudio.com/products/rts-shirt-trouser-dupatta-ccb-11-26-sea-green
KJC-LU-ALK-10048,ALK,Alkaram,LU,https://alkaramstudio.com/products/rts-shirt-trouser-dupatta-ccb-10-26-green
KJC-LU-ALK-10049,ALK,Alkaram,LU,https://alkaramstudio.com/products/rts-shirt-trouser-dupatta-ccb-09-26-lilac
KJC-LU-ALK-10050,ALK,Alkaram,LU,https://alkaramstudio.com/products/rts-shirt-trouser-dupatta-ccb-07-26-black
KJC-LU-ALK-10051,ALK,Alkaram,LU,https://alkaramstudio.com/products/rts-shirt-trouser-dupatta-ccb-06-26-blue
KJC-LU-ALK-10052,ALK,Alkaram,LU,https://alkaramstudio.com/products/rts-shirt-trouser-dupatta-ccb-05-26-sand
KJC-LU-ALK-10053,ALK,Alkaram,LU,https://alkaramstudio.com/products/rts-shirt-trouser-dupatta-ccb-04-26-offwhite
KJC-LU-ALK-10054,ALK,Alkaram,LU,https://alkaramstudio.com/products/rts-shirt-trouser-dupatta-ccb-03-26-orange
KJC-LU-ALK-10055,ALK,Alkaram,LU,https://alkaramstudio.com/products/rts-shirt-trouser-dupatta-ccb-02-26-grey
KJC-LU-ALK-10056,ALK,Alkaram,LU,https://alkaramstudio.com/products/rts-shirt-trouser-dupatta-ccb-01-26-pink
KJC-LU-ALK-10057,ALK,Alkaram,LU,https://alkaramstudio.com/products/rts-shirt-trouser-dupatta-m-14-26-peach
KJC-LU-ALK-10058,ALK,Alkaram,LU,https://alkaramstudio.com/products/rts-shirt-trouser-dupatta-m-12-26-siege
KJC-LU-ALK-10059,ALK,Alkaram,LU,https://alkaramstudio.com/products/rts-shirt-trouser-dupatta-m-11-26-fawn
KJC-LU-ALK-10060,ALK,Alkaram,LU,https://alkaramstudio.com/products/rts-shirt-trouser-dupatta-m-09-26-off-white
KJC-LU-ALK-10061,ALK,Alkaram,LU,https://alkaramstudio.com/products/rts-shirt-trouser-dupatta-m-08-26-yellow
KJC-LU-ALK-10062,ALK,Alkaram,LU,https://alkaramstudio.com/products/rts-shirt-trouser-dupatta-m-07-26-off-white
KJC-LU-ALK-10063,ALK,Alkaram,LU,https://alkaramstudio.com/products/rts-shirt-trouser-dupatta-m-06-26-sky-blue
KJC-LU-ALK-10064,ALK,Alkaram,LU,https://alkaramstudio.com/products/rts-shirt-trouser-dupatta-m-05-26-peach
KJC-LU-ALK-10065,ALK,Alkaram,LU,https://alkaramstudio.com/products/rts-shirt-trouser-dupatta-caj-02-26-peach
KJC-LU-ALK-10066,ALK,Alkaram,LU,https://alkaramstudio.com/products/rts-shirt-trouser-dupatta-caj-07-26-green
KJC-LU-ALK-10067,ALK,Alkaram,LU,https://alkaramstudio.com/products/rts-shirt-trouser-dupatta-caap-11-26-off-white
KJC-LU-ALK-10068,ALK,Alkaram,LU,https://alkaramstudio.com/products/rts-shirt-trouser-dupatta-caap-10-26-cream
KJC-LU-ALK-10069,ALK,Alkaram,LU,https://alkaramstudio.com/products/rts-shirt-trouser-dupatta-caap-09-26-navy-blue
KJC-LU-ALK-10070,ALK,Alkaram,LU,https://alkaramstudio.com/products/rts-shirt-trouser-dupatta-caap-08-26-black
KJC-LU-ALK-10071,ALK,Alkaram,LU,https://alkaramstudio.com/products/rts-shirt-trouser-dupatta-caap-06-26-mustard
KJC-LU-ALK-10072,ALK,Alkaram,LU,https://alkaramstudio.com/products/rts-shirt-trouser-dupatta-caap-04-26-lime-yellow
KJC-LU-ALK-10073,ALK,Alkaram,LU,https://alkaramstudio.com/products/rts-shirt-trouser-dupatta-caap-03-26-red
KJC-LU-ALK-10074,ALK,Alkaram,LU,https://alkaramstudio.com/products/rts-shirt-trouser-dupatta-caap-02-26-black
KJC-LU-ALK-10075,ALK,Alkaram,LU,https://alkaramstudio.com/products/rts-shirt-trouser-dupatta-caap-01-26-beige
KJC-LU-ALK-10076,ALK,Alkaram,LU,https://alkaramstudio.com/products/rts-shirt-trouser-dupatta-caw-11-26-off-white
KJC-LU-ALK-10077,ALK,Alkaram,LU,https://alkaramstudio.com/products/rts-shirt-trouser-dupatta-caw-10-26-white
KJC-LU-ALK-10078,ALK,Alkaram,LU,https://alkaramstudio.com/products/rts-shirt-trouser-dupatta-caw-08-26-off-white
KJC-LU-ALK-10079,ALK,Alkaram,LU,https://alkaramstudio.com/products/rts-shirt-trouser-dupatta-caw-07-26-white
KJC-LU-ALK-10080,ALK,Alkaram,LU,https://alkaramstudio.com/products/rts-shirt-trouser-dupatta-caw-03-26-white
KJC-LU-ALK-10081,ALK,Alkaram,LU,https://alkaramstudio.com/products/rts-shirt-trouser-dupatta-m-30-25-3-ochre
KJC-LU-ALK-10082,ALK,Alkaram,LU,https://alkaramstudio.com/products/rts-shirt-trouser-dupatta-m-29-25-3-pale-blue
KJC-LU-ALK-10083,ALK,Alkaram,LU,https://alkaramstudio.com/products/rts-shirt-trouser-dupatta-m-21-25-3-off-white
KJC-LU-ALK-10084,ALK,Alkaram,LU,https://alkaramstudio.com/products/rts-shirt-trouser-cs-10-25-yellow
KJC-LU-ALK-10085,ALK,Alkaram,LU,https://alkaramstudio.com/products/rts-shirt-trouser-cs-09-25-pink
KJC-LU-ALK-10086,ALK,Alkaram,LU,https://alkaramstudio.com/products/rts-shirt-trouser-dupatta-cs-05-25-blue
KJC-LU-ALK-10087,ALK,Alkaram,LU,https://alkaramstudio.com/products/shirt-trouser-dupatta-sk-08-25-periwinkle
KJC-LU-ALK-10088,ALK,Alkaram,LU,https://alkaramstudio.com/products/shirt-trouser-j-21-25-2-green
KJC-LU-ALK-10089,ALK,Alkaram,LU,https://alkaramstudio.com/products/shirt-trouser-dupatta-j-16-25-2-cream
KJC-LU-ALK-10090,ALK,Alkaram,LU,https://alkaramstudio.com/products/rts-shirt-trouser-dupatta-wcs-10-25-mint-green
KJC-LU-ALK-10091,ALK,Alkaram,LU,https://alkaramstudio.com/products/2-piece-dyed-jacquard-suit-with-dyed-cambric-trouser-j-10-25-1-white
KJC-LU-ALK-10092,ALK,Alkaram,LU,https://alkaramstudio.com/products/3-piece-dyed-jacquard-suit-with-dyed-jacquard-dupatta-j-07-25-1-green
KJC-LU-ALK-10093,ALK,Alkaram,LU,https://alkaramstudio.com/products/3-piece-dyed-jacquard-suit-with-dyed-jacquard-dupatta-j-03-25-1-yellow
KJC-LU-ALK-10094,ALK,Alkaram,LU,https://alkaramstudio.com/products/3-piece-embroidered-dyed-velvet-shirt-with-embroidered-mesuri-silk-dupatta-vc-06b-24-green
KJC-LU-ALK-10095,ALK,Alkaram,LU,https://alkaramstudio.com/products/3-pc-jacquard-suit-with-jacquard-dupatta-jc-03-24-sky-blue
KJC-LU-ALK-10096,ALK,Alkaram,LU,https://alkaramstudio.com/products/3-pc-shamery-jacquard-suit-with-shamery-jacquard-dupatta-jc-10-23-5-grey
KJC-LU-ALK-10097,ALK,Alkaram,LU,https://alkaramstudio.com/products/3-pc-jacquard-suit-with-shawl-jc-16-23-4-black
KJC-LU-ALK-10098,ALK,Alkaram,LU,https://alkaramstudio.com/products/3-pc-embroidered-lawn-suit-with-chiffon-dyed-dupatta-ed-06a-23-grey
KJC-LU-ALK-10099,ALK,Alkaram,LU,https://alkaramstudio.com/products/3-pc-embroidered-jacquard-suit-with-fancy-dupatta-jc-8-23-2-orange
KJC-LU-ALK-10100,ALK,Alkaram,LU,https://alkaramstudio.com/products/3-pc-embroidered-organza-suit-with-organza-dupatta-lc-04a-23-ochre
KJC-LU-ALK-10101,ALK,Alkaram,LU,https://alkaramstudio.com/products/2-pc-embroidered-khaddar-suit-with-khaddar-trouser-nc-01-22-orange
KJC-LU-ALK-10102,ALK,Alkaram,LU,https://alkaramstudio.com/products/3-pc-embroidered-jacquard-suit-with-jacquard-dupatta-67498
KJC-LU-ALK-10103,ALK,Alkaram,LU,https://alkaramstudio.com/products/1-pc-printed-cotton-satin-shirt-60794
KJC-LU-ALK-10104,ALK,Alkaram,LU,https://alkaramstudio.com/products/arbor-egyptian-cotton-fmarb-23s-off-white
KJC-LU-ALK-10105,ALK,Alkaram,LU,https://alkaramstudio.com/products/evolution-egyptian-cotton-67475
KJC-LU-ALK-10106,ALK,Alkaram,LU,https://alkaramstudio.com/products/artistic-blended-fmarb-22w-mehndi
KJC-LU-ALK-10107,ALK,Alkaram,LU,https://alkaramstudio.com/products/cresta-blended-59835
KJC-LU-ALK-10108,ALK,Alkaram,LU,https://alkaramstudio.com/products/rts-shirt-trouser-dupatta-ms-66-1-25-1-green
KJC-LU-ALK-10109,ALK,Alkaram,LU,https://alkaramstudio.com/products/rts-shirt-trouser-dupatta-ms-76-25-1-orange
KJC-LU-ALK-10110,ALK,Alkaram,LU,https://alkaramstudio.com/products/rts-shirt-trouser-dupatta-ms-76-25-1-off-white
KJC-LU-ALK-10111,ALK,Alkaram,LU,https://alkaramstudio.com/products/rts-shirt-trouser-dupatta-ss-53-1-25-3-blue
KJC-LU-ALK-10112,ALK,Alkaram,LU,https://alkaramstudio.com/products/rts-shirt-trouser-dupatta-ss-51-1-25-3-blue
KJC-LU-ALK-10113,ALK,Alkaram,LU,https://alkaramstudio.com/products/3-piece-embroidered-dyed-self-jacquard-suit-with-printed-chiffon-dupatta-ss-31-1-25-2-beige
KJC-LU-ALK-10114,ALK,Alkaram,LU,https://alkaramstudio.com/products/3-pc-printed-lawn-suit-with-lawn-dupatta-ss-33-24-2-off-white-ss-33-24-2-pink-off-white
KJC-LU-ALK-10115,ALK,Alkaram,LU,https://alkaramstudio.com/products/3-pc-printed-lawn-suit-with-lawn-dupatta-ss-20-24-2-black-ss-20-24-2-beige
KJC-LU-ALK-10116,ALK,Alkaram,LU,https://alkaramstudio.com/products/3-piece-printed-kirundi-suit-with-karandi-dupatta-fw-49-1-24-orange
KJC-LU-ALK-10117,ALK,Alkaram,LU,https://alkaramstudio.com/products/3-pc-printed-lawn-suit-with-lawn-dupatta-ss-17-24-2-brown
KJC-LU-ALK-10118,ALK,Alkaram,LU,https://alkaramstudio.com/products/3-pc-printed-lawn-suit-with-lawn-dupatta-ss-19-1-24-2-black
KJC-LU-ALK-10119,ALK,Alkaram,LU,https://alkaramstudio.com/products/3-pc-printed-lawn-suit-with-poly-chiffon-dupatta-ss-19-24-2-orange
KJC-LU-ALK-10120,ALK,Alkaram,LU,https://alkaramstudio.com/products/3-pc-embroidered-lawn-suit-with-chiffon-dupatta-ss-43-24-yellow
KJC-LU-ALK-10121,ALK,Alkaram,LU,https://alkaramstudio.com/products/2-pc-printed-lawn-suit-with-lawn-dupatta-flrz-6-1-23-black
KJC-LU-ALK-10122,ALK,Alkaram,LU,https://alkaramstudio.com/products/2-pc-printed-lawn-suit-with-lawn-dupatta-flrz-17-1-23-red
KJC-LU-ALK-10123,ALK,Alkaram,LU,https://alkaramstudio.com/products/2-pc-printed-lawn-suit-with-lawn-dupatta-flrz-2-1-23-olive-green
KJC-LU-ALK-10124,ALK,Alkaram,LU,https://alkaramstudio.com/products/2-pc-printed-lawn-suit-with-lawn-dupatta-flrs-18-1-23-mint-green
KJC-LU-ALK-10125,ALK,Alkaram,LU,https://alkaramstudio.com/products/2-pc-printed-lawn-suit-with-lawn-dupatta-flrs-21-1-23-orange
KJC-LU-ALK-10126,ALK,Alkaram,LU,https://alkaramstudio.com/products/2-pc-printed-lawn-suit-with-lawn-dupatta-flrs-48-1-23-grey
KJC-LU-ALK-10127,ALK,Alkaram,LU,https://alkaramstudio.com/products/woolen-shawl-fabric-fw-c-23d-23-black
KJC-LU-ALK-10128,ALK,Alkaram,LU,https://alkaramstudio.com/products/3-pc-printed-lawn-suit-with-jacquard-net-dupatta-ss-30-1-23-yellow
KJC-LU-ALK-10129,ALK,Alkaram,LU,https://alkaramstudio.com/products/2-pc-embroidered-lawn-suit-with-cambric-trouser-64914
KJC-LU-ALK-10130,ALK,Alkaram,LU,https://alkaramstudio.com/products/1-pc-poly-chiffon-dupatta-62509
KJC-LU-ALK-10131,ALK,Alkaram,LU,https://alkaramstudio.com/products/4-pc-embroidered-organza-suit-with-organza-dupatta-hf-05-24-ochre
KJC-LU-ALK-10132,ALK,Alkaram,LU,https://alkaramstudio.com/products/3-pc-embroidered-glim-suit-with-zari-lawn-dupatta-fc-w-14d-23-3-brown
KJC-LU-ALK-10133,ALK,Alkaram,LU,https://alkaramstudio.com/products/3-pc-embroidered-two-way-slub-suit-with-yarn-dyed-dupatta-fc-13e-23-2-grey
KJC-LU-ALK-10134,ALK,Alkaram,LU,https://alkaramstudio.com/products/3-pc-embroidered-lawn-suit-with-chiffon-dupatta-fc-10d-23-2-cream
KJC-LU-ALK-10135,ALK,Alkaram,LU,https://alkaramstudio.com/products/3-pc-embroidered-one-way-slub-suit-with-fancy-dupatta-fc-1a-23-2-mint
KJC-LU-ALK-10136,ALK,Alkaram,LU,https://alkaramstudio.com/products/3-pc-embroidered-suit-with-cotton-silk-dupatta-32878
KJC-LU-ALK-10137,ALK,Alkaram,LU,https://alkaramstudio.com/products/3-pc-embroidered-organza-zari-suit-with-chiffon-dupatta-64803
KJC-LU-ALK-10138,ALK,Alkaram,LU,https://alkaramstudio.com/products/rts-shirt-dupatta-fw-119-1-25-1-purple
KJC-LU-ALK-10139,ALK,Alkaram,LU,https://alkaramstudio.com/products/rts-shirt-dupatta-fw-118-1-25-1-green
KJC-LU-ALK-10140,ALK,Alkaram,LU,https://alkaramstudio.com/products/rts-shirt-dupatta-fw-137-25-1-grey
KJC-LU-ALK-10141,ALK,Alkaram,LU,https://alkaramstudio.com/products/rts-shirt-dupatta-fw-116-1-25-1-charcoal
KJC-LU-ALK-10142,ALK,Alkaram,LU,https://alkaramstudio.com/products/rts-shirt-trouser-fw-140-25-1-beige
KJC-LU-ALK-10143,ALK,Alkaram,LU,https://alkaramstudio.com/products/rts-shirt-dupatta-fw-166-25-2-gray
KJC-LU-ALK-10144,ALK,Alkaram,LU,https://alkaramstudio.com/products/rts-shirt-trouser-fw-139-25-1-purple
KJC-LU-ALK-10145,ALK,Alkaram,LU,https://alkaramstudio.com/products/rts-shirt-trouser-fw-121-1-25-1-purple
KJC-LU-ALK-10146,ALK,Alkaram,LU,https://alkaramstudio.com/products/rts-shirt-trouser-dupatta-fw-123-25-1-blue
KJC-LU-ALK-10147,ALK,Alkaram,LU,https://alkaramstudio.com/products/rts-shirt-trouser-fw-122-1-25-1-blue
KJC-LU-ALK-10148,ALK,Alkaram,LU,https://alkaramstudio.com/products/rts-shirt-trouser-dupatta-fw-129-25-1-lilac
KJC-LU-ALK-10149,ALK,Alkaram,LU,https://alkaramstudio.com/products/rts-shirt-trouser-dupatta-fw-129-25-1-pink
KJC-LU-ALK-10150,ALK,Alkaram,LU,https://alkaramstudio.com/products/rts-shirt-trouser-dupatta-fw-135-25-1-olive
KJC-LU-ALK-10151,ALK,Alkaram,LU,https://alkaramstudio.com/products/rts-shirt-trouser-dupatta-fw-176-25-1-green
KJC-LU-ALK-10152,ALK,Alkaram,LU,https://alkaramstudio.com/products/rts-shirt-trouser-shawl-fw-90-25-1-off-white
KJC-LU-ALK-10153,ALK,Alkaram,LU,https://alkaramstudio.com/products/rts-shirt-trouser-dupatta-fw-85-1-25-1-beige
KJC-LU-ALK-10154,ALK,Alkaram,LU,https://alkaramstudio.com/products/rts-shirt-trouser-shawl-fw-100-25-1-red
KJC-LU-ALK-10155,ALK,Alkaram,LU,https://alkaramstudio.com/products/four-piece-embroidered-organza-6m-suit-with-organza-dupatta-lf-10-24-2-tea-pink
KJC-LU-ALK-10156,ALK,Alkaram,LU,https://alkaramstudio.com/products/3-pc-embroidered-suit-with-poly-net-dupatta
KJC-LU-ALK-10157,ALK,Alkaram,LU,https://alkaramstudio.com/products/rts-shirt-trouser-dupatta-ec343-3p26a-light-blue
KJC-LU-ALK-10158,ALK,Alkaram,LU,https://alkaramstudio.com/products/rts-shirt-trouser-dupatta-ec341-3p26b-lilac
KJC-LU-ALK-10159,ALK,Alkaram,LU,https://alkaramstudio.com/products/rts-shirt-trouser-dupatta-ec341-3p26a-green
KJC-LU-ALK-10160,ALK,Alkaram,LU,https://alkaramstudio.com/products/rts-shirt-trouser-dupatta-ec339-3p26b-mustard
KJC-LU-ALK-10161,ALK,Alkaram,LU,https://alkaramstudio.com/products/rts-shirt-trouser-dupatta-ec337-3p26-blue
KJC-LU-ALK-10162,ALK,Alkaram,LU,https://alkaramstudio.com/products/rts-shirt-trouser-dupatta-ec336-3p26-grey
KJC-LU-ALK-10163,ALK,Alkaram,LU,https://alkaramstudio.com/products/rts-shirt-trouser-dupatta-ec335-3p26-b-rust
KJC-LU-ALK-10164,ALK,Alkaram,LU,https://alkaramstudio.com/products/rts-shirt-trouser-dupatta-ec335-3p26-green
KJC-LU-ALK-10165,ALK,Alkaram,LU,https://alkaramstudio.com/products/rts-shirt-trouser-dupatta-ec334-3p26-blue
KJC-LU-ALK-10166,ALK,Alkaram,LU,https://alkaramstudio.com/products/rts-shirt-trouser-dupatta-ec333-3p26-peach
KJC-LU-ALK-10167,ALK,Alkaram,LU,https://alkaramstudio.com/products/rts-shirt-trouser-dupatta-ec332-3p26-grey
KJC-LU-ALK-10168,ALK,Alkaram,LU,https://alkaramstudio.com/products/rts-shirt-trouser-dupatta-ec331-3p26-blue
KJC-LU-ALK-10169,ALK,Alkaram,LU,https://alkaramstudio.com/products/rts-shirt-trouser-dupatta-ec329-3p26-blue
KJC-LU-ALK-10170,ALK,Alkaram,LU,https://alkaramstudio.com/products/rts-shirt-trouser-bd275-2p26-peach
KJC-LU-ALK-10171,ALK,Alkaram,LU,https://alkaramstudio.com/products/rts-shirt-trouser-bd274-2p26-light-blue
KJC-LU-ALK-10172,ALK,Alkaram,LU,https://alkaramstudio.com/products/rts-shirt-trouser-bd272-2p26-red
KJC-LU-ALK-10173,ALK,Alkaram,LU,https://alkaramstudio.com/products/rts-shirt-trouser-bd271-2p26-beige
KJC-LU-ALK-10174,ALK,Alkaram,LU,https://alkaramstudio.com/products/rts-shirt-dupatta-br260-2p26-black
KJC-LU-ALK-10175,ALK,Alkaram,LU,https://alkaramstudio.com/products/rts-shirt-dupatta-bd266-2p26-light-pink
KJC-LU-ALK-10176,ALK,Alkaram,LU,https://alkaramstudio.com/products/rts-shirt-bd258-26-pink
KJC-LU-ALK-10177,ALK,Alkaram,LU,https://alkaramstudio.com/products/rts-shirt-bd257-26-blue
KJC-LU-ALK-10178,ALK,Alkaram,LU,https://alkaramstudio.com/products/rts-trouser-bt-4-navy-blue
KJC-LU-ALK-10179,ALK,Alkaram,LU,https://alkaramstudio.com/products/rts-shirt-trouser-dupatta-ec327-3p26-beige
KJC-LU-ALK-10180,ALK,Alkaram,LU,https://alkaramstudio.com/products/rts-shirt-trouser-dupatta-ec345-3p26b-beige
KJC-LU-ALK-10181,ALK,Alkaram,LU,https://alkaramstudio.com/products/rts-shirt-trouser-dupatta-ec345-3p26a-pink
KJC-LU-ALK-10182,ALK,Alkaram,LU,https://alkaramstudio.com/products/rts-shirt-trouser-dupatta-ec344-3p26b-dark-blue
KJC-LU-ALK-10183,ALK,Alkaram,LU,https://alkaramstudio.com/products/rts-shirt-trouser-dupatta-ec344-3p26a-yellow
KJC-LU-ALK-10184,ALK,Alkaram,LU,https://alkaramstudio.com/products/rts-shirt-trouser-dupatta-ec342-3p26b-white
KJC-LU-ALK-10185,ALK,Alkaram,LU,https://alkaramstudio.com/products/rts-shirt-trouser-dupatta-ec342-3p26a-purple
KJC-LU-ALK-10186,ALK,Alkaram,LU,https://alkaramstudio.com/products/rts-shirt-trouser-dupatta-ec340-3p26b-blue
KJC-LU-ALK-10187,ALK,Alkaram,LU,https://alkaramstudio.com/products/rts-shirt-trouser-dupatta-ec340-3p26a-beige
KJC-LU-ALK-10188,ALK,Alkaram,LU,https://alkaramstudio.com/products/rts-shirt-trouser-dupatta-ec339-3p26a-red
KJC-LU-ALK-10189,ALK,Alkaram,LU,https://alkaramstudio.com/products/rts-shirt-trouser-dupatta-ec338-3p26-peach
KJC-LU-ALK-10190,ALK,Alkaram,LU,https://alkaramstudio.com/products/rts-shirt-trouser-dupatta-ec154-26-2-lilac
KJC-LU-ALK-10191,ALK,Alkaram,LU,https://alkaramstudio.com/products/rts-shirt-trouser-dupatta-sf-35-26-2-brown
KJC-LU-ALK-10192,ALK,Alkaram,LU,https://alkaramstudio.com/products/rts-shirt-trouser-dupatta-sf-33-26-2-purple
KJC-LU-ALK-10193,ALK,Alkaram,LU,https://alkaramstudio.com/products/rts-shirt-trouser-dupatta-sf-32-26-2-dark-green
KJC-LU-ALK-10194,ALK,Alkaram,LU,https://alkaramstudio.com/products/rts-shirt-trouser-dupatta-sf-31-26-2-rust
KJC-LU-ALK-10195,ALK,Alkaram,LU,https://alkaramstudio.com/products/rts-shirt-trouser-dupatta-sf-29-26-2-peach
KJC-LU-ALK-10196,ALK,Alkaram,LU,https://alkaramstudio.com/products/rts-shirt-trouser-dupatta-sf-24-26-2-yellow
KJC-LU-ALK-10197,ALK,Alkaram,LU,https://alkaramstudio.com/products/rts-shirt-trouser-dupatta-sf-22-26-2-black
KJC-LU-ALK-10198,ALK,Alkaram,LU,https://alkaramstudio.com/products/rts-shirt-trouser-dupatta-sf-18-26-2-powder-pink
KJC-LU-ALK-10199,ALK,Alkaram,LU,https://alkaramstudio.com/products/rts-shirt-trouser-dupatta-sf-15-26-2-butter-yellow
KJC-LU-ALK-10200,ALK,Alkaram,LU,https://alkaramstudio.com/products/rts-shirt-trouser-dupatta-sf-14-26-2-pink
KJC-LU-ALK-10201,ALK,Alkaram,LU,https://alkaramstudio.com/products/rts-shirt-trouser-dupatta-sf-10-26-2-peacock-green
KJC-LU-ALK-10202,ALK,Alkaram,LU,https://alkaramstudio.com/products/rts-shirt-trouser-bd116-26-2-beige
KJC-LU-ALK-10203,ALK,Alkaram,LU,https://alkaramstudio.com/products/rts-shirt-trouser-bd114-26-2-cream
KJC-LU-ALK-10204,ALK,Alkaram,LU,https://alkaramstudio.com/products/rts-shirt-dupatta-bd102-p26-2-light-blue
KJC-LU-ALK-10205,ALK,Alkaram,LU,https://alkaramstudio.com/products/rts-shirt-trouser-dupatta-ef132-26a-2-blue
KJC-LU-ALK-10206,ALK,Alkaram,LU,https://alkaramstudio.com/products/rts-shirt-trouser-br174-2p26-3-lilac
KJC-LU-ALK-10207,ALK,Alkaram,LU,https://alkaramstudio.com/products/rts-shirt-trouser-br171-2p26-3-blue
KJC-LU-ALK-10208,ALK,Alkaram,LU,https://alkaramstudio.com/products/rts-shirt-trouser-br168-2p26-3-cream
KJC-LU-ALK-10209,ALK,Alkaram,LU,https://alkaramstudio.com/products/rts-shirt-trouser-br166-2p26-3-beige
KJC-LU-ALK-10210,ALK,Alkaram,LU,https://alkaramstudio.com/products/rts-shirt-dupatta-br156-2p26-3-cream
KJC-LU-ALK-10211,ALK,Alkaram,LU,https://alkaramstudio.com/products/rts-shirt-trouser-bd175-2p26-3-peach
KJC-LU-ALK-10212,ALK,Alkaram,LU,https://alkaramstudio.com/products/rts-shirt-br123-26-3-red
KJC-LU-ALK-10213,ALK,Alkaram,LU,https://alkaramstudio.com/products/rts-shirt-br121-26-3-orange
KJC-LU-ALK-10214,ALK,Alkaram,LU,https://alkaramstudio.com/products/rts-shirt-dupatta-ef148-26-2-beige
KJC-LU-ALK-10215,ALK,Alkaram,LU,https://alkaramstudio.com/products/rts-shirt-dupatta-ef147-26-2-brown
KJC-LU-ALK-10216,ALK,Alkaram,LU,https://alkaramstudio.com/products/rts-shirt-dupatta-ef146-26-2-maroon
KJC-LU-ALK-10217,ALK,Alkaram,LU,https://alkaramstudio.com/products/rts-shirt-trouser-dupatta-ef142-26b-2-beige
KJC-LU-ALK-10218,ALK,Alkaram,LU,https://alkaramstudio.com/products/rts-shirt-trouser-dupatta-ef142-26a-2-peach
KJC-LU-ALK-10219,ALK,Alkaram,LU,https://alkaramstudio.com/products/rts-shirt-trouser-dupatta-ef137-26b-2-black
KJC-LU-ALK-10220,ALK,Alkaram,LU,https://alkaramstudio.com/products/rts-shirt-trouser-dupatta-ef137-26a-2-beige
KJC-LU-ALK-10221,ALK,Alkaram,LU,https://alkaramstudio.com/products/rts-shirt-trouser-dupatta-ef136-26b-2-yellow
KJC-LU-ALK-10222,ALK,Alkaram,LU,https://alkaramstudio.com/products/rts-shirt-trouser-dupatta-ef136-26a-2-purple
KJC-LU-ALK-10223,ALK,Alkaram,LU,https://alkaramstudio.com/products/rts-shirt-trouser-dupatta-ef131-3p26-maroon
KJC-LU-ALK-10224,ALK,Alkaram,LU,https://alkaramstudio.com/products/rts-shirt-trouser-dupatta-ef124-26-2-beige
KJC-LU-ALK-10225,ALK,Alkaram,LU,https://alkaramstudio.com/products/rts-shirt-trouser-dupatta-ef122-26-2-dark-green
KJC-LU-ALK-10226,ALK,Alkaram,LU,https://alkaramstudio.com/products/rts-shirt-trouser-dupatta-ef121-26-2-light-pink
KJC-LU-ALK-10227,ALK,Alkaram,LU,https://alkaramstudio.com/products/rts-shirt-trouser-dupatta-ef120-26-2-blue
KJC-LU-ALK-10228,ALK,Alkaram,LU,https://alkaramstudio.com/products/rts-shirt-trouser-dupatta-ef114-26-2-burgundy
KJC-LU-ALK-10229,ALK,Alkaram,LU,https://alkaramstudio.com/products/rts-shirt-trouser-ec189-26-2-white
KJC-LU-ALK-10230,ALK,Alkaram,LU,https://alkaramstudio.com/products/rts-shirt-dupatta-ec188-26a-2-purple
KJC-LU-ALK-10231,ALK,Alkaram,LU,https://alkaramstudio.com/products/rts-shirt-dupatta-ec186-26b-2-musturd
KJC-LU-ALK-10232,ALK,Alkaram,LU,https://alkaramstudio.com/products/rts-shirt-trouser-dupatta-ec173-26-2-blue
KJC-LU-ALK-10233,ALK,Alkaram,LU,https://alkaramstudio.com/products/rts-shirt-trouser-dupatta-ec163-26-2-green
KJC-LU-ALK-10234,ALK,Alkaram,LU,https://alkaramstudio.com/products/rts-shirt-trouser-dupatta-ec152-26-2-cream
KJC-LU-ALK-10235,ALK,Alkaram,LU,https://alkaramstudio.com/products/rts-shirt-touser-dupatta-sf-20-26-grey
KJC-LU-ALK-10236,ALK,Alkaram,LU,https://alkaramstudio.com/products/rts-shirt-touser-dupatta-sf-13-26-cream
KJC-LU-ALK-10237,ALK,Alkaram,LU,https://alkaramstudio.com/products/rts-shirt-touser-dupatta-sf-12-26-green
KJC-LU-ALK-10238,ALK,Alkaram,LU,https://alkaramstudio.com/products/rts-shirt-touser-dupatta-sf-06-26-off-white
KJC-LU-ALK-10239,ALK,Alkaram,LU,https://alkaramstudio.com/products/rts-shirt-trouser-dupatta-lw-16-26-teal
KJC-LU-ALK-10240,ALK,Alkaram,LU,https://alkaramstudio.com/products/rts-shirt-trouser-dupatta-lw-15-26-butter-yellow
KJC-LU-ALK-10241,ALK,Alkaram,LU,https://alkaramstudio.com/products/rts-shirt-trouser-dupatta-lw-14-26-sand-brown
KJC-LU-ALK-10242,ALK,Alkaram,LU,https://alkaramstudio.com/products/rts-shirt-trouser-dupatta-lw-13-26-peach
KJC-LU-ALK-10243,ALK,Alkaram,LU,https://alkaramstudio.com/products/rts-shirt-trouser-dupatta-lw-12-26-mint-green
KJC-LU-ALK-10244,ALK,Alkaram,LU,https://alkaramstudio.com/products/rts-shirt-trouser-dupatta-lw-02-26-blue
KJC-LU-ALK-10245,ALK,Alkaram,LU,https://alkaramstudio.com/products/rts-shirt-trouser-dupatta-lw-01-26-white
KJC-LU-ALK-10246,ALK,Alkaram,LU,https://alkaramstudio.com/products/rts-shirt-dupatta-br97-26-2-charcoal
KJC-LU-ALK-10247,ALK,Alkaram,LU,https://alkaramstudio.com/products/rts-shirt-dupatta-br96-26-2-grey
KJC-LU-ALK-10248,ALK,Alkaram,LU,https://alkaramstudio.com/products/rts-shirt-dupatta-br95-26-2-light-blue
KJC-LU-ALK-10249,ALK,Alkaram,LU,https://alkaramstudio.com/products/rts-shirt-dupatta-br93-26-2-peach
KJC-LU-ALK-10250,ALK,Alkaram,LU,https://alkaramstudio.com/products/rts-shirt-dupatta-br92-26-2-purple
KJC-LU-ALK-10251,ALK,Alkaram,LU,https://alkaramstudio.com/products/rts-shirt-dupatta-br89-26-2-peach
KJC-LU-ALK-10252,ALK,Alkaram,LU,https://alkaramstudio.com/products/rts-shirt-dupatta-br88-26-2-teal
KJC-LU-ALK-10253,ALK,Alkaram,LU,https://alkaramstudio.com/products/rts-shirt-trouser-br110-26-2-green
KJC-LU-ALK-10254,ALK,Alkaram,LU,https://alkaramstudio.com/products/rts-shirt-trouser-br107-26-2-olive-grey
KJC-LU-ALK-10255,ALK,Alkaram,LU,https://alkaramstudio.com/products/rts-shirt-trouser-br106-26-2-pink
KJC-LU-ALK-10256,ALK,Alkaram,LU,https://alkaramstudio.com/products/rts-shirt-trouser-br104-26-2-beige
KJC-LU-ALK-10257,ALK,Alkaram,LU,https://alkaramstudio.com/products/rts-shirt-trouser-br103-26-2-light-ferozi
KJC-LU-ALK-10258,ALK,Alkaram,LU,https://alkaramstudio.com/products/rts-shirt-dupatta-bd99-26-2-off-white
KJC-LU-ALK-10259,ALK,Alkaram,LU,https://alkaramstudio.com/products/rts-shirt-dupatta-bd98-26-2-teracotta
KJC-LU-ALK-10260,ALK,Alkaram,LU,https://alkaramstudio.com/products/rts-shirt-trouser-bd113-26-2-sand-pink
KJC-LU-ALK-10261,ALK,Alkaram,LU,https://alkaramstudio.com/products/rts-shirt-trouser-bd112-26-2-peach
KJC-LU-ALK-10262,ALK,Alkaram,LU,https://alkaramstudio.com/products/rts-shirt-dupatta-bd101-26-2-mustard
KJC-LU-ALK-10263,ALK,Alkaram,LU,https://alkaramstudio.com/products/rts-shirt-dupatta-bd100-26-2-blue
KJC-LU-ALK-10264,ALK,Alkaram,LU,https://alkaramstudio.com/products/rts-shirt-br71-26-2-grey
KJC-LU-ALK-10265,ALK,Alkaram,LU,https://alkaramstudio.com/products/rts-shirt-br64-26-2-beige
KJC-LU-ALK-10266,ALK,Alkaram,LU,https://alkaramstudio.com/products/rts-shirt-bd87-26-2-dark-blue
KJC-LU-ALK-10267,ALK,Alkaram,LU,https://alkaramstudio.com/products/rts-shirt-bd86-26-2-cream
KJC-LU-ALK-10268,ALK,Alkaram,LU,https://alkaramstudio.com/products/rts-shirt-bd85-26-2-purple
KJC-LU-ALK-10269,ALK,Alkaram,LU,https://alkaramstudio.com/products/rts-shirt-bd84-26-2-brown
KJC-LU-ALK-10270,ALK,Alkaram,LU,https://alkaramstudio.com/products/rts-shirt-bd80-26-2-midnight-blue
KJC-LU-ALK-10271,ALK,Alkaram,LU,https://alkaramstudio.com/products/rts-shirt-bd79-26-2-cream
KJC-LU-ALK-10272,ALK,Alkaram,LU,https://alkaramstudio.com/products/rts-shirt-trouser-dupatta-ec47-3p26-a-blue
KJC-LU-ALK-10273,ALK,Alkaram,LU,https://alkaramstudio.com/products/rts-shirt-trouser-dupatta-ec103-3p26-b-ferozi
KJC-LU-ALK-10274,ALK,Alkaram,LU,https://alkaramstudio.com/products/rts-shirt-trouser-dupatta-ec103-3p26-a-rust
KJC-LU-ALK-10275,ALK,Alkaram,LU,https://alkaramstudio.com/products/rts-shirt-trouser-dupatta-ec102-3p26-b-yellow
KJC-LU-ALK-10276,ALK,Alkaram,LU,https://alkaramstudio.com/products/rts-shirt-trouser-dupatta-ec102-3p26-a-blue
KJC-LU-ALK-10277,ALK,Alkaram,LU,https://alkaramstudio.com/products/rts-shirt-trouser-dupatta-ec101-3p26-red
KJC-LU-ALK-10278,ALK,Alkaram,LU,https://alkaramstudio.com/products/rts-shirt-trouser-dupatta-ec100-3p26-rust
KJC-LU-ALK-10279,ALK,Alkaram,LU,https://alkaramstudio.com/products/rts-shirt-trouser-dupatta-ec100-26-green
KJC-LU-ALK-10280,ALK,Alkaram,LU,https://alkaramstudio.com/products/rts-shirt-trouser-dupatta-ec46-3p26-b-blue
KJC-LU-ALK-10281,ALK,Alkaram,LU,https://alkaramstudio.com/products/rts-shirt-trouser-dupatta-ec46-3p26-a-pink
KJC-LU-ALK-10282,ALK,Alkaram,LU,https://alkaramstudio.com/products/rts-shirt-trouser-dupatta-ef72-26-sea-green
KJC-LU-ALK-10283,ALK,Alkaram,LU,https://alkaramstudio.com/products/rts-shirt-trouser-dupatta-ef72-26-beige
KJC-LU-ALK-10284,ALK,Alkaram,LU,https://alkaramstudio.com/products/rts-shirt-trouser-dupatta-ef18-26-olive-green
KJC-LU-ALK-10285,ALK,Alkaram,LU,https://alkaramstudio.com/products/rts-shirt-trouser-dupatta-ef18-26-sea-green
KJC-LU-ALK-10286,ALK,Alkaram,LU,https://alkaramstudio.com/products/rts-shirt-trouser-dupatta-sl-25-26-yellow
KJC-LU-ALK-10287,ALK,Alkaram,LU,https://alkaramstudio.com/products/rts-shirt-trouser-dupatta-sl-23-26-peach
KJC-LU-ALK-10288,ALK,Alkaram,LU,https://alkaramstudio.com/products/rts-shirt-trouser-dupatta-sl-19-26-light-blue
KJC-LU-ALK-10289,ALK,Alkaram,LU,https://alkaramstudio.com/products/rts-shirt-trouser-dupatta-sl-15-26-peach
KJC-LU-ALK-10290,ALK,Alkaram,LU,https://alkaramstudio.com/products/rts-shirt-trouser-dupatta-sl-14-26-blue
KJC-LU-ALK-10291,ALK,Alkaram,LU,https://alkaramstudio.com/products/rts-shirt-trouser-dupatta-sl-13-26-yellow
KJC-LU-ALK-10292,ALK,Alkaram,LU,https://alkaramstudio.com/products/rts-shirt-trouser-dupatta-sl-12-26-blue
KJC-LU-ALK-10293,ALK,Alkaram,LU,https://alkaramstudio.com/products/rts-shirt-trouser-dupatta-sl-10-26-grey
KJC-LU-ALK-10294,ALK,Alkaram,LU,https://alkaramstudio.com/products/rts-shirt-trouser-dupatta-ss-60-1-25-3-pink
KJC-LU-ALK-10295,ALK,Alkaram,LU,https://alkaramstudio.com/products/rts-shirt-trouser-dupatta-ss-59-1-25-3-blue
KJC-LU-ALK-10296,ALK,Alkaram,LU,https://alkaramstudio.com/products/rts-shirt-trouser-dupatta-ss-58-1-25-3-green
KJC-LU-ALK-10297,ALK,Alkaram,LU,https://alkaramstudio.com/products/rts-shirt-trouser-dupatta-ss-58-1-25-3-pink
KJC-LU-ALK-10298,ALK,Alkaram,LU,https://alkaramstudio.com/products/rts-shirt-trouser-dupatta-sss60-3p26-red
KJC-LU-ALK-10299,ALK,Alkaram,LU,https://alkaramstudio.com/products/rts-shirt-trouser-dupatta-ss-60-25-3-beige
KJC-LU-ALK-10300,ALK,Alkaram,LU,https://alkaramstudio.com/products/rts-shirt-trouser-dupatta-ms185-3p26-b-maroon
KJC-LU-ALK-10301,ALK,Alkaram,LU,https://alkaramstudio.com/products/rts-shirt-trouser-dupatta-ms185-3p26-purple
KJC-LU-ALK-10302,ALK,Alkaram,LU,https://alkaramstudio.com/products/rts-shirt-trouser-dupatta-ms-177-26-off-white
KJC-LU-ALK-10303,ALK,Alkaram,LU,https://alkaramstudio.com/products/rts-shirt-trouser-dupatta-ms-ms157-3p26-peach
KJC-LU-ALK-10304,ALK,Alkaram,LU,https://alkaramstudio.com/products/rts-shirt-trouser-dupatta-ms154-3p36-black
KJC-LU-ALK-10305,ALK,Alkaram,LU,https://alkaramstudio.com/products/rts-shirt-trouser-dupatta-ms153-3p26-brown
KJC-LU-ALK-10306,ALK,Alkaram,LU,https://alkaramstudio.com/products/rts-shirt-trouser-dupatta-ms152-3p26-red
KJC-LU-ALK-10307,ALK,Alkaram,LU,https://alkaramstudio.com/products/rts-shirt-trouser-dupatta-ms150-3p26-green
KJC-LU-ALK-10308,ALK,Alkaram,LU,https://alkaramstudio.com/products/rts-shirt-trouser-dupatta-ms149-3p26-b-blue
KJC-LU-ALK-10309,ALK,Alkaram,LU,https://alkaramstudio.com/products/rts-shirt-trouser-dupatta-ms149-3p26-a-pink
KJC-LU-ALK-10310,ALK,Alkaram,LU,https://alkaramstudio.com/products/rts-shirt-trouser-dupatta-ms148-3p26-a-green
KJC-LU-ALK-10311,ALK,Alkaram,LU,https://alkaramstudio.com/products/rts-shirt-trouser-dupatta-ms146-3p26-purple
KJC-LU-ALK-10312,ALK,Alkaram,LU,https://alkaramstudio.com/products/rts-shirt-trouser-dupatta-ec98-26-teal
KJC-LU-ALK-10313,ALK,Alkaram,LU,https://alkaramstudio.com/products/rts-shirt-trouser-dupatta-ec98-3p26-purple
KJC-LU-ALK-10314,ALK,Alkaram,LU,https://alkaramstudio.com/products/rts-shirt-trouser-dupatta-ec97-26-purple
KJC-LU-ALK-10315,ALK,Alkaram,LU,https://alkaramstudio.com/products/rts-shirt-trouser-dupatta-ec96-26-grey
KJC-LU-ALK-10316,ALK,Alkaram,LU,https://alkaramstudio.com/products/rts-shirt-trouser-ec95-26-beige
KJC-LU-ALK-10317,ALK,Alkaram,LU,https://alkaramstudio.com/products/rts-shirt-trouser-dupatta-ec94-26-yellow
KJC-LU-ALK-10318,ALK,Alkaram,LU,https://alkaramstudio.com/products/rts-shirt-trouser-dupatta-ec93-26-brown
KJC-LU-ALK-10319,ALK,Alkaram,LU,https://alkaramstudio.com/products/rts-shirt-trouser-dupatta-ec92-26-off-white
KJC-LU-ALK-10320,ALK,Alkaram,LU,https://alkaramstudio.com/products/rts-shirt-trouser-dupatta-ec91-26-green
KJC-LU-ALK-10321,ALK,Alkaram,LU,https://alkaramstudio.com/products/rts-shirt-trouser-dupatta-ec84-26-white
KJC-LU-ALK-10322,ALK,Alkaram,LU,https://alkaramstudio.com/products/rts-shirt-trouser-dupatta-ec83-26-beige
KJC-LU-ALK-10323,ALK,Alkaram,LU,https://alkaramstudio.com/products/rts-shirt-dupatta-ec106-26-blue
KJC-LU-ALK-10324,ALK,Alkaram,LU,https://alkaramstudio.com/products/rts-shirt-trouser-ec105-26-brown
KJC-LU-ALK-10325,ALK,Alkaram,LU,https://alkaramstudio.com/products/rts-shirt-trouser-ec104-26-rust
KJC-LU-ALK-10326,ALK,Alkaram,LU,https://alkaramstudio.com/products/rts-shirt-dupatta-ec55-26-cream
KJC-LU-ALK-10327,ALK,Alkaram,LU,https://alkaramstudio.com/products/rts-shirt-dupatta-ec54-26-grey
KJC-LU-ALK-10328,ALK,Alkaram,LU,https://alkaramstudio.com/products/rts-shirt-dupatta-ec52-26-peach
KJC-LU-ALK-10329,ALK,Alkaram,LU,https://alkaramstudio.com/products/rts-shirt-dupatta-ec51-26-yellow
KJC-LU-ALK-10330,ALK,Alkaram,LU,https://alkaramstudio.com/products/rts-shirt-trouser-ec48-26-beige
KJC-LU-ALK-10331,ALK,Alkaram,LU,https://alkaramstudio.com/products/rts-shirt-trouser-dupatta-ec41-26-yellow
KJC-LU-ALK-10332,ALK,Alkaram,LU,https://alkaramstudio.com/products/rts-shirt-trouser-dupatta-ec40-3p26-pink
KJC-LU-ALK-10333,ALK,Alkaram,LU,https://alkaramstudio.com/products/rts-shirt-trouser-dupatta-ec38-26-grey
KJC-LU-ALK-10334,ALK,Alkaram,LU,https://alkaramstudio.com/products/rts-shirt-trouser-dupatta-ec37-3p26-green
KJC-LU-ALK-10335,ALK,Alkaram,LU,https://alkaramstudio.com/products/rts-shirt-trouser-dupatta-ec35-26-blue
KJC-LU-ALK-10336,ALK,Alkaram,LU,https://alkaramstudio.com/products/rts-shirt-trouser-dupatta-ec34-26-lilac
KJC-LU-ALK-10337,ALK,Alkaram,LU,https://alkaramstudio.com/products/rts-shirt-trouser-dupatta-ec32-26-yellow
KJC-LU-ALK-10338,ALK,Alkaram,LU,https://alkaramstudio.com/products/rts-shirt-trouser-dupatta-ec31-26-grey
KJC-LU-ALK-10339,ALK,Alkaram,LU,https://alkaramstudio.com/products/rts-shirt-trouser-dupatta-ec30-26-purple
KJC-LU-ALK-10340,ALK,Alkaram,LU,https://alkaramstudio.com/products/rts-shirt-trouser-dupatta-ec29-26-green
KJC-LU-ALK-10341,ALK,Alkaram,LU,https://alkaramstudio.com/products/rts-shirt-trouser-dupatta-ec27-26-blue
KJC-LU-ALK-10342,ALK,Alkaram,LU,https://alkaramstudio.com/products/rts-shirt-trouser-ef80-26-yellow
KJC-LU-ALK-10343,ALK,Alkaram,LU,https://alkaramstudio.com/products/rts-shirt-trouser-ef77-26-brown
KJC-LU-ALK-10344,ALK,Alkaram,LU,https://alkaramstudio.com/products/rts-shirt-trouser-dupatta-ef66-26-teal
KJC-LU-ALK-10345,ALK,Alkaram,LU,https://alkaramstudio.com/products/rts-shirt-trouser-dupatta-ef65-26-light-blue
KJC-LU-ALK-10346,ALK,Alkaram,LU,https://alkaramstudio.com/products/rts-shirt-trouser-dupatta-ef63-26-sky-blue
KJC-LU-ALK-10347,ALK,Alkaram,LU,https://alkaramstudio.com/products/rts-shirt-trouser-dupatta-ef62-26-coral
KJC-LU-ALK-10348,ALK,Alkaram,LU,https://alkaramstudio.com/products/rts-shirt-trouser-dupatta-ef60-26-cream
KJC-LU-ALK-10349,ALK,Alkaram,LU,https://alkaramstudio.com/products/rts-shirt-trouser-ef25-26-light-green
KJC-LU-ALK-10350,ALK,Alkaram,LU,https://alkaramstudio.com/products/rts-shirt-trouser-ef23-3p26-mahroon
KJC-LU-ALK-10351,ALK,Alkaram,LU,https://alkaramstudio.com/products/rts-shirt-trouser-dupatta-ef09-26-beige
KJC-LU-ALK-10352,ALK,Alkaram,LU,https://alkaramstudio.com/products/rts-shirt-trouser-dupatta-ef07-26-beige
KJC-LU-ALK-10353,ALK,Alkaram,LU,https://alkaramstudio.com/products/rts-shirt-trouser-dupatta-ef06-26-light-green
KJC-LU-ALK-10354,ALK,Alkaram,LU,https://alkaramstudio.com/products/rts-shirt-trouser-dupatta-ef05-26-sea-green
KJC-LU-ALK-10355,ALK,Alkaram,LU,https://alkaramstudio.com/products/rts-shirt-trouser-dupatta-ef04-26-green
KJC-LU-ALK-10356,ALK,Alkaram,LU,https://alkaramstudio.com/products/rts-shirt-trouser-dupatta-ef10-26-cream
KJC-LU-ALK-10357,ALK,Alkaram,LU,https://alkaramstudio.com/products/rts-shirt-trouser-dupatta-ec47-3p26-b-pink
KJC-LU-ALK-10358,ALK,Alkaram,LU,https://alkaramstudio.com/products/rts-shirt-trouser-dupatta-ec45-3p26-b-red
KJC-LU-ALK-10359,ALK,Alkaram,LU,https://alkaramstudio.com/products/rts-shirt-trouser-dupatta-ec45-3p26-a-blue
KJC-LU-ALK-10360,ALK,Alkaram,LU,https://alkaramstudio.com/products/rts-shirt-trouser-dupatta-ec44-3p26-b-light-blue
KJC-LU-ALK-10361,ALK,Alkaram,LU,https://alkaramstudio.com/products/rts-shirt-trouser-dupatta-ec44-3p26-a-green
KJC-LU-ALK-10362,ALK,Alkaram,LU,https://alkaramstudio.com/products/rts-shirt-trouser-dupatta-ef75-3p26-purple
KJC-LU-ALK-10363,ALK,Alkaram,LU,https://alkaramstudio.com/products/rts-shirt-trouser-dupatta-ef75-26-beige
KJC-LU-ALK-10364,ALK,Alkaram,LU,https://alkaramstudio.com/products/rts-shirt-trouser-dupatta-ef71-3p26-b-off-white
KJC-LU-ALK-10365,ALK,Alkaram,LU,https://alkaramstudio.com/products/rts-shirt-trouser-dupatta-ef71-3p26-a-purple
KJC-LU-ALK-10366,ALK,Alkaram,LU,https://alkaramstudio.com/products/rts-shirt-trouser-dupatta-ef68-26-beige
KJC-LU-ALK-10367,ALK,Alkaram,LU,https://alkaramstudio.com/products/rts-shirt-trouser-ef24-26-lilac
KJC-LU-ALK-10368,ALK,Alkaram,LU,https://alkaramstudio.com/products/rts-shirt-trouser-dupatta-ef20-26-green
KJC-LU-ALK-10369,ALK,Alkaram,LU,https://alkaramstudio.com/products/rts-shirt-trouser-dupatta-ef15-3p26-b-sea-blue
KJC-LU-ALK-10370,ALK,Alkaram,LU,https://alkaramstudio.com/products/rts-shirt-trouser-dupatta-ef15-3p26-a-off-white
KJC-LU-ALK-10371,ALK,Alkaram,LU,https://alkaramstudio.com/products/rts-shirt-trouser-dupatta-ef14-26-grey
KJC-LU-ALK-10372,ALK,Alkaram,LU,https://alkaramstudio.com/products/rts-shirt-trouser-dupatta-ef14-26-beige
KJC-LU-ALK-10373,ALK,Alkaram,LU,https://alkaramstudio.com/products/rts-shirt-trouser-dupatta-ef13-26-teal
KJC-LU-ALK-10374,ALK,Alkaram,LU,https://alkaramstudio.com/products/rts-shirt-trouser-dupatta-ef13-26-light-blue
KJC-LU-ALK-10375,ALK,Alkaram,LU,https://alkaramstudio.com/products/rts-shirt-trouser-dupatta-ef12-26-grey
KJC-LU-ALK-10376,ALK,Alkaram,LU,https://alkaramstudio.com/products/rts-shirt-trouser-dupatta-ef12-26-green
KJC-LU-ALK-10377,ALK,Alkaram,LU,https://alkaramstudio.com/products/rts-shirt-trouser-dupatta-efl-100-3p25-mint
KJC-LU-ALK-10378,ALK,Alkaram,LU,https://alkaramstudio.com/products/rts-shirt-trouser-dupatta-efl-100-3p25-sky
KJC-LU-ALK-10379,ALK,Alkaram,LU,https://alkaramstudio.com/products/rts-shirt-trouser-dupatta-efl-98-3p25-yellow
KJC-LU-ALK-10380,ALK,Alkaram,LU,https://alkaramstudio.com/products/rts-shirt-trouser-dupatta-efl-97-3p25-off-white
KJC-LU-ALK-10381,ALK,Alkaram,LU,https://alkaramstudio.com/products/rts-shirt-trouser-dupatta-efl-97-3p25-brown
KJC-LU-ALK-10382,ALK,Alkaram,LU,https://alkaramstudio.com/products/rts-shirt-trouser-dupatta-es-94-3p25-off-white
KJC-LU-ALK-10383,ALK,Alkaram,LU,https://alkaramstudio.com/products/rts-shirt-trouser-dupatta-efl-88-3p25-light-opink
KJC-LU-ALK-10384,ALK,Alkaram,LU,https://alkaramstudio.com/products/rts-shirt-trouser-dupatta-efl-88-3p25-peach
KJC-LU-ALK-10385,ALK,Alkaram,LU,https://alkaramstudio.com/products/rts-shirt-trouser-dupatta-efl-83-3p25-coral
KJC-LU-ALK-10386,ALK,Alkaram,LU,https://alkaramstudio.com/products/rts-shirt-trouser-dupatta-efl-83-3p25-blue
KJC-LU-ALK-10387,ALK,Alkaram,LU,https://alkaramstudio.com/products/rts-shirt-trouser-dupatta-efl-82-3p25-dark-blue
KJC-LU-ALK-10388,ALK,Alkaram,LU,https://alkaramstudio.com/products/rts-shirt-trouser-dupatta-efl-82-3p25-sage-green
KJC-LU-ALK-10389,ALK,Alkaram,LU,https://alkaramstudio.com/products/rts-shirt-trouser-dupatta-efl-81-3p25-brown
KJC-LU-ALK-10390,ALK,Alkaram,LU,https://alkaramstudio.com/products/rts-shirt-trouser-dupatta-efl-81-3p25-sky-blue
KJC-LU-ALK-10391,ALK,Alkaram,LU,https://alkaramstudio.com/products/rts-shirt-trouser-dupatta-efl-80-3p25-peach
KJC-LU-ALK-10392,ALK,Alkaram,LU,https://alkaramstudio.com/products/rts-shirt-trouser-dupatta-efl-78-3p25-red
KJC-LU-ALK-10393,ALK,Alkaram,LU,https://alkaramstudio.com/products/rts-shirt-trouser-dupatta-efl-78-3p25-blue
KJC-LU-ALK-10394,ALK,Alkaram,LU,https://alkaramstudio.com/products/rts-shirt-trouser-dupatta-efl-77-3p25-red
KJC-LU-ALK-10395,ALK,Alkaram,LU,https://alkaramstudio.com/products/rts-shirt-trouser-dupatta-efl-76-3p25-yellow
KJC-LU-ALK-10396,ALK,Alkaram,LU,https://alkaramstudio.com/products/rts-shirt-trouser-dupatta-es-75-3p25-light-green
KJC-LU-ALK-10397,ALK,Alkaram,LU,https://alkaramstudio.com/products/rts-shirt-trouser-dupatta-efl-74-3p25-beige
KJC-LU-ALK-10398,ALK,Alkaram,LU,https://alkaramstudio.com/products/rts-shirt-trouser-dupatta-efl-73-3p25-blue
KJC-LU-ALK-10399,ALK,Alkaram,LU,https://alkaramstudio.com/products/rts-shirt-trouser-dupatta-efl-73-3p25-purple
KJC-LU-ALK-10400,ALK,Alkaram,LU,https://alkaramstudio.com/products/rts-shirt-trouser-dupatta-efl-72-3p25-sage-green
KJC-LU-ALK-10401,ALK,Alkaram,LU,https://alkaramstudio.com/products/rts-shirt-trouser-dupatta-efl-71-3p25-green
KJC-LU-ALK-10402,ALK,Alkaram,LU,https://alkaramstudio.com/products/rts-shirt-trouser-dupatta-efl-71-3p25-brown
KJC-LU-ALK-10403,ALK,Alkaram,LU,https://alkaramstudio.com/products/rts-shirt-trouser-dupatta-efl-70-3p25-blue
KJC-LU-ALK-10404,ALK,Alkaram,LU,https://alkaramstudio.com/products/rts-shirt-trouser-dupatta-efl-70-3p25-maroon
KJC-LU-ALK-10405,ALK,Alkaram,LU,https://alkaramstudio.com/products/rts-shirt-trouser-dupatta-efl-69-3p25-blue
KJC-LU-ALK-10406,ALK,Alkaram,LU,https://alkaramstudio.com/products/rts-shirt-trouser-dupatta-efl-69-3p25-green
KJC-LU-ALK-10407,ALK,Alkaram,LU,https://alkaramstudio.com/products/rts-shirt-trouser-dupatta-efl-68-3p25-blue
KJC-LU-ALK-10408,ALK,Alkaram,LU,https://alkaramstudio.com/products/rts-shirt-trouser-dupatta-es-68-3p25-cream
KJC-LU-ALK-10409,ALK,Alkaram,LU,https://alkaramstudio.com/products/rts-shirt-trouser-dupatta-efl-66-3p25-grey
KJC-LU-ALK-10410,ALK,Alkaram,LU,https://alkaramstudio.com/products/rts-shirt-trouser-dupatta-efl-66-3p25-pink
KJC-LU-ALK-10411,ALK,Alkaram,LU,https://alkaramstudio.com/products/rts-shirt-trouser-dupatta-efl-64-3p25-grey
KJC-LU-ALK-10412,ALK,Alkaram,LU,https://alkaramstudio.com/products/rts-shirt-trouser-dupatta-efl-63-3p25-black
KJC-LU-ALK-10413,ALK,Alkaram,LU,https://alkaramstudio.com/products/rts-shirt-trouser-dupatta-efl-62-3p25-coral
KJC-LU-ALK-10414,ALK,Alkaram,LU,https://alkaramstudio.com/products/rts-shirt-trouser-dupatta-efl-59-3p25-cream
KJC-LU-ALK-10415,ALK,Alkaram,LU,https://alkaramstudio.com/products/rts-shirt-trouser-dupatta-efl-59-3p25-beige
KJC-LU-ALK-10416,ALK,Alkaram,LU,https://alkaramstudio.com/products/rts-shirt-trouser-dupatta-efl-58-3p25-pink
KJC-LU-ALK-10417,ALK,Alkaram,LU,https://alkaramstudio.com/products/rts-shirt-trouser-dupatta-efl-58-3p25-grey
KJC-LU-ALK-10418,ALK,Alkaram,LU,https://alkaramstudio.com/products/rts-shirt-trouser-dupatta-efl-57-3p25-grey
KJC-LU-ALK-10419,ALK,Alkaram,LU,https://alkaramstudio.com/products/rts-shirt-trouser-dupatta-efl-56-3p25-blue
KJC-LU-ALK-10420,ALK,Alkaram,LU,https://alkaramstudio.com/products/rts-shirt-trouser-dupatta-efl-56-3p25-light-blue
KJC-LU-ALK-10421,ALK,Alkaram,LU,https://alkaramstudio.com/products/rts-shirt-trouser-dupatta-efl-53-3p25-blue
KJC-LU-ALK-10422,ALK,Alkaram,LU,https://alkaramstudio.com/products/rts-shirt-trouser-dupatta-efl-53-3p25-sage-green
KJC-LU-ALK-10423,ALK,Alkaram,LU,https://alkaramstudio.com/products/rts-shirt-trouser-dupatta-efl-51-3p25-light-purple
KJC-LU-ALK-10424,ALK,Alkaram,LU,https://alkaramstudio.com/products/rts-shirt-trouser-dupatta-efl-48-3p25-red
KJC-LU-ALK-10425,ALK,Alkaram,LU,https://alkaramstudio.com/products/rts-shirt-trouser-dupatta-efl-48-3p25-green
KJC-LU-ALK-10426,ALK,Alkaram,LU,https://alkaramstudio.com/products/rts-shirt-trouser-dupatta-efl-47-3p25-green
KJC-LU-ALK-10427,ALK,Alkaram,LU,https://alkaramstudio.com/products/rts-shirt-trouser-dupatta-efl-46-3p25-cream
KJC-LU-ALK-10428,ALK,Alkaram,LU,https://alkaramstudio.com/products/rts-shirt-trouser-dupatta-efl-44-3p25-brown
KJC-LU-ALK-10429,ALK,Alkaram,LU,https://alkaramstudio.com/products/rts-shirt-trouser-dupatta-efl-44-3p25-light-pink
KJC-LU-ALK-10430,ALK,Alkaram,LU,https://alkaramstudio.com/products/rts-shirt-trouser-dupatta-efl-43-3p25-black
KJC-LU-ALK-10431,ALK,Alkaram,LU,https://alkaramstudio.com/products/rts-shirt-trouser-dupatta-es-43-3p25-white
KJC-LU-ALK-10432,ALK,Alkaram,LU,https://alkaramstudio.com/products/rts-shirt-trouser-dupatta-efl-42-3p25-peach
KJC-LU-ALK-10433,ALK,Alkaram,LU,https://alkaramstudio.com/products/rts-shirt-trouser-dupatta-efl-40-3p25-black
KJC-LU-ALK-10434,ALK,Alkaram,LU,https://alkaramstudio.com/products/rts-shirt-trouser-dupatta-efl-38-3p25-blue
KJC-LU-ALK-10435,ALK,Alkaram,LU,https://alkaramstudio.com/products/rts-shirt-trouser-dupatta-efl-38-3p25-mint-green
KJC-LU-ALK-10436,ALK,Alkaram,LU,https://alkaramstudio.com/products/rts-shirt-trouser-dupatta-efl-36-3p25-light-pink
KJC-LU-ALK-10437,ALK,Alkaram,LU,https://alkaramstudio.com/products/rts-shirt-trouser-dupatta-efl-36-3p25-mint-green
KJC-LU-ALK-10438,ALK,Alkaram,LU,https://alkaramstudio.com/products/rts-shirt-trouser-dupatta-efl-34-3p25-purple
KJC-LU-ALK-10439,ALK,Alkaram,LU,https://alkaramstudio.com/products/rts-shirt-trouser-dupatta-efl-34-3p25-blue
KJC-LU-ALK-10440,ALK,Alkaram,LU,https://alkaramstudio.com/products/rts-shirt-trouser-dupatta-efl-32-3p25-yellow
KJC-LU-ALK-10441,ALK,Alkaram,LU,https://alkaramstudio.com/products/rts-shirt-trouser-dupatta-efl-32-3p25-black
KJC-LU-ALK-10442,ALK,Alkaram,LU,https://alkaramstudio.com/products/rts-shirt-trouser-dupatta-efl-30-3p25-blue
KJC-LU-ALK-10443,ALK,Alkaram,LU,https://alkaramstudio.com/products/rts-shirt-trouser-dupatta-efl-29-3p25-peach
KJC-LU-ALK-10444,ALK,Alkaram,LU,https://alkaramstudio.com/products/rts-shirt-trouser-dupatta-efl-28-3p25-off-white
KJC-LU-ALK-10445,ALK,Alkaram,LU,https://alkaramstudio.com/products/rts-shirt-trouser-dupatta-efl-28-3p25-cream
KJC-LU-ALK-10446,ALK,Alkaram,LU,https://alkaramstudio.com/products/rts-shirt-trouser-dupatta-efl-25-3p25-off-white
KJC-LU-ALK-10447,ALK,Alkaram,LU,https://alkaramstudio.com/products/rts-shirt-trouser-dupatta-efl-24-3p25-peach
KJC-LU-ALK-10448,ALK,Alkaram,LU,https://alkaramstudio.com/products/rts-shirt-trouser-dupatta-efl-24-3p25-off-white
KJC-LU-ALK-10449,ALK,Alkaram,LU,https://alkaramstudio.com/products/rts-shirt-trouser-dupatta-efl-22-3p25-blue
KJC-LU-ALK-10450,ALK,Alkaram,LU,https://alkaramstudio.com/products/rts-shirt-trouser-dupatta-efl-20-3p25-blue
KJC-LU-ALK-10451,ALK,Alkaram,LU,https://alkaramstudio.com/products/rts-shirt-trouser-dupatta-efl-20-3p25-rust
KJC-LU-ALK-10452,ALK,Alkaram,LU,https://alkaramstudio.com/products/rts-shirt-trouser-dupatta-efl-18-3p25-mint-green
KJC-LU-ALK-10453,ALK,Alkaram,LU,https://alkaramstudio.com/products/rts-shirt-trouser-dupatta-efl-18-3p25-pink
KJC-LU-ALK-10454,ALK,Alkaram,LU,https://alkaramstudio.com/products/rts-shirt-trouser-dupatta-efl-17-3p25-off-white
KJC-LU-ALK-10455,ALK,Alkaram,LU,https://alkaramstudio.com/products/rts-shirt-trouser-dupatta-efl-16-3p25-turquoise
KJC-LU-ALK-10456,ALK,Alkaram,LU,https://alkaramstudio.com/products/rts-shirt-trouser-dupatta-efl-15-3p25-off-white
KJC-LU-ALK-10457,ALK,Alkaram,LU,https://alkaramstudio.com/products/rts-shirt-trouser-dupatta-efl-14-3p25-green
KJC-LU-ALK-10458,ALK,Alkaram,LU,https://alkaramstudio.com/products/rts-shirt-trouser-dupatta-efl-14-3p25-maroon
KJC-LU-ALK-10459,ALK,Alkaram,LU,https://alkaramstudio.com/products/rts-shirt-trouser-dupatta-efl-13-3p25-brown
KJC-LU-ALK-10460,ALK,Alkaram,LU,https://alkaramstudio.com/products/rts-shirt-trouser-dupatta-efl-13-3p25-off-white
KJC-LU-ALK-10461,ALK,Alkaram,LU,https://alkaramstudio.com/products/rts-shirt-trouser-dupatta-efl-11-3p25-peach
KJC-LU-ALK-10462,ALK,Alkaram,LU,https://alkaramstudio.com/products/rts-shirt-trouser-dupatta-efl-09-3p25-blue
KJC-LU-ALK-10463,ALK,Alkaram,LU,https://alkaramstudio.com/products/rts-shirt-trouser-dupatta-efl-07-3p25-green
KJC-LU-ALK-10464,ALK,Alkaram,LU,https://alkaramstudio.com/products/rts-shirt-trouser-dupatta-efl-07-3p25-beige
KJC-LU-ALK-10465,ALK,Alkaram,LU,https://alkaramstudio.com/products/rts-shirt-trouser-dupatta-efl-06-3p25-peach
KJC-LU-ALK-10466,ALK,Alkaram,LU,https://alkaramstudio.com/products/rts-shirt-trouser-dupatta-es-04-3p25-sea-green
KJC-LU-ALK-10467,ALK,Alkaram,LU,https://alkaramstudio.com/products/rts-shirt-trouser-dupatta-efl-03-3p25-sage-green
KJC-LU-ALK-10468,ALK,Alkaram,LU,https://alkaramstudio.com/products/rts-shirt-trouser-dupatta-efl-03-3p25-light-purple
KJC-LU-ALK-10469,ALK,Alkaram,LU,https://alkaramstudio.com/products/rts-shirt-trouser-dupatta-efl-02-3p25-green
KJC-LU-ALK-10470,ALK,Alkaram,LU,https://alkaramstudio.com/products/rts-shirt-dupatta-br38-2p26-turquoise
KJC-LU-ALK-10471,ALK,Alkaram,LU,https://alkaramstudio.com/products/rts-shirt-dupatta-br37-2p26-teal-green
KJC-LU-ALK-10472,ALK,Alkaram,LU,https://alkaramstudio.com/products/rts-shirt-dupatta-br36-2p26-pale-yellow
KJC-LU-ALK-10473,ALK,Alkaram,LU,https://alkaramstudio.com/products/rts-shirt-dupatta-br34-2p26-navy-blue
KJC-LU-ALK-10474,ALK,Alkaram,LU,https://alkaramstudio.com/products/rts-shirt-dupatta-br32-2p26-sage-green
KJC-LU-ALK-10475,ALK,Alkaram,LU,https://alkaramstudio.com/products/rts-shirt-dupatta-br31-2p26-light-pink
KJC-LU-ALK-10476,ALK,Alkaram,LU,https://alkaramstudio.com/products/rts-shirt-dupatta-br30-2p26-coral-peech
KJC-LU-ALK-10477,ALK,Alkaram,LU,https://alkaramstudio.com/products/rts-shirt-dupatta-br29-2p26-light-green
KJC-LU-ALK-10478,ALK,Alkaram,LU,https://alkaramstudio.com/products/rts-shirt-dupatta-bd42-2p26-white
KJC-LU-ALK-10479,ALK,Alkaram,LU,https://alkaramstudio.com/products/rts-shirt-dupatta-bd41-2p26-beige
KJC-LU-ALK-10480,ALK,Alkaram,LU,https://alkaramstudio.com/products/rts-shirt-dupatta-bd40-2p26-beige
KJC-LU-ALK-10481,ALK,Alkaram,LU,https://alkaramstudio.com/products/rts-shirt-dupatta-bd39-2p26-light-blue
KJC-LU-ALK-10482,ALK,Alkaram,LU,https://alkaramstudio.com/products/rts-shirt-trouser-br53-2p26-grey
KJC-LU-ALK-10483,ALK,Alkaram,LU,https://alkaramstudio.com/products/rts-shirt-trouser-br48-2p26-lime-yellow
KJC-LU-ALK-10484,ALK,Alkaram,LU,https://alkaramstudio.com/products/rts-shirt-trouser-bd58-2p26-baige
KJC-LU-ALK-10485,ALK,Alkaram,LU,https://alkaramstudio.com/products/rts-shirt-trouser-bd55-2p26-beige
KJC-LU-ALK-10486,ALK,Alkaram,LU,https://alkaramstudio.com/products/rts-shirt-trouser-bd54-2p26-light-grey
KJC-LU-ALK-10487,ALK,Alkaram,LU,https://alkaramstudio.com/products/rts-shirt-br20-26-light-green
KJC-LU-ALK-10488,ALK,Alkaram,LU,https://alkaramstudio.com/products/rts-shirt-br17-26-black
KJC-LU-ALK-10489,ALK,Alkaram,LU,https://alkaramstudio.com/products/rts-shirt-br15-26-grey
KJC-LU-ALK-10490,ALK,Alkaram,LU,https://alkaramstudio.com/products/rts-shirt-br14-26-coral
KJC-LU-ALK-10491,ALK,Alkaram,LU,https://alkaramstudio.com/products/rts-shirt-br11-26-light-coral
KJC-LU-ALK-10492,ALK,Alkaram,LU,https://alkaramstudio.com/products/rts-shirt-br09-26-yellow
KJC-LU-ALK-10493,ALK,Alkaram,LU,https://alkaramstudio.com/products/rts-shirt-br06-26-beige
KJC-LU-ALK-10494,ALK,Alkaram,LU,https://alkaramstudio.com/products/rts-shirt-br03-26-pink
KJC-LU-ALK-10495,ALK,Alkaram,LU,https://alkaramstudio.com/products/rts-shirt-br02-26-dusty-coral
KJC-LU-ALK-10496,ALK,Alkaram,LU,https://alkaramstudio.com/products/rts-shirt-bd28-26-turquoize
KJC-LU-ALK-10497,ALK,Alkaram,LU,https://alkaramstudio.com/products/rts-shirt-bd26-26-beige
KJC-LU-ALK-10498,ALK,Alkaram,LU,https://alkaramstudio.com/products/rts-shirt-bd25-26-light-green
KJC-LU-ALK-10499,ALK,Alkaram,LU,https://alkaramstudio.com/products/rts-shirt-bd24-26-purple
KJC-LU-ALK-10500,ALK,Alkaram,LU,https://alkaramstudio.com/products/rts-shirt-bd23-26-purple
KJC-LU-ALK-10501,ALK,Alkaram,LU,https://alkaramstudio.com/products/rts-shirt-bd22-26-yellow
KJC-LU-ALK-10502,ALK,Alkaram,LU,https://alkaramstudio.com/products/rts-shirt-bd21-26-off-white
KJC-LU-ALK-10503,ALK,Alkaram,LU,https://alkaramstudio.com/products/rts-shirt-dupatta-slr-164-25-7-green
KJC-LU-ALK-10504,ALK,Alkaram,LU,https://alkaramstudio.com/products/rts-shirt-slr-120-25-7-blue
KJC-LU-ALK-10505,ALK,Alkaram,LU,https://alkaramstudio.com/products/rts-shirt-trouser-dupatta-lw-16-25-red
KJC-LU-ALK-10506,ALK,Alkaram,LU,https://alkaramstudio.com/products/rts-shirt-trouser-dupatta-lw-15-25-sage-green
KJC-LU-ALK-10507,ALK,Alkaram,LU,https://alkaramstudio.com/products/rts-shirt-trouser-dupatta-lw-14-25-butter-yellow
KJC-LU-ALK-10508,ALK,Alkaram,LU,https://alkaramstudio.com/products/rts-shirt-trouser-dupatta-lw-13-25-rouge-pink
KJC-LU-ALK-10509,ALK,Alkaram,LU,https://alkaramstudio.com/products/rts-shirt-trouser-dupatta-lw-11-25-peach
KJC-LU-ALK-10510,ALK,Alkaram,LU,https://alkaramstudio.com/products/rts-shirt-trouser-dupatta-lw-10-25-navy-blue
KJC-LU-ALK-10511,ALK,Alkaram,LU,https://alkaramstudio.com/products/rts-shirt-trouser-dupatta-lw-07-25-off-white
KJC-LU-ALK-10512,ALK,Alkaram,LU,https://alkaramstudio.com/products/rts-shirt-trouser-dupatta-lw-05-25-ice-blue
KJC-LU-ALK-10513,ALK,Alkaram,LU,https://alkaramstudio.com/products/rts-shirt-trouser-dupatta-lw-04-25-maroon
KJC-LU-ALK-10514,ALK,Alkaram,LU,https://alkaramstudio.com/products/rts-shirt-trouser-dupatta-lw-03-25-black
KJC-LU-ALK-10515,ALK,Alkaram,LU,https://alkaramstudio.com/products/rts-shirt-trouser-dupatta-v-6-25-olive
KJC-LU-ALK-10516,ALK,Alkaram,LU,https://alkaramstudio.com/products/rts-shirt-trouser-dupatta-v-4-25-black
KJC-LU-ALK-10517,ALK,Alkaram,LU,https://alkaramstudio.com/products/rts-shirt-trouser-dupatta-v-3-25-grey
KJC-LU-ALK-10518,ALK,Alkaram,LU,https://alkaramstudio.com/products/rts-shirt-trouser-dupatta-v-1-25-maroon
KJC-LU-ALK-10519,ALK,Alkaram,LU,https://alkaramstudio.com/products/rts-shirt-dupatta-f3-7c-25-light-blue
KJC-LU-ALK-10520,ALK,Alkaram,LU,https://alkaramstudio.com/products/rts-shirt-trouser-dupatta-sl-08-25-blush-pink
KJC-LU-ALK-10521,ALK,Alkaram,LU,https://alkaramstudio.com/products/rts-shirt-trouser-dupatta-sl-07-25-pale-peach
KJC-LU-ALK-10522,ALK,Alkaram,LU,https://alkaramstudio.com/products/rts-shirt-trouser-dupatta-sl-04-25-forest-sage
KJC-LU-ALK-10523,ALK,Alkaram,LU,https://alkaramstudio.com/products/rts-shirt-trouser-dupatta-sl-02-25-mint-green
KJC-LU-ALK-10524,ALK,Alkaram,LU,https://alkaramstudio.com/products/rts-shirt-slr-82-25-6-teal
KJC-LU-ALK-10525,ALK,Alkaram,LU,https://alkaramstudio.com/products/3-piece-printed-lawn-suit-with-printed-chiffon-dupatta-ss-10-25-1-orange-multi
KJC-LU-ALK-10526,ALK,Alkaram,LU,https://alkaramstudio.com/products/3-pc-printed-khaddar-suit-with-printed-khaddar-dupatta-flrw-18-1-22-multi
KJC-LU-ALK-10527,ALK,Alkaram,LU,https://alkaramstudio.com/products/2-pc-embroidered-lawn-suit-with-lawn-dupatta-61504
KJC-LU-ALK-10528,ALK,Alkaram,LU,https://alkaramstudio.com/products/2-pc-digital-lawn-suit-with-digital-cotton-net-dupatta
KJC-LU-ALK-10529,ALK,Alkaram,LU,https://alkaramstudio.com/products/place-mat-tbmt-13-red
KJC-LU-ASJ-10530,ASJ,Asim Jofa,LU,https://asimjofa.com/products/ajuub-02-printed-lawn-3-pcs
KJC-LU-ASJ-10531,ASJ,Asim Jofa,LU,https://asimjofa.com/products/ajuub-03-printed-lawn-3-pcs
KJC-LU-ASJ-10532,ASJ,Asim Jofa,LU,https://asimjofa.com/products/ajuub-04-printed-lawn-3-pcs
KJC-LU-ASJ-10533,ASJ,Asim Jofa,LU,https://asimjofa.com/products/ajuub-05-printed-lawn-3-pcs
KJC-LU-ASJ-10534,ASJ,Asim Jofa,LU,https://asimjofa.com/products/ajuub-06-printed-lawn-3-pcs
KJC-LU-ASJ-10535,ASJ,Asim Jofa,LU,https://asimjofa.com/products/ajuub-07-printed-lawn-3-pcs
KJC-LU-ASJ-10536,ASJ,Asim Jofa,LU,https://asimjofa.com/products/ajuub-08-printed-lawn-3-pcs
KJC-LU-ASJ-10537,ASJ,Asim Jofa,LU,https://asimjofa.com/products/ajuub-09-printed-lawn-3-pcs
KJC-LU-ASJ-10538,ASJ,Asim Jofa,LU,https://asimjofa.com/products/ajuub-10-printed-lawn-3-pcs
KJC-LU-ASJ-10539,ASJ,Asim Jofa,LU,https://asimjofa.com/products/ajuub-11-printed-lawn-3-pcs
KJC-LU-ASJ-10540,ASJ,Asim Jofa,LU,https://asimjofa.com/products/ajuub-12-printed-lawn-3-pcs
KJC-LU-ASJ-10541,ASJ,Asim Jofa,LU,https://asimjofa.com/products/ajuub-14-printed-lawn-3-pcs
KJC-LU-ASJ-10542,ASJ,Asim Jofa,LU,https://asimjofa.com/products/ajuub-15-printed-lawn-3-pcs
KJC-LU-ASJ-10543,ASJ,Asim Jofa,LU,https://asimjofa.com/products/ajuub-16-printed-lawn-3-pcs
KJC-LU-ASJ-10544,ASJ,Asim Jofa,LU,https://asimjofa.com/products/ajuub-17-printed-lawn-3-pcs
KJC-LU-ASJ-10545,ASJ,Asim Jofa,LU,https://asimjofa.com/products/ajuub-18-printed-lawn-3-pcs
KJC-LU-ASJ-10546,ASJ,Asim Jofa,LU,https://asimjofa.com/products/ajuub-19-printed-lawn-3-pcs
KJC-LU-ASJ-10547,ASJ,Asim Jofa,LU,https://asimjofa.com/products/ajuub-20-printed-lawn-3-pcs
KJC-LU-ASJ-10548,ASJ,Asim Jofa,LU,https://asimjofa.com/products/ajuub-01-printed-lawn-3-pcs
KJC-LU-ASJ-10549,ASJ,Asim Jofa,LU,https://asimjofa.com/products/ajuub-13-printed-lawn-3-pcs
KJC-LU-ASJ-10550,ASJ,Asim Jofa,LU,https://asimjofa.com/products/ajuub-21-printed-lawn-3-pc
KJC-LU-ASJ-10551,ASJ,Asim Jofa,LU,https://asimjofa.com/products/ajuub-22-printed-lawn-3-pc
KJC-LU-ASJ-10552,ASJ,Asim Jofa,LU,https://asimjofa.com/products/ajuub-23-printed-lawn-3-pc
KJC-LU-ASJ-10553,ASJ,Asim Jofa,LU,https://asimjofa.com/products/ajuub-24-printed-lawn-3-pc
KJC-LU-ASJ-10554,ASJ,Asim Jofa,LU,https://asimjofa.com/products/ajuub-25-printed-lawn-3-pc
KJC-LU-ASJ-10555,ASJ,Asim Jofa,LU,https://asimjofa.com/products/ajuub-26-printed-lawn-3-pc
KJC-LU-ASJ-10556,ASJ,Asim Jofa,LU,https://asimjofa.com/products/ajuub-27-printed-lawn-3-pc
KJC-LU-ASJ-10557,ASJ,Asim Jofa,LU,https://asimjofa.com/products/ajuub-28-printed-lawn-3-pc
KJC-LU-ASJ-10558,ASJ,Asim Jofa,LU,https://asimjofa.com/products/ajuub-29-printed-lawn-3-pc
KJC-LU-ASJ-10559,ASJ,Asim Jofa,LU,https://asimjofa.com/products/ajuub-30-printed-lawn-3-pc
KJC-LU-ASJ-10560,ASJ,Asim Jofa,LU,https://asimjofa.com/products/ajuub-31-printed-lawn-3-pc
KJC-LU-ASJ-10561,ASJ,Asim Jofa,LU,https://asimjofa.com/products/ajuub-32-printed-lawn-3-pc
KJC-LU-ASJ-10562,ASJ,Asim Jofa,LU,https://asimjofa.com/products/ajuub-33-printed-lawn-3-pc
KJC-LU-ASJ-10563,ASJ,Asim Jofa,LU,https://asimjofa.com/products/ajuub-34-printed-lawn-3-pc
KJC-LU-ASJ-10564,ASJ,Asim Jofa,LU,https://asimjofa.com/products/ajuub-35-printed-lawn-3-pc
KJC-LU-ASJ-10565,ASJ,Asim Jofa,LU,https://asimjofa.com/products/ajuub-36-printed-lawn-3-pc
KJC-LU-ASJ-10566,ASJ,Asim Jofa,LU,https://asimjofa.com/products/ajuub-37-printed-lawn-3-pc
KJC-LU-ASJ-10567,ASJ,Asim Jofa,LU,https://asimjofa.com/products/ajuub-38-printed-lawn-3-pc
KJC-LU-ASJ-10568,ASJ,Asim Jofa,LU,https://asimjofa.com/products/ajuub-39-printed-lawn-3-pc
KJC-LU-ASJ-10569,ASJ,Asim Jofa,LU,https://asimjofa.com/products/ajuub-40-printed-lawn-3-pc
KJC-LU-ASJ-10570,ASJ,Asim Jofa,LU,https://asimjofa.com/products/ajubj-02-printed-embroidered-lawn-3-pc
KJC-LU-ASJ-10571,ASJ,Asim Jofa,LU,https://asimjofa.com/products/ajmch-12-embroidered-lawn-unstitched-3-pcs
KJC-LU-ASJ-10572,ASJ,Asim Jofa,LU,https://asimjofa.com/products/ajubu-26-printed-embroidered-lawn-3-pcs
KJC-LU-ASJ-10573,ASJ,Asim Jofa,LU,https://asimjofa.com/products/ajmch-08-embroidered-cambric-unstitched-3-pcs
KJC-LU-ASJ-10574,ASJ,Asim Jofa,LU,https://asimjofa.com/products/ajubf-32-embroidered-dobby-3-pcs
KJC-LU-ASJ-10575,ASJ,Asim Jofa,LU,https://asimjofa.com/products/ajubf-17-embroidered-dobby-3-pcs
KJC-LU-ASJ-10576,ASJ,Asim Jofa,LU,https://asimjofa.com/products/ajubf-16-embroidered-dobby-3-pcs
KJC-LU-ASJ-10577,ASJ,Asim Jofa,LU,https://asimjofa.com/products/ajubu-13-printed-embroidered-lawn-3-pcs
KJC-LU-ASJ-10578,ASJ,Asim Jofa,LU,https://asimjofa.com/products/ajubu-06-embroidered-jacquard-3-pcs
KJC-LU-ASJ-10579,ASJ,Asim Jofa,LU,https://asimjofa.com/products/ajmch-13-digital-printed-lawn-unstitched-2-pcs
KJC-LU-ASJ-10580,ASJ,Asim Jofa,LU,https://asimjofa.com/products/ajubf-55-digital-printed-lawn-2-pcs
KJC-LU-ASJ-10581,ASJ,Asim Jofa,LU,https://asimjofa.com/products/ajubf-56-digital-printed-lawn-2-pcs
KJC-LU-ASJ-10582,ASJ,Asim Jofa,LU,https://asimjofa.com/products/ajubf-54-digital-printed-lawn-2-pcs
KJC-LU-ASJ-10583,ASJ,Asim Jofa,LU,https://asimjofa.com/products/ajubj-28-printed-lawn-3-pc
KJC-LU-ASJ-10584,ASJ,Asim Jofa,LU,https://asimjofa.com/products/ajubj-51-printed-lawn-3-pc
KJC-LU-ASJ-10585,ASJ,Asim Jofa,LU,https://asimjofa.com/products/ajubf-88-digital-printed-lawn-3-pcs
KJC-LU-ASJ-10586,ASJ,Asim Jofa,LU,https://asimjofa.com/products/ajubf-90-digital-printed-lawn-3-pcs
KJC-LU-ASJ-10587,ASJ,Asim Jofa,LU,https://asimjofa.com/products/ajmch-10-embroidered-lawn-unstitched-2-pcs
KJC-LU-ASJ-10588,ASJ,Asim Jofa,LU,https://asimjofa.com/products/ajmch-14-printed-lawn-unstitched-2-pcs
KJC-LU-ASJ-10589,ASJ,Asim Jofa,LU,https://asimjofa.com/products/ajmch-15-digital-printed-lawn-unstitched-2-pcs
KJC-LU-ASJ-10590,ASJ,Asim Jofa,LU,https://asimjofa.com/products/ajubu-08-embroidered-lawn-2-pcs
KJC-LU-ASJ-10591,ASJ,Asim Jofa,LU,https://asimjofa.com/products/ajmch-16-digital-printed-lawn-unstitched-3-pcs
KJC-LU-ASJ-10592,ASJ,Asim Jofa,LU,https://asimjofa.com/products/ajubu-18-printed-embroidered-lawn-2-pcs
KJC-LU-ASJ-10593,ASJ,Asim Jofa,LU,https://asimjofa.com/products/ajubu-19-printed-embroidered-lawn-2-pcs
KJC-LU-ASJ-10594,ASJ,Asim Jofa,LU,https://asimjofa.com/products/ajubj-16-printed-lawn-3-pcs
KJC-LU-ASJ-10595,ASJ,Asim Jofa,LU,https://asimjofa.com/products/ajubj-17-printed-lawn-3-pcs
KJC-LU-ASJ-10596,ASJ,Asim Jofa,LU,https://asimjofa.com/products/ajubj-18-printed-lawn-3-pcs
KJC-LU-ASJ-10597,ASJ,Asim Jofa,LU,https://asimjofa.com/products/ajubj-19-printed-lawn-3-pcs
KJC-LU-ASJ-10598,ASJ,Asim Jofa,LU,https://asimjofa.com/products/ajubj-20-printed-lawn-3-pcs
KJC-LU-ASJ-10599,ASJ,Asim Jofa,LU,https://asimjofa.com/products/ajubj-21-printed-lawn-3-pcs
KJC-LU-ASJ-10600,ASJ,Asim Jofa,LU,https://asimjofa.com/products/ajubf-53-digital-printed-lawn-2-pcs
KJC-LU-ASJ-10601,ASJ,Asim Jofa,LU,https://asimjofa.com/products/ajubj-22-printed-lawn-3-pcs
KJC-LU-ASJ-10602,ASJ,Asim Jofa,LU,https://asimjofa.com/products/ajubj-23-printed-lawn-3-pcs
KJC-LU-ASJ-10603,ASJ,Asim Jofa,LU,https://asimjofa.com/products/ajubj-36-printed-lawn-3-pcs
KJC-LU-ASJ-10604,ASJ,Asim Jofa,LU,https://asimjofa.com/products/ajubj-37-printed-lawn-3-pcs
KJC-LU-ASJ-10605,ASJ,Asim Jofa,LU,https://asimjofa.com/products/ajubj-38-printed-lawn-3-pcs
KJC-LU-ASJ-10606,ASJ,Asim Jofa,LU,https://asimjofa.com/products/ajubj-39-printed-lawn-3-pcs
KJC-LU-ASJ-10607,ASJ,Asim Jofa,LU,https://asimjofa.com/products/ajubj-40-printed-lawn-3-pcs
KJC-LU-ASJ-10608,ASJ,Asim Jofa,LU,https://asimjofa.com/products/ajubj-41-printed-lawn-3-pcs
KJC-LU-ASJ-10609,ASJ,Asim Jofa,LU,https://asimjofa.com/products/ajubj-42-printed-lawn-3-pcs
KJC-LU-ASJ-10610,ASJ,Asim Jofa,LU,https://asimjofa.com/products/ajubj-24-printed-lawn-3-pc
KJC-LU-ASJ-10611,ASJ,Asim Jofa,LU,https://asimjofa.com/products/ajubj-25-printed-lawn-3-pc
KJC-LU-ASJ-10612,ASJ,Asim Jofa,LU,https://asimjofa.com/products/ajubj-26-printed-lawn-3-pc
KJC-LU-ASJ-10613,ASJ,Asim Jofa,LU,https://asimjofa.com/products/ajubj-27-printed-lawn-3-pc
KJC-LU-ASJ-10614,ASJ,Asim Jofa,LU,https://asimjofa.com/products/ajubj-29-printed-lawn-3-pc
KJC-LU-ASJ-10615,ASJ,Asim Jofa,LU,https://asimjofa.com/products/ajubj-30-printed-lawn-3-pc
KJC-LU-ASJ-10616,ASJ,Asim Jofa,LU,https://asimjofa.com/products/ajubj-31-printed-lawn-3-pc
KJC-LU-ASJ-10617,ASJ,Asim Jofa,LU,https://asimjofa.com/products/ajubj-32-printed-lawn-3-pc
KJC-LU-ASJ-10618,ASJ,Asim Jofa,LU,https://asimjofa.com/products/ajubj-33-printed-lawn-3-pc
KJC-LU-ASJ-10619,ASJ,Asim Jofa,LU,https://asimjofa.com/products/ajubj-34-printed-lawn-3-pc
KJC-LU-ASJ-10620,ASJ,Asim Jofa,LU,https://asimjofa.com/products/ajubj-35-printed-lawn-3-pc
KJC-LU-ASJ-10621,ASJ,Asim Jofa,LU,https://asimjofa.com/products/ajubj-43-printed-lawn-3-pc
KJC-LU-ASJ-10622,ASJ,Asim Jofa,LU,https://asimjofa.com/products/ajubj-44-printed-lawn-3-pc
KJC-LU-ASJ-10623,ASJ,Asim Jofa,LU,https://asimjofa.com/products/ajubj-45-printed-lawn-3-pc
KJC-LU-ASJ-10624,ASJ,Asim Jofa,LU,https://asimjofa.com/products/ajubj-46-printed-lawn-3-pc
KJC-LU-ASJ-10625,ASJ,Asim Jofa,LU,https://asimjofa.com/products/ajubj-47-printed-lawn-3-pc
KJC-LU-ASJ-10626,ASJ,Asim Jofa,LU,https://asimjofa.com/products/ajubj-48-printed-lawn-3-pc
KJC-LU-ASJ-10627,ASJ,Asim Jofa,LU,https://asimjofa.com/products/ajubj-49-printed-lawn-3-pc
KJC-LU-ASJ-10628,ASJ,Asim Jofa,LU,https://asimjofa.com/products/ajubj-50-printed-lawn-3-pc
KJC-LU-ASJ-10629,ASJ,Asim Jofa,LU,https://asimjofa.com/products/ajubj-52-printed-lawn-3-pc
KJC-LU-ASJ-10630,ASJ,Asim Jofa,LU,https://asimjofa.com/products/ajubj-53-printed-lawn-3-pc
KJC-LU-ASJ-10631,ASJ,Asim Jofa,LU,https://asimjofa.com/products/ajubj-54-printed-lawn-3-pc
KJC-LU-ASJ-10632,ASJ,Asim Jofa,LU,https://asimjofa.com/products/ajubj-55-printed-lawn-3-pc
KJC-LU-ASJ-10633,ASJ,Asim Jofa,LU,https://asimjofa.com/products/ajubf-76-digital-printed-lawn-3-pcs
KJC-LU-ASJ-10634,ASJ,Asim Jofa,LU,https://asimjofa.com/products/ajubf-77-digital-printed-lawn-3-pcs
KJC-LU-ASJ-10635,ASJ,Asim Jofa,LU,https://asimjofa.com/products/ajubf-87-digital-printed-lawn-3-pcs
KJC-LU-ASJ-10636,ASJ,Asim Jofa,LU,https://asimjofa.com/products/ajubf-89-digital-printed-lawn-3-pcs
KJC-LU-ASJ-10637,ASJ,Asim Jofa,LU,https://asimjofa.com/products/ajubf-91-digital-printed-lawn-3-pcs
KJC-LU-ASJ-10638,ASJ,Asim Jofa,LU,https://asimjofa.com/products/ajubu-17-printed-embroidered-lawn-2-pcs
KJC-LU-ASJ-10639,ASJ,Asim Jofa,LU,https://asimjofa.com/products/ajmch-11-embroidered-lawn-unstitched-2-pcs
KJC-LU-ASJ-10640,ASJ,Asim Jofa,LU,https://asimjofa.com/products/ajubu-15-printed-embroidered-lawn-2-pcs
KJC-LU-ASJ-10641,ASJ,Asim Jofa,LU,https://asimjofa.com/products/ajubu-16-printed-embroidered-lawn-2-pcs
KJC-LU-ASJ-10642,ASJ,Asim Jofa,LU,https://asimjofa.com/products/ajubf-71-digital-printed-lawn-3-pcs
KJC-LU-ASJ-10643,ASJ,Asim Jofa,LU,https://asimjofa.com/products/ajubf-73-digital-printed-lawn-3-pcs
KJC-LU-ASJ-10644,ASJ,Asim Jofa,LU,https://asimjofa.com/products/ajubu-10-printed-embroidered-lawn-2-pcs
KJC-LU-ASJ-10645,ASJ,Asim Jofa,LU,https://asimjofa.com/products/ajmch-18-digital-printed-lawn-unstitched-3-pcs
KJC-LU-ASJ-10646,ASJ,Asim Jofa,LU,https://asimjofa.com/products/ajubu-14-printed-lawn-3-pcs
KJC-LU-ASJ-10647,ASJ,Asim Jofa,LU,https://asimjofa.com/products/ajubu-31-printed-lawn-3-pcs
KJC-LU-ASJ-10648,ASJ,Asim Jofa,LU,https://asimjofa.com/products/ajubu-34-digital-printed-lawn-3-pcs
KJC-LU-ASJ-10649,ASJ,Asim Jofa,LU,https://asimjofa.com/products/ajubj-01-printed-embroidered-lawn-3-pc
KJC-LU-ASJ-10650,ASJ,Asim Jofa,LU,https://asimjofa.com/products/ajubj-03-printed-embroidered-lawn-3-pc
KJC-LU-ASJ-10651,ASJ,Asim Jofa,LU,https://asimjofa.com/products/ajubj-04-printed-embroidered-lawn-3-pc
KJC-LU-ASJ-10652,ASJ,Asim Jofa,LU,https://asimjofa.com/products/ajubj-05-printed-embroidered-lawn-3-pc
KJC-LU-ASJ-10653,ASJ,Asim Jofa,LU,https://asimjofa.com/products/ajubj-06-printed-embroidered-lawn-3-pc
KJC-LU-ASJ-10654,ASJ,Asim Jofa,LU,https://asimjofa.com/products/ajubj-07-printed-embroidered-lawn-3-pc
KJC-LU-ASJ-10655,ASJ,Asim Jofa,LU,https://asimjofa.com/products/ajubj-08-printed-embroidered-lawn-3-pc
KJC-LU-ASJ-10656,ASJ,Asim Jofa,LU,https://asimjofa.com/products/ajubj-09-printed-embroidered-lawn-3-pc
KJC-LU-ASJ-10657,ASJ,Asim Jofa,LU,https://asimjofa.com/products/ajubj-10-printed-embroidered-lawn-3-pc
KJC-LU-ASJ-10658,ASJ,Asim Jofa,LU,https://asimjofa.com/products/ajubu-09-printed-embroidered-lawn-2-pcs
KJC-LU-ASJ-10659,ASJ,Asim Jofa,LU,https://asimjofa.com/products/ajubu-28-printed-lawn-3-pcs
KJC-LU-ASJ-10660,ASJ,Asim Jofa,LU,https://asimjofa.com/products/ajubu-30-printed-lawn-3-pcs
KJC-LU-ASJ-10661,ASJ,Asim Jofa,LU,https://asimjofa.com/products/ajubu-23-printed-embroidered-lawn-3-pcs
KJC-LU-ASJ-10662,ASJ,Asim Jofa,LU,https://asimjofa.com/products/ajubu-24-printed-embroidered-lawn-3-pcs
KJC-LU-ASJ-10663,ASJ,Asim Jofa,LU,https://asimjofa.com/products/ajubu-22-printed-embroidered-lawn-3-pcs
KJC-LU-ASJ-10664,ASJ,Asim Jofa,LU,https://asimjofa.com/products/ajmch-05-embroidered-lawn-unstitched-3-pcs
KJC-LU-ASJ-10665,ASJ,Asim Jofa,LU,https://asimjofa.com/products/ajmch-06-embroidered-lawn-unstitched-3-pcs
KJC-LU-ASJ-10666,ASJ,Asim Jofa,LU,https://asimjofa.com/products/ajmch-01-embroidered-cambric-unstitched-3-pcs
KJC-LU-ASJ-10667,ASJ,Asim Jofa,LU,https://asimjofa.com/products/ajmch-02-embroidered-cambric-unstitched-3-pcs
KJC-LU-ASJ-10668,ASJ,Asim Jofa,LU,https://asimjofa.com/products/ajmch-04-embroidered-cambric-unstitched-3-pcs
KJC-LU-ASJ-10669,ASJ,Asim Jofa,LU,https://asimjofa.com/products/ajmch-09-embroidered-cambric-unstitched-3-pcs
KJC-LU-ASJ-10670,ASJ,Asim Jofa,LU,https://asimjofa.com/products/ajubj-13-printed-embroidered-lawn-3-pc
KJC-LU-ASJ-10671,ASJ,Asim Jofa,LU,https://asimjofa.com/products/ajubj-14-printed-embroidered-lawn-3-pc
KJC-LU-ASJ-10672,ASJ,Asim Jofa,LU,https://asimjofa.com/products/ajubj-15-printed-embroidered-lawn-3-pc
KJC-LU-ASJ-10673,ASJ,Asim Jofa,LU,https://asimjofa.com/products/ajubu-07-embroidered-lawn-3-pcs
KJC-LU-ASJ-10674,ASJ,Asim Jofa,LU,https://asimjofa.com/products/ajubu-11-printed-embroidered-lawn-3-pcs
KJC-LU-ASJ-10675,ASJ,Asim Jofa,LU,https://asimjofa.com/products/ajubj-11-printed-embroidered-lawn-3-pc
KJC-LU-ASJ-10676,ASJ,Asim Jofa,LU,https://asimjofa.com/products/ajubj-12-printed-embroidered-lawn-3-pc
KJC-LU-ASJ-10677,ASJ,Asim Jofa,LU,https://asimjofa.com/products/ajubu-03-embroidered-jacquard-3-pcs
KJC-LU-ASJ-10678,ASJ,Asim Jofa,LU,https://asimjofa.com/products/ajubu-01-embroidered-jacquard-3-pcs
KJC-LU-ASJ-10679,ASJ,Asim Jofa,LU,https://asimjofa.com/products/ajubu-02-embroidered-jacquard-3-pcs
KJC-LU-ASJ-10680,ASJ,Asim Jofa,LU,https://asimjofa.com/products/ajubu-05-embroidered-jacquard-3-pcs
KJC-LU-ASJ-10681,ASJ,Asim Jofa,LU,https://asimjofa.com/products/ajubu-04-embroidered-jacquard-3-pcs
KJC-LU-ASJ-10682,ASJ,Asim Jofa,LU,https://asimjofa.com/products/ajmj-13
KJC-LU-ASJ-10683,ASJ,Asim Jofa,LU,https://asimjofa.com/products/ajmj-09
KJC-LU-ASJ-10684,ASJ,Asim Jofa,LU,https://asimjofa.com/products/ajmj-06
KJC-LU-ASJ-10685,ASJ,Asim Jofa,LU,https://asimjofa.com/products/ajcf-04
KJC-LU-ASJ-10686,ASJ,Asim Jofa,LU,https://asimjofa.com/products/ajmj-25
KJC-LU-ASJ-10687,ASJ,Asim Jofa,LU,https://asimjofa.com/products/ajcf-20
KJC-LU-ASJ-10688,ASJ,Asim Jofa,LU,https://asimjofa.com/products/ajmj-15
KJC-LU-ASJ-10689,ASJ,Asim Jofa,LU,https://asimjofa.com/products/ajcf-29
KJC-LU-ASJ-10690,ASJ,Asim Jofa,LU,https://asimjofa.com/products/ajcf-18
KJC-LU-ASJ-10691,ASJ,Asim Jofa,LU,https://asimjofa.com/products/ajcf-22
KJC-LU-ASJ-10692,ASJ,Asim Jofa,LU,https://asimjofa.com/products/ajcf-25
KJC-LU-ASJ-10693,ASJ,Asim Jofa,LU,https://asimjofa.com/products/ajcf-05
KJC-LU-ASJ-10694,ASJ,Asim Jofa,LU,https://asimjofa.com/products/ajmj-17
KJC-LU-ASJ-10695,ASJ,Asim Jofa,LU,https://asimjofa.com/products/ajcf-13
KJC-LU-ASJ-10696,ASJ,Asim Jofa,LU,https://asimjofa.com/products/ajcd-21
KJC-LU-ASJ-10697,ASJ,Asim Jofa,LU,https://asimjofa.com/products/ajmj-10
KJC-LU-ASJ-10698,ASJ,Asim Jofa,LU,https://asimjofa.com/products/ajmj-30
KJC-LU-ASJ-10699,ASJ,Asim Jofa,LU,https://asimjofa.com/products/ajcf-28
KJC-LU-ASJ-10700,ASJ,Asim Jofa,LU,https://asimjofa.com/products/ajmj-07
KJC-LU-ASJ-10701,ASJ,Asim Jofa,LU,https://asimjofa.com/products/ajmj-03
KJC-LU-ASJ-10702,ASJ,Asim Jofa,LU,https://asimjofa.com/products/ajcd-04
KJC-LU-ASJ-10703,ASJ,Asim Jofa,LU,https://asimjofa.com/products/ajmj-12
KJC-LU-ASJ-10704,ASJ,Asim Jofa,LU,https://asimjofa.com/products/ajcf-17
KJC-LU-ASJ-10705,ASJ,Asim Jofa,LU,https://asimjofa.com/products/ajmj-20
KJC-LU-ASJ-10706,ASJ,Asim Jofa,LU,https://asimjofa.com/products/ajmj-22
KJC-LU-ASJ-10707,ASJ,Asim Jofa,LU,https://asimjofa.com/products/ajcf-09
KJC-LU-ASJ-10708,ASJ,Asim Jofa,LU,https://asimjofa.com/products/ajcf-12
KJC-LU-ASJ-10709,ASJ,Asim Jofa,LU,https://asimjofa.com/products/ajcf-30
KJC-LU-ASJ-10710,ASJ,Asim Jofa,LU,https://asimjofa.com/products/ajcf-21
KJC-LU-ASJ-10711,ASJ,Asim Jofa,LU,https://asimjofa.com/products/ajcf-11
KJC-LU-ASJ-10712,ASJ,Asim Jofa,LU,https://asimjofa.com/products/ajmj-28
KJC-LU-ASJ-10713,ASJ,Asim Jofa,LU,https://asimjofa.com/products/ajmj-11
KJC-LU-ASJ-10714,ASJ,Asim Jofa,LU,https://asimjofa.com/products/ajcd-30
KJC-LU-ASJ-10715,ASJ,Asim Jofa,LU,https://asimjofa.com/products/ajcf-02
KJC-LU-ASJ-10716,ASJ,Asim Jofa,LU,https://asimjofa.com/products/ajcd-03
KJC-LU-ASJ-10717,ASJ,Asim Jofa,LU,https://asimjofa.com/products/ajmj-14
KJC-LU-ASJ-10718,ASJ,Asim Jofa,LU,https://asimjofa.com/products/ajmj-27
KJC-LU-ASJ-10719,ASJ,Asim Jofa,LU,https://asimjofa.com/products/ajcd-20
KJC-LU-ASJ-10720,ASJ,Asim Jofa,LU,https://asimjofa.com/products/ajmj-01
KJC-LU-ASJ-10721,ASJ,Asim Jofa,LU,https://asimjofa.com/products/ajcf-27
KJC-LU-ASJ-10722,ASJ,Asim Jofa,LU,https://asimjofa.com/products/ajmj-19
KJC-LU-ASJ-10723,ASJ,Asim Jofa,LU,https://asimjofa.com/products/ajcf-15
KJC-LU-ASJ-10724,ASJ,Asim Jofa,LU,https://asimjofa.com/products/ajcd-09
KJC-LU-ASJ-10725,ASJ,Asim Jofa,LU,https://asimjofa.com/products/ajmj-18
KJC-LU-ASJ-10726,ASJ,Asim Jofa,LU,https://asimjofa.com/products/ajcd-24
KJC-LU-ASJ-10727,ASJ,Asim Jofa,LU,https://asimjofa.com/products/ajcf-23
KJC-LU-ASJ-10728,ASJ,Asim Jofa,LU,https://asimjofa.com/products/ajcd-12
KJC-LU-ASJ-10729,ASJ,Asim Jofa,LU,https://asimjofa.com/products/ajcd-29
KJC-LU-ASJ-10730,ASJ,Asim Jofa,LU,https://asimjofa.com/products/ajcd-11
KJC-LU-ASJ-10731,ASJ,Asim Jofa,LU,https://asimjofa.com/products/ajcd-26
KJC-LU-ASJ-10732,ASJ,Asim Jofa,LU,https://asimjofa.com/products/ajcd-17
KJC-LU-ASJ-10733,ASJ,Asim Jofa,LU,https://asimjofa.com/products/ajem-15
KJC-LU-ASJ-10734,ASJ,Asim Jofa,LU,https://asimjofa.com/products/ajcd-23
KJC-LU-ASJ-10735,ASJ,Asim Jofa,LU,https://asimjofa.com/products/ajcf-19
KJC-LU-ASJ-10736,ASJ,Asim Jofa,LU,https://asimjofa.com/products/ajcf-03
KJC-LU-ASJ-10737,ASJ,Asim Jofa,LU,https://asimjofa.com/products/ajem-17
KJC-LU-ASJ-10738,ASJ,Asim Jofa,LU,https://asimjofa.com/products/ajcd-07
KJC-LU-ASJ-10739,ASJ,Asim Jofa,LU,https://asimjofa.com/products/ajcd-28
KJC-LU-ASJ-10740,ASJ,Asim Jofa,LU,https://asimjofa.com/products/ajmj-02
KJC-LU-ASJ-10741,ASJ,Asim Jofa,LU,https://asimjofa.com/products/ajem-19
KJC-LU-ASJ-10742,ASJ,Asim Jofa,LU,https://asimjofa.com/products/ajcd-10
KJC-LU-ASJ-10743,ASJ,Asim Jofa,LU,https://asimjofa.com/products/ajmj-29
KJC-LU-ASJ-10744,ASJ,Asim Jofa,LU,https://asimjofa.com/products/ajcf-26
KJC-LU-ASJ-10745,ASJ,Asim Jofa,LU,https://asimjofa.com/products/ajem-21
KJC-LU-ASJ-10746,ASJ,Asim Jofa,LU,https://asimjofa.com/products/ajem-08
KJC-LU-ASJ-10747,ASJ,Asim Jofa,LU,https://asimjofa.com/products/ajcd-01
KJC-LU-ASJ-10748,ASJ,Asim Jofa,LU,https://asimjofa.com/products/ajem-05
KJC-LU-ASJ-10749,ASJ,Asim Jofa,LU,https://asimjofa.com/products/ajcd-05
KJC-LU-ASJ-10750,ASJ,Asim Jofa,LU,https://asimjofa.com/products/ajcd-19
KJC-LU-ASJ-10751,ASJ,Asim Jofa,LU,https://asimjofa.com/products/ajem-13
KJC-LU-ASJ-10752,ASJ,Asim Jofa,LU,https://asimjofa.com/products/ajmj-05
KJC-LU-ASJ-10753,ASJ,Asim Jofa,LU,https://asimjofa.com/products/ajem-18
KJC-LU-ASJ-10754,ASJ,Asim Jofa,LU,https://asimjofa.com/products/ajem-25
KJC-LU-ASJ-10755,ASJ,Asim Jofa,LU,https://asimjofa.com/products/ajcd-06
KJC-LU-ASJ-10756,ASJ,Asim Jofa,LU,https://asimjofa.com/products/ajmj-23
KJC-LU-ASJ-10757,ASJ,Asim Jofa,LU,https://asimjofa.com/products/ajem-01
KJC-LU-ASJ-10758,ASJ,Asim Jofa,LU,https://asimjofa.com/products/ajem-11
KJC-LU-ASJ-10759,ASJ,Asim Jofa,LU,https://asimjofa.com/products/ajcd-13
KJC-LU-ASJ-10760,ASJ,Asim Jofa,LU,https://asimjofa.com/products/ajem-22
KJC-LU-ASJ-10761,ASJ,Asim Jofa,LU,https://asimjofa.com/products/ajem-06
KJC-LU-ASJ-10762,ASJ,Asim Jofa,LU,https://asimjofa.com/products/ajmj-26
KJC-LU-ASJ-10763,ASJ,Asim Jofa,LU,https://asimjofa.com/products/ajem-16
KJC-LU-ASJ-10764,ASJ,Asim Jofa,LU,https://asimjofa.com/products/ajcd-25
KJC-LU-ASJ-10765,ASJ,Asim Jofa,LU,https://asimjofa.com/products/ajmj-04
KJC-LU-ASJ-10766,ASJ,Asim Jofa,LU,https://asimjofa.com/products/ajcd-27
KJC-LU-ASJ-10767,ASJ,Asim Jofa,LU,https://asimjofa.com/products/ajem-14
KJC-LU-ASJ-10768,ASJ,Asim Jofa,LU,https://asimjofa.com/products/ajcd-18
KJC-LU-ASJ-10769,ASJ,Asim Jofa,LU,https://asimjofa.com/products/ajem-23
KJC-LU-ASJ-10770,ASJ,Asim Jofa,LU,https://asimjofa.com/products/ajcd-08
KJC-LU-ASJ-10771,ASJ,Asim Jofa,LU,https://asimjofa.com/products/ajem-04
KJC-LU-ASJ-10772,ASJ,Asim Jofa,LU,https://asimjofa.com/products/ajem-02
KJC-LU-ASJ-10773,ASJ,Asim Jofa,LU,https://asimjofa.com/products/ajem-10
KJC-LU-ASJ-10774,ASJ,Asim Jofa,LU,https://asimjofa.com/products/ajem-09
KJC-LU-ASJ-10775,ASJ,Asim Jofa,LU,https://asimjofa.com/products/ajcf-01
KJC-LU-ASJ-10776,ASJ,Asim Jofa,LU,https://asimjofa.com/products/ajcf-10
KJC-LU-ASJ-10777,ASJ,Asim Jofa,LU,https://asimjofa.com/products/ajcf-07
KJC-LU-ASJ-10778,ASJ,Asim Jofa,LU,https://asimjofa.com/products/ajem-20
KJC-LU-ASJ-10779,ASJ,Asim Jofa,LU,https://asimjofa.com/products/ajmj-21
KJC-LU-ASJ-10780,ASJ,Asim Jofa,LU,https://asimjofa.com/products/ajem-12
KJC-LU-ASJ-10781,ASJ,Asim Jofa,LU,https://asimjofa.com/products/ajem-07
KJC-LU-ASJ-10782,ASJ,Asim Jofa,LU,https://asimjofa.com/products/ajem-24
KJC-LU-ASJ-10783,ASJ,Asim Jofa,LU,https://asimjofa.com/products/ajmj-24
KJC-LU-ASJ-10784,ASJ,Asim Jofa,LU,https://asimjofa.com/products/ajcd-15
KJC-LU-ASJ-10785,ASJ,Asim Jofa,LU,https://asimjofa.com/products/ajem-03
KJC-LU-ASJ-10786,ASJ,Asim Jofa,LU,https://asimjofa.com/products/ajfile-19-cambric-3-pcs
KJC-LU-ASJ-10787,ASJ,Asim Jofa,LU,https://asimjofa.com/products/ajjj-12
KJC-LU-ASJ-10788,ASJ,Asim Jofa,LU,https://asimjofa.com/products/ajur-02
KJC-LU-ASJ-10789,ASJ,Asim Jofa,LU,https://asimjofa.com/products/ajjj-06
KJC-LU-ASJ-10790,ASJ,Asim Jofa,LU,https://asimjofa.com/products/ajur-05
KJC-LU-ASJ-10791,ASJ,Asim Jofa,LU,https://asimjofa.com/products/ajfile-29-cambric-3-pcs
KJC-LU-ASJ-10792,ASJ,Asim Jofa,LU,https://asimjofa.com/products/ajur-03
KJC-LU-ASJ-10793,ASJ,Asim Jofa,LU,https://asimjofa.com/products/ajur-09
KJC-LU-ASJ-10794,ASJ,Asim Jofa,LU,https://asimjofa.com/products/ajjj-10
KJC-LU-ASJ-10795,ASJ,Asim Jofa,LU,https://asimjofa.com/products/ajjj-11
KJC-LU-ASJ-10796,ASJ,Asim Jofa,LU,https://asimjofa.com/products/ajur-06
KJC-LU-ASJ-10797,ASJ,Asim Jofa,LU,https://asimjofa.com/products/ajjj-09
KJC-LU-ASJ-10798,ASJ,Asim Jofa,LU,https://asimjofa.com/products/ajcr-01-embroidered-chiffon-3-pcs
KJC-LU-ASJ-10799,ASJ,Asim Jofa,LU,https://asimjofa.com/products/ajjj-07
KJC-LU-ASJ-10800,ASJ,Asim Jofa,LU,https://asimjofa.com/products/ajur-07
KJC-LU-ASJ-10801,ASJ,Asim Jofa,LU,https://asimjofa.com/products/ajur-04
KJC-LU-ASJ-10802,ASJ,Asim Jofa,LU,https://asimjofa.com/products/ajjj-05
KJC-LU-ASJ-10803,ASJ,Asim Jofa,LU,https://asimjofa.com/products/ajur-12
KJC-LU-ASJ-10804,ASJ,Asim Jofa,LU,https://asimjofa.com/products/ajyv-04-embroidered-chiffon-3-pcs
KJC-LU-ASJ-10805,ASJ,Asim Jofa,LU,https://asimjofa.com/products/ajjj-03
KJC-LU-ASJ-10806,ASJ,Asim Jofa,LU,https://asimjofa.com/products/ajyv-10-embroidered-chiffon-3-pcs
KJC-LU-ASJ-10807,ASJ,Asim Jofa,LU,https://asimjofa.com/products/ajur-11
KJC-LU-ASJ-10808,ASJ,Asim Jofa,LU,https://asimjofa.com/products/ajjj-08
KJC-LU-ASJ-10809,ASJ,Asim Jofa,LU,https://asimjofa.com/products/ajur-10
KJC-LU-ASJ-10810,ASJ,Asim Jofa,LU,https://asimjofa.com/products/ajur-01
KJC-LU-ASJ-10811,ASJ,Asim Jofa,LU,https://asimjofa.com/products/ajjj-04
KJC-LU-ASJ-10812,ASJ,Asim Jofa,LU,https://asimjofa.com/products/ajcr-04-embroidered-chiffon-3-pcs
KJC-LU-ASJ-10813,ASJ,Asim Jofa,LU,https://asimjofa.com/products/ajur-08
KJC-LU-ASJ-10814,ASJ,Asim Jofa,LU,https://asimjofa.com/products/ajyv-08-embroidered-net-3-pcs
KJC-LU-ASJ-10815,ASJ,Asim Jofa,LU,https://asimjofa.com/products/ajcr-08-embroidered-net-3-pcs
KJC-LU-ASJ-10816,ASJ,Asim Jofa,LU,https://asimjofa.com/products/ajyv-01-embroidered-net-3-pcs
KJC-LU-ASJ-10817,ASJ,Asim Jofa,LU,https://asimjofa.com/products/ajyv-09-embroidered-chiffon-3-pcs
KJC-LU-ASJ-10818,ASJ,Asim Jofa,LU,https://asimjofa.com/products/ajfile-21-cambric-3-pcs
KJC-LU-ASJ-10819,ASJ,Asim Jofa,LU,https://asimjofa.com/products/ajfile-06-cambric-3-pcs
KJC-LU-ASJ-10820,ASJ,Asim Jofa,LU,https://asimjofa.com/products/ajfile-26-cambric-3-pcs
KJC-LU-ASJ-10821,ASJ,Asim Jofa,LU,https://asimjofa.com/products/ajyv-02-embroidered-chiffon-3-pcs
KJC-LU-ASJ-10822,ASJ,Asim Jofa,LU,https://asimjofa.com/products/ajjj-01
KJC-LU-ASJ-10823,ASJ,Asim Jofa,LU,https://asimjofa.com/products/ajyv-07-embroidered-chiffon-3-pcs
KJC-LU-ASJ-10824,ASJ,Asim Jofa,LU,https://asimjofa.com/products/ajcr-07-embroidered-chiffon-3-pcs
KJC-LU-ASJ-10825,ASJ,Asim Jofa,LU,https://asimjofa.com/products/ajfile-18-cambric-3-pcs
KJC-LU-ASJ-10826,ASJ,Asim Jofa,LU,https://asimjofa.com/products/ajkb-09-embroidered-chiffon-3-pcs
KJC-LU-ASJ-10827,ASJ,Asim Jofa,LU,https://asimjofa.com/products/ajkb-02-embroidered-net-3-pcs
KJC-LU-ASJ-10828,ASJ,Asim Jofa,LU,https://asimjofa.com/products/ajcr-05-embroidered-chiffon-3-pcs
KJC-LU-ASJ-10829,ASJ,Asim Jofa,LU,https://asimjofa.com/products/ajfile-13-cambric-3-pcs
KJC-LU-ASJ-10830,ASJ,Asim Jofa,LU,https://asimjofa.com/products/ajfile-10-cambric-3-pcs
KJC-LU-ASJ-10831,ASJ,Asim Jofa,LU,https://asimjofa.com/products/ajyv-06-embroidered-chiffon-3-pcs
KJC-LU-ASJ-10832,ASJ,Asim Jofa,LU,https://asimjofa.com/products/ajfile-07-cambric-3-pcs
KJC-LU-ASJ-10833,ASJ,Asim Jofa,LU,https://asimjofa.com/products/ajkb-04-embroidered-net-3-pcs
KJC-LU-ASJ-10834,ASJ,Asim Jofa,LU,https://asimjofa.com/products/ajcr-10-embroidered-net-3-pcs
KJC-LU-ASJ-10835,ASJ,Asim Jofa,LU,https://asimjofa.com/products/ajkb-12-embroidered-chiffon-3-pcs
KJC-LU-ASJ-10836,ASJ,Asim Jofa,LU,https://asimjofa.com/products/ajfile-20-cambric-3-pcs
KJC-LU-ASJ-10837,ASJ,Asim Jofa,LU,https://asimjofa.com/products/ajcr-03-embroidered-net-3-pcs
KJC-LU-ASJ-10838,ASJ,Asim Jofa,LU,https://asimjofa.com/products/ajcr-02-embroidered-chiffon-3-pcs
KJC-LU-ASJ-10839,ASJ,Asim Jofa,LU,https://asimjofa.com/products/ajcr-09-embroidered-net-3-pcs
KJC-LU-ASJ-10840,ASJ,Asim Jofa,LU,https://asimjofa.com/products/ajkb-05-embroidered-chiffon-3-pcs
KJC-LU-ASJ-10841,ASJ,Asim Jofa,LU,https://asimjofa.com/products/ajfile-16-cambric-3-pcs
KJC-LU-ASJ-10842,ASJ,Asim Jofa,LU,https://asimjofa.com/products/ajkb-07-embroidered-net-3-pcs
KJC-LU-ASJ-10843,ASJ,Asim Jofa,LU,https://asimjofa.com/products/ajyv-03-embroidered-net-3-pcs
KJC-LU-ASJ-10844,ASJ,Asim Jofa,LU,https://asimjofa.com/products/ajkb-10-embroidered-chiffon-3-pcs
KJC-LU-ASJ-10845,ASJ,Asim Jofa,LU,https://asimjofa.com/products/ajkb-06-embroidered-chiffon-3-pcs
KJC-LU-ASJ-10846,ASJ,Asim Jofa,LU,https://asimjofa.com/products/ajkb-11-embroidered-chiffon-3-pcs
KJC-LU-ASJ-10847,ASJ,Asim Jofa,LU,https://asimjofa.com/products/ajkb-03-embroidered-net-3-pcs
KJC-LU-ASJ-10848,ASJ,Asim Jofa,LU,https://asimjofa.com/products/ajkb-08-embroidered-chiffon-3-pcs
KJC-LU-ASJ-10849,ASJ,Asim Jofa,LU,https://asimjofa.com/products/ajmj-16
KJC-LU-ASJ-10850,ASJ,Asim Jofa,LU,https://asimjofa.com/products/ajmj-08
KJC-LU-ASJ-10851,ASJ,Asim Jofa,LU,https://asimjofa.com/products/ajcf-24
KJC-LU-ASJ-10852,ASJ,Asim Jofa,LU,https://asimjofa.com/products/ajcf-06
KJC-LU-ASJ-10853,ASJ,Asim Jofa,LU,https://asimjofa.com/products/ajcf-08
KJC-LU-ASJ-10854,ASJ,Asim Jofa,LU,https://asimjofa.com/products/ajcf-16
KJC-LU-ASJ-10855,ASJ,Asim Jofa,LU,https://asimjofa.com/products/ajcf-14
KJC-LU-ASJ-10856,ASJ,Asim Jofa,LU,https://asimjofa.com/products/ajcd-16
KJC-LU-ASJ-10857,ASJ,Asim Jofa,LU,https://asimjofa.com/products/ajcd-22
KJC-LU-ASJ-10858,ASJ,Asim Jofa,LU,https://asimjofa.com/products/ajyv-05-embroidered-chiffon-3-pcs
KJC-LU-ASJ-10859,ASJ,Asim Jofa,LU,https://asimjofa.com/products/ajcr-06-embroidered-chiffon-3-pcs
KJC-LU-ASJ-10860,ASJ,Asim Jofa,LU,https://asimjofa.com/products/ajcd-02
KJC-LU-ASJ-10861,ASJ,Asim Jofa,LU,https://asimjofa.com/products/ajfile-28-cambric-3-pcs
KJC-LU-ASJ-10862,ASJ,Asim Jofa,LU,https://asimjofa.com/products/ajfile-04-cambric-3-pcs
KJC-LU-ASJ-10863,ASJ,Asim Jofa,LU,https://asimjofa.com/products/ajjj-02
KJC-LU-ASJ-10864,ASJ,Asim Jofa,LU,https://asimjofa.com/products/ajfile-01-cambric-3-pcs
KJC-LU-ASJ-10865,ASJ,Asim Jofa,LU,https://asimjofa.com/products/ajkb-01-embroidered-net-3-pcs
KJC-LU-ASJ-10866,ASJ,Asim Jofa,LU,https://asimjofa.com/products/ajcd-14
KJC-LU-ASJ-10867,ASJ,Asim Jofa,LU,https://asimjofa.com/products/ajab-08
KJC-LU-ASJ-10868,ASJ,Asim Jofa,LU,https://asimjofa.com/products/ajvf-03
KJC-LU-ASJ-10869,ASJ,Asim Jofa,LU,https://asimjofa.com/products/ajvf-02
KJC-LU-ASJ-10870,ASJ,Asim Jofa,LU,https://asimjofa.com/products/ajvf-01
KJC-LU-ASJ-10871,ASJ,Asim Jofa,LU,https://asimjofa.com/products/ajmm-12
KJC-LU-ASJ-10872,ASJ,Asim Jofa,LU,https://asimjofa.com/products/ajmm-11
KJC-LU-ASJ-10873,ASJ,Asim Jofa,LU,https://asimjofa.com/products/ajmm-10
KJC-LU-ASJ-10874,ASJ,Asim Jofa,LU,https://asimjofa.com/products/ajmm-07
KJC-LU-ASJ-10875,ASJ,Asim Jofa,LU,https://asimjofa.com/products/ajmm-06
KJC-LU-ASJ-10876,ASJ,Asim Jofa,LU,https://asimjofa.com/products/ajmm-05
KJC-LU-ASJ-10877,ASJ,Asim Jofa,LU,https://asimjofa.com/products/ajmm-02
KJC-LU-ASJ-10878,ASJ,Asim Jofa,LU,https://asimjofa.com/products/ajmm-01
KJC-LU-ASJ-10879,ASJ,Asim Jofa,LU,https://asimjofa.com/products/ajvf-08
KJC-LU-ASJ-10880,ASJ,Asim Jofa,LU,https://asimjofa.com/products/ajvf-06
KJC-LU-ASJ-10881,ASJ,Asim Jofa,LU,https://asimjofa.com/products/ajvf-05
KJC-LU-ASJ-10882,ASJ,Asim Jofa,LU,https://asimjofa.com/products/ajkt-09
KJC-LU-ASJ-10883,ASJ,Asim Jofa,LU,https://asimjofa.com/products/ajkt-02
KJC-LU-ASJ-10884,ASJ,Asim Jofa,LU,https://asimjofa.com/products/ajbk-08
KJC-LU-ASJ-10885,ASJ,Asim Jofa,LU,https://asimjofa.com/products/ajbk-04
KJC-LU-ASJ-10886,ASJ,Asim Jofa,LU,https://asimjofa.com/products/ajbk-02
KJC-LU-ASJ-10887,ASJ,Asim Jofa,LU,https://asimjofa.com/products/ajab-23
KJC-LU-ASJ-10888,ASJ,Asim Jofa,LU,https://asimjofa.com/products/ajab-20
KJC-LU-ASJ-10889,ASJ,Asim Jofa,LU,https://asimjofa.com/products/ajab-19
KJC-LU-ASJ-10890,ASJ,Asim Jofa,LU,https://asimjofa.com/products/ajab-18
KJC-LU-ASJ-10891,ASJ,Asim Jofa,LU,https://asimjofa.com/products/ajab-16
KJC-LU-ASJ-10892,ASJ,Asim Jofa,LU,https://asimjofa.com/products/ajab-15
KJC-LU-ASJ-10893,ASJ,Asim Jofa,LU,https://asimjofa.com/products/ajab-14
KJC-LU-ASJ-10894,ASJ,Asim Jofa,LU,https://asimjofa.com/products/ajab-13
KJC-LU-ASJ-10895,ASJ,Asim Jofa,LU,https://asimjofa.com/products/ajab-10
KJC-LU-ASJ-10896,ASJ,Asim Jofa,LU,https://asimjofa.com/products/ajab-09
KJC-LU-ASJ-10897,ASJ,Asim Jofa,LU,https://asimjofa.com/products/ajab-07
KJC-LU-ASJ-10898,ASJ,Asim Jofa,LU,https://asimjofa.com/products/ajab-06
KJC-LU-ASJ-10899,ASJ,Asim Jofa,LU,https://asimjofa.com/products/ajcc-04
KJC-LU-ASJ-10900,ASJ,Asim Jofa,LU,https://asimjofa.com/products/ajcc-02
KJC-LU-ASJ-10901,ASJ,Asim Jofa,LU,https://asimjofa.com/products/ajcc-01
KJC-LU-ASJ-10902,ASJ,Asim Jofa,LU,https://asimjofa.com/products/ajsw-27
KJC-LU-ASJ-10903,ASJ,Asim Jofa,LU,https://asimjofa.com/products/ajsw-25
KJC-LU-ASJ-10904,ASJ,Asim Jofa,LU,https://asimjofa.com/products/ajsw-22
KJC-LU-ASJ-10905,ASJ,Asim Jofa,LU,https://asimjofa.com/products/ajsw-20
KJC-LU-ASJ-10906,ASJ,Asim Jofa,LU,https://asimjofa.com/products/ajsw-19
KJC-LU-ASJ-10907,ASJ,Asim Jofa,LU,https://asimjofa.com/products/ajlr-29
KJC-LU-ASJ-10908,ASJ,Asim Jofa,LU,https://asimjofa.com/products/ajlr-28
KJC-LU-ASJ-10909,ASJ,Asim Jofa,LU,https://asimjofa.com/products/ajlr-24
KJC-LU-ASJ-10910,ASJ,Asim Jofa,LU,https://asimjofa.com/products/ajlr-22
KJC-LU-ASJ-10911,ASJ,Asim Jofa,LU,https://asimjofa.com/products/ajlr-19
KJC-LU-ASJ-10912,ASJ,Asim Jofa,LU,https://asimjofa.com/products/ajlr-18
KJC-LU-ASJ-10913,ASJ,Asim Jofa,LU,https://asimjofa.com/products/ajlr-11
KJC-LU-ASJ-10914,ASJ,Asim Jofa,LU,https://asimjofa.com/products/ajlr-09
KJC-LU-ASJ-10915,ASJ,Asim Jofa,LU,https://asimjofa.com/products/ajfc-09
KJC-LU-ASJ-10916,ASJ,Asim Jofa,LU,https://asimjofa.com/products/ajsw-13
KJC-LU-ASJ-10917,ASJ,Asim Jofa,LU,https://asimjofa.com/products/ajsw-12
KJC-LU-ASJ-10918,ASJ,Asim Jofa,LU,https://asimjofa.com/products/ajvy-09
KJC-LU-ASJ-10919,ASJ,Asim Jofa,LU,https://asimjofa.com/products/ajvy-08
KJC-LU-ASJ-10920,ASJ,Asim Jofa,LU,https://asimjofa.com/products/ajvy-07
KJC-LU-ASJ-10921,ASJ,Asim Jofa,LU,https://asimjofa.com/products/ajvy-06
KJC-LU-ASJ-10922,ASJ,Asim Jofa,LU,https://asimjofa.com/products/ajvy-04
KJC-LU-ASJ-10923,ASJ,Asim Jofa,LU,https://asimjofa.com/products/ajjm-20
KJC-LU-ASJ-10924,ASJ,Asim Jofa,LU,https://asimjofa.com/products/ajsm-48
KJC-LU-ASJ-10925,ASJ,Asim Jofa,LU,https://asimjofa.com/products/ajsm-45
KJC-LU-ASJ-10926,ASJ,Asim Jofa,LU,https://asimjofa.com/products/ajsm-43
KJC-LU-ASJ-10927,ASJ,Asim Jofa,LU,https://asimjofa.com/products/ajsm-37
KJC-LU-ASJ-10928,ASJ,Asim Jofa,LU,https://asimjofa.com/products/ajsm-34
KJC-LU-ASJ-10929,ASJ,Asim Jofa,LU,https://asimjofa.com/products/ajsm-30
KJC-LU-ASJ-10930,ASJ,Asim Jofa,LU,https://asimjofa.com/products/ajpe-44
KJC-LU-ASJ-10931,ASJ,Asim Jofa,LU,https://asimjofa.com/products/ajpe-42
KJC-LU-ASJ-10932,ASJ,Asim Jofa,LU,https://asimjofa.com/products/ajpe-39
KJC-LU-ASJ-10933,ASJ,Asim Jofa,LU,https://asimjofa.com/products/ajkm-16
KJC-LU-ASJ-10934,ASJ,Asim Jofa,LU,https://asimjofa.com/products/ajse-03
KJC-LU-ASJ-10935,ASJ,Asim Jofa,LU,https://asimjofa.com/products/ajst-14
KJC-LU-ASJ-10936,ASJ,Asim Jofa,LU,https://asimjofa.com/products/ajfc-64
KJC-LU-ASJ-10937,ASJ,Asim Jofa,LU,https://asimjofa.com/products/ajfc-61
KJC-LU-ASJ-10938,ASJ,Asim Jofa,LU,https://asimjofa.com/products/ajfc-60
KJC-LU-ASJ-10939,ASJ,Asim Jofa,LU,https://asimjofa.com/products/ajle-14
KJC-LU-ASJ-10940,ASJ,Asim Jofa,LU,https://asimjofa.com/products/ajle-19
KJC-LU-ASJ-10941,ASJ,Asim Jofa,LU,https://asimjofa.com/products/ajzs-28
KJC-LU-ASJ-10942,ASJ,Asim Jofa,LU,https://asimjofa.com/products/ajvf-04
KJC-LU-ASJ-10943,ASJ,Asim Jofa,LU,https://asimjofa.com/products/ajab-17
KJC-LU-ASJ-10944,ASJ,Asim Jofa,LU,https://asimjofa.com/products/ajsw-15
KJC-LU-ASJ-10945,ASJ,Asim Jofa,LU,https://asimjofa.com/products/ajzs-10
KJC-LU-ASJ-10946,ASJ,Asim Jofa,LU,https://asimjofa.com/products/ajsm-40
KJC-LU-ASJ-10947,ASJ,Asim Jofa,LU,https://asimjofa.com/products/ajsm-38
KJC-LU-ASJ-10948,ASJ,Asim Jofa,LU,https://asimjofa.com/products/ajsm-33
KJC-LU-ASJ-10949,ASJ,Asim Jofa,LU,https://asimjofa.com/products/ajsm-28
KJC-LU-ASJ-10950,ASJ,Asim Jofa,LU,https://asimjofa.com/products/ajmq-12
KJC-LU-ASJ-10951,ASJ,Asim Jofa,LU,https://asimjofa.com/products/ajmq-01
KJC-LU-ASJ-10952,ASJ,Asim Jofa,LU,https://asimjofa.com/products/ajkm-15
KJC-LU-ASJ-10953,ASJ,Asim Jofa,LU,https://asimjofa.com/products/ajkm-12
KJC-LU-ASJ-10954,ASJ,Asim Jofa,LU,https://asimjofa.com/products/ajkm-09
KJC-LU-ASJ-10955,ASJ,Asim Jofa,LU,https://asimjofa.com/products/ajkm-02
KJC-LU-ASJ-10956,ASJ,Asim Jofa,LU,https://asimjofa.com/products/ajlr-27
KJC-LU-ASJ-10957,ASJ,Asim Jofa,LU,https://asimjofa.com/products/ajlr-06
KJC-LU-ASJ-10958,ASJ,Asim Jofa,LU,https://asimjofa.com/products/ajlr-03
KJC-LU-ASJ-10959,ASJ,Asim Jofa,LU,https://asimjofa.com/products/ajm-03
KJC-LU-ASJ-10960,ASJ,Asim Jofa,LU,https://asimjofa.com/products/ajn-23
KJC-LU-ASJ-10961,ASJ,Asim Jofa,LU,https://asimjofa.com/products/ajn-19
KJC-LU-ASJ-10962,ASJ,Asim Jofa,LU,https://asimjofa.com/products/ajn-11
KJC-LU-ASJ-10963,ASJ,Asim Jofa,LU,https://asimjofa.com/products/ajjm-10
KJC-LU-ASJ-10964,ASJ,Asim Jofa,LU,https://asimjofa.com/products/ajjm-07
KJC-LU-ASJ-10965,ASJ,Asim Jofa,LU,https://asimjofa.com/products/ajjm-06
KJC-LU-ASJ-10966,ASJ,Asim Jofa,LU,https://asimjofa.com/products/ajzs-15
KJC-LU-ASJ-10967,ASJ,Asim Jofa,LU,https://asimjofa.com/products/ajzs-11
KJC-LU-ASJ-10968,ASJ,Asim Jofa,LU,https://asimjofa.com/products/ajzs-07
KJC-LU-ASJ-10969,ASJ,Asim Jofa,LU,https://asimjofa.com/products/ajzs-05
KJC-LU-ASJ-10970,ASJ,Asim Jofa,LU,https://asimjofa.com/products/ajzs-04
KJC-LU-ASJ-10971,ASJ,Asim Jofa,LU,https://asimjofa.com/products/ajzs-03
KJC-LU-ASJ-10972,ASJ,Asim Jofa,LU,https://asimjofa.com/products/ajzs-02
KJC-LU-ASJ-10973,ASJ,Asim Jofa,LU,https://asimjofa.com/products/ajzs-01
KJC-LU-ASJ-10974,ASJ,Asim Jofa,LU,https://asimjofa.com/products/ajsm-50
KJC-LU-ASJ-10975,ASJ,Asim Jofa,LU,https://asimjofa.com/products/ajsm-49
KJC-LU-ASJ-10976,ASJ,Asim Jofa,LU,https://asimjofa.com/products/ajsm-47
KJC-LU-ASJ-10977,ASJ,Asim Jofa,LU,https://asimjofa.com/products/ajsm-46
KJC-LU-ASJ-10978,ASJ,Asim Jofa,LU,https://asimjofa.com/products/ajsm-44
KJC-LU-ASJ-10979,ASJ,Asim Jofa,LU,https://asimjofa.com/products/ajsm-42
KJC-LU-ASJ-10980,ASJ,Asim Jofa,LU,https://asimjofa.com/products/ajsm-41
KJC-LU-ASJ-10981,ASJ,Asim Jofa,LU,https://asimjofa.com/products/ajsm-39
KJC-LU-ASJ-10982,ASJ,Asim Jofa,LU,https://asimjofa.com/products/ajsm-36
KJC-LU-ASJ-10983,ASJ,Asim Jofa,LU,https://asimjofa.com/products/ajsm-32
KJC-LU-ASJ-10984,ASJ,Asim Jofa,LU,https://asimjofa.com/products/ajpe-49
KJC-LU-ASJ-10985,ASJ,Asim Jofa,LU,https://asimjofa.com/products/ajpe-31
KJC-LU-ASJ-10986,ASJ,Asim Jofa,LU,https://asimjofa.com/products/ajpe-38
KJC-LU-ASJ-10987,ASJ,Asim Jofa,LU,https://asimjofa.com/products/ajpe-47
KJC-LU-ASJ-10988,ASJ,Asim Jofa,LU,https://asimjofa.com/products/ajpe-37
KJC-LU-ASJ-10989,ASJ,Asim Jofa,LU,https://asimjofa.com/products/ajpe-40
KJC-LU-ASJ-10990,ASJ,Asim Jofa,LU,https://asimjofa.com/products/ajmq-11
KJC-LU-ASJ-10991,ASJ,Asim Jofa,LU,https://asimjofa.com/products/ajmq-10
KJC-LU-ASJ-10992,ASJ,Asim Jofa,LU,https://asimjofa.com/products/ajmq-09
KJC-LU-ASJ-10993,ASJ,Asim Jofa,LU,https://asimjofa.com/products/ajmq-08
KJC-LU-ASJ-10994,ASJ,Asim Jofa,LU,https://asimjofa.com/products/ajmq-07
KJC-LU-ASJ-10995,ASJ,Asim Jofa,LU,https://asimjofa.com/products/ajmq-06
KJC-LU-ASJ-10996,ASJ,Asim Jofa,LU,https://asimjofa.com/products/ajmq-05
KJC-LU-ASJ-10997,ASJ,Asim Jofa,LU,https://asimjofa.com/products/ajmq-04
KJC-LU-ASJ-10998,ASJ,Asim Jofa,LU,https://asimjofa.com/products/ajmq-03
KJC-LU-ASJ-10999,ASJ,Asim Jofa,LU,https://asimjofa.com/products/ajmq-02
KJC-LU-ASJ-11000,ASJ,Asim Jofa,LU,https://asimjofa.com/products/ajkm-20
KJC-LU-ASJ-11001,ASJ,Asim Jofa,LU,https://asimjofa.com/products/ajkm-19
KJC-LU-ASJ-11002,ASJ,Asim Jofa,LU,https://asimjofa.com/products/ajkm-18
KJC-LU-ASJ-11003,ASJ,Asim Jofa,LU,https://asimjofa.com/products/ajkm-17
KJC-LU-ASJ-11004,ASJ,Asim Jofa,LU,https://asimjofa.com/products/ajkm-14
KJC-LU-ASJ-11005,ASJ,Asim Jofa,LU,https://asimjofa.com/products/ajkm-13
KJC-LU-ASJ-11006,ASJ,Asim Jofa,LU,https://asimjofa.com/products/ajkm-11
KJC-LU-ASJ-11007,ASJ,Asim Jofa,LU,https://asimjofa.com/products/ajkm-10
KJC-LU-ASJ-11008,ASJ,Asim Jofa,LU,https://asimjofa.com/products/ajkm-08
KJC-LU-ASJ-11009,ASJ,Asim Jofa,LU,https://asimjofa.com/products/ajkm-07
KJC-LU-ASJ-11010,ASJ,Asim Jofa,LU,https://asimjofa.com/products/ajkm-06
KJC-LU-ASJ-11011,ASJ,Asim Jofa,LU,https://asimjofa.com/products/ajkm-05
KJC-LU-ASJ-11012,ASJ,Asim Jofa,LU,https://asimjofa.com/products/ajkm-03
KJC-LU-ASJ-11013,ASJ,Asim Jofa,LU,https://asimjofa.com/products/ajkm-01
KJC-LU-ASJ-11014,ASJ,Asim Jofa,LU,https://asimjofa.com/products/ajlr-31
KJC-LU-ASJ-11015,ASJ,Asim Jofa,LU,https://asimjofa.com/products/ajlr-30
KJC-LU-ASJ-11016,ASJ,Asim Jofa,LU,https://asimjofa.com/products/ajlr-26
KJC-LU-ASJ-11017,ASJ,Asim Jofa,LU,https://asimjofa.com/products/ajlr-25
KJC-LU-ASJ-11018,ASJ,Asim Jofa,LU,https://asimjofa.com/products/ajlr-23
KJC-LU-ASJ-11019,ASJ,Asim Jofa,LU,https://asimjofa.com/products/ajlr-20
KJC-LU-ASJ-11020,ASJ,Asim Jofa,LU,https://asimjofa.com/products/ajlr-17
KJC-LU-ASJ-11021,ASJ,Asim Jofa,LU,https://asimjofa.com/products/ajlr-13
KJC-LU-ASJ-11022,ASJ,Asim Jofa,LU,https://asimjofa.com/products/ajlr-12
KJC-LU-ASJ-11023,ASJ,Asim Jofa,LU,https://asimjofa.com/products/ajlr-10
KJC-LU-ASJ-11024,ASJ,Asim Jofa,LU,https://asimjofa.com/products/ajlr-08
KJC-LU-ASJ-11025,ASJ,Asim Jofa,LU,https://asimjofa.com/products/ajlr-05
KJC-LU-ASJ-11026,ASJ,Asim Jofa,LU,https://asimjofa.com/products/ajlr-04
KJC-LU-ASJ-11027,ASJ,Asim Jofa,LU,https://asimjofa.com/products/ajlr-02
KJC-LU-ASJ-11028,ASJ,Asim Jofa,LU,https://asimjofa.com/products/ajlr-01
KJC-LU-ASJ-11029,ASJ,Asim Jofa,LU,https://asimjofa.com/products/ajm-19
KJC-LU-ASJ-11030,ASJ,Asim Jofa,LU,https://asimjofa.com/products/ajm-17
KJC-LU-ASJ-11031,ASJ,Asim Jofa,LU,https://asimjofa.com/products/ajm-14
KJC-LU-ASJ-11032,ASJ,Asim Jofa,LU,https://asimjofa.com/products/ajm-13
KJC-LU-ASJ-11033,ASJ,Asim Jofa,LU,https://asimjofa.com/products/ajm-12
KJC-LU-ASJ-11034,ASJ,Asim Jofa,LU,https://asimjofa.com/products/ajm-10
KJC-LU-ASJ-11035,ASJ,Asim Jofa,LU,https://asimjofa.com/products/ajm-09
KJC-LU-ASJ-11036,ASJ,Asim Jofa,LU,https://asimjofa.com/products/ajm-08
KJC-LU-ASJ-11037,ASJ,Asim Jofa,LU,https://asimjofa.com/products/ajm-07
KJC-LU-ASJ-11038,ASJ,Asim Jofa,LU,https://asimjofa.com/products/ajm-04
KJC-LU-ASJ-11039,ASJ,Asim Jofa,LU,https://asimjofa.com/products/ajm-02
KJC-LU-ASJ-11040,ASJ,Asim Jofa,LU,https://asimjofa.com/products/ajm-01
KJC-LU-ASJ-11041,ASJ,Asim Jofa,LU,https://asimjofa.com/products/ajsl-15
KJC-LU-ASJ-11042,ASJ,Asim Jofa,LU,https://asimjofa.com/products/ajbn-12
KJC-LU-ASJ-11043,ASJ,Asim Jofa,LU,https://asimjofa.com/products/ajbn-11
KJC-LU-ASJ-11044,ASJ,Asim Jofa,LU,https://asimjofa.com/products/ajbn-10
KJC-LU-ASJ-11045,ASJ,Asim Jofa,LU,https://asimjofa.com/products/ajst-06
KJC-LU-ASJ-11046,ASJ,Asim Jofa,LU,https://asimjofa.com/products/ajle-18
KJC-LU-ASJ-11047,ASJ,Asim Jofa,LU,https://asimjofa.com/products/ajle-04
KJC-LU-ASJ-11048,ASJ,Asim Jofa,LU,https://asimjofa.com/products/ajfc-30
KJC-LU-ASJ-11049,ASJ,Asim Jofa,LU,https://asimjofa.com/products/ajab-12
KJC-LU-ASJ-11050,ASJ,Asim Jofa,LU,https://asimjofa.com/products/ajnb-04
KJC-LU-ASJ-11051,ASJ,Asim Jofa,LU,https://asimjofa.com/products/ajnb-12
KJC-LU-ASJ-11052,ASJ,Asim Jofa,LU,https://asimjofa.com/products/ajnb-10
KJC-LU-ASJ-11053,ASJ,Asim Jofa,LU,https://asimjofa.com/products/ajnb-08
KJC-LU-ASJ-11054,ASJ,Asim Jofa,LU,https://asimjofa.com/products/ajnb-07
KJC-LU-ASJ-11055,ASJ,Asim Jofa,LU,https://asimjofa.com/products/ajnb-06
KJC-LU-ASJ-11056,ASJ,Asim Jofa,LU,https://asimjofa.com/products/ajnb-05
KJC-LU-ASJ-11057,ASJ,Asim Jofa,LU,https://asimjofa.com/products/ajnb-03
KJC-LU-ASJ-11058,ASJ,Asim Jofa,LU,https://asimjofa.com/products/ajnb-02
KJC-LU-ASJ-11059,ASJ,Asim Jofa,LU,https://asimjofa.com/products/ajnb-01
KJC-LU-ASJ-11060,ASJ,Asim Jofa,LU,https://asimjofa.com/products/ajmm-09
KJC-LU-ASJ-11061,ASJ,Asim Jofa,LU,https://asimjofa.com/products/ajmm-08
KJC-LU-ASJ-11062,ASJ,Asim Jofa,LU,https://asimjofa.com/products/ajmm-04
KJC-LU-ASJ-11063,ASJ,Asim Jofa,LU,https://asimjofa.com/products/ajmm-03
KJC-LU-ASJ-11064,ASJ,Asim Jofa,LU,https://asimjofa.com/products/ajvf-11
KJC-LU-ASJ-11065,ASJ,Asim Jofa,LU,https://asimjofa.com/products/ajvf-10
KJC-LU-ASJ-11066,ASJ,Asim Jofa,LU,https://asimjofa.com/products/ajvf-09
KJC-LU-ASJ-11067,ASJ,Asim Jofa,LU,https://asimjofa.com/products/ajvf-07
KJC-LU-ASJ-11068,ASJ,Asim Jofa,LU,https://asimjofa.com/products/ajkt-11
KJC-LU-ASJ-11069,ASJ,Asim Jofa,LU,https://asimjofa.com/products/ajkt-10
KJC-LU-ASJ-11070,ASJ,Asim Jofa,LU,https://asimjofa.com/products/ajkt-08
KJC-LU-ASJ-11071,ASJ,Asim Jofa,LU,https://asimjofa.com/products/ajkt-07
KJC-LU-ASJ-11072,ASJ,Asim Jofa,LU,https://asimjofa.com/products/ajkt-05
KJC-LU-ASJ-11073,ASJ,Asim Jofa,LU,https://asimjofa.com/products/ajkt-04
KJC-LU-ASJ-11074,ASJ,Asim Jofa,LU,https://asimjofa.com/products/ajkt-03
KJC-LU-ASJ-11075,ASJ,Asim Jofa,LU,https://asimjofa.com/products/ajbk-10
KJC-LU-ASJ-11076,ASJ,Asim Jofa,LU,https://asimjofa.com/products/ajbk-09
KJC-LU-ASJ-11077,ASJ,Asim Jofa,LU,https://asimjofa.com/products/ajab-25
KJC-LU-ASJ-11078,ASJ,Asim Jofa,LU,https://asimjofa.com/products/ajab-22
KJC-LU-ASJ-11079,ASJ,Asim Jofa,LU,https://asimjofa.com/products/ajab-21
KJC-LU-ASJ-11080,ASJ,Asim Jofa,LU,https://asimjofa.com/products/ajab-05
KJC-LU-ASJ-11081,ASJ,Asim Jofa,LU,https://asimjofa.com/products/ajab-04
KJC-LU-ASJ-11082,ASJ,Asim Jofa,LU,https://asimjofa.com/products/ajab-03
KJC-LU-ASJ-11083,ASJ,Asim Jofa,LU,https://asimjofa.com/products/ajab-02
KJC-LU-ASJ-11084,ASJ,Asim Jofa,LU,https://asimjofa.com/products/ajab-01
KJC-LU-ASJ-11085,ASJ,Asim Jofa,LU,https://asimjofa.com/products/ajcc-10
KJC-LU-ASJ-11086,ASJ,Asim Jofa,LU,https://asimjofa.com/products/ajcc-08
KJC-LU-ASJ-11087,ASJ,Asim Jofa,LU,https://asimjofa.com/products/ajcc-07
KJC-LU-ASJ-11088,ASJ,Asim Jofa,LU,https://asimjofa.com/products/ajsw-26
KJC-LU-ASJ-11089,ASJ,Asim Jofa,LU,https://asimjofa.com/products/ajsw-23
KJC-LU-ASJ-11090,ASJ,Asim Jofa,LU,https://asimjofa.com/products/ajsw-21
KJC-LU-ASJ-11091,ASJ,Asim Jofa,LU,https://asimjofa.com/products/ajsw-18
KJC-LU-ASJ-11092,ASJ,Asim Jofa,LU,https://asimjofa.com/products/ajsw-16
KJC-LU-ASJ-11093,ASJ,Asim Jofa,LU,https://asimjofa.com/products/ajsw-14
KJC-LU-ASJ-11094,ASJ,Asim Jofa,LU,https://asimjofa.com/products/ajsw-11
KJC-LU-ASJ-11095,ASJ,Asim Jofa,LU,https://asimjofa.com/products/ajsw-10
KJC-LU-ASJ-11096,ASJ,Asim Jofa,LU,https://asimjofa.com/products/ajsw-09
KJC-LU-ASJ-11097,ASJ,Asim Jofa,LU,https://asimjofa.com/products/ajsw-08
KJC-LU-ASJ-11098,ASJ,Asim Jofa,LU,https://asimjofa.com/products/ajsw-07
KJC-LU-ASJ-11099,ASJ,Asim Jofa,LU,https://asimjofa.com/products/ajvy-03
KJC-LU-ASJ-11100,ASJ,Asim Jofa,LU,https://asimjofa.com/products/ajjm-25
KJC-LU-ASJ-11101,ASJ,Asim Jofa,LU,https://asimjofa.com/products/ajjm-24
KJC-LU-ASJ-11102,ASJ,Asim Jofa,LU,https://asimjofa.com/products/ajjm-21
KJC-LU-ASJ-11103,ASJ,Asim Jofa,LU,https://asimjofa.com/products/ajjm-12
KJC-LU-ASJ-11104,ASJ,Asim Jofa,LU,https://asimjofa.com/products/ajjm-11
KJC-LU-ASJ-11105,ASJ,Asim Jofa,LU,https://asimjofa.com/products/ajcc-06
KJC-LU-ASJ-11106,ASJ,Asim Jofa,LU,https://asimjofa.com/products/ajcc-05
KJC-LU-ASJ-11107,ASJ,Asim Jofa,LU,https://asimjofa.com/products/ajsw-30
KJC-LU-ASJ-11108,ASJ,Asim Jofa,LU,https://asimjofa.com/products/ajsw-29
KJC-LU-ASJ-11109,ASJ,Asim Jofa,LU,https://asimjofa.com/products/ajsw-28
KJC-LU-ASJ-11110,ASJ,Asim Jofa,LU,https://asimjofa.com/products/ajsw-06
KJC-LU-ASJ-11111,ASJ,Asim Jofa,LU,https://asimjofa.com/products/ajsw-05
KJC-LU-ASJ-11112,ASJ,Asim Jofa,LU,https://asimjofa.com/products/ajsw-04
KJC-LU-ASJ-11113,ASJ,Asim Jofa,LU,https://asimjofa.com/products/ajsw-03
KJC-LU-ASJ-11114,ASJ,Asim Jofa,LU,https://asimjofa.com/products/ajsw-02
KJC-LU-ASJ-11115,ASJ,Asim Jofa,LU,https://asimjofa.com/products/ajsw-01
KJC-LU-ASJ-11116,ASJ,Asim Jofa,LU,https://asimjofa.com/products/ajjm-18
KJC-LU-ASJ-11117,ASJ,Asim Jofa,LU,https://asimjofa.com/products/ajjm-16
KJC-LU-ASJ-11118,ASJ,Asim Jofa,LU,https://asimjofa.com/products/ajjm-15
KJC-LU-ASJ-11119,ASJ,Asim Jofa,LU,https://asimjofa.com/products/ajjm-14
KJC-LU-ASJ-11120,ASJ,Asim Jofa,LU,https://asimjofa.com/products/ajjm-13
KJC-LU-ASJ-11121,ASJ,Asim Jofa,LU,https://asimjofa.com/products/ajjm-09
KJC-LU-ASJ-11122,ASJ,Asim Jofa,LU,https://asimjofa.com/products/ajjm-08
KJC-LU-ASJ-11123,ASJ,Asim Jofa,LU,https://asimjofa.com/products/ajjm-04
KJC-LU-ASJ-11124,ASJ,Asim Jofa,LU,https://asimjofa.com/products/ajjm-03
KJC-LU-ASJ-11125,ASJ,Asim Jofa,LU,https://asimjofa.com/products/ajjm-02
KJC-LU-ASJ-11126,ASJ,Asim Jofa,LU,https://asimjofa.com/products/ajjm-01
KJC-LU-ASJ-11127,ASJ,Asim Jofa,LU,https://asimjofa.com/products/ajzs-30
KJC-LU-ASJ-11128,ASJ,Asim Jofa,LU,https://asimjofa.com/products/ajzs-29
KJC-LU-ASJ-11129,ASJ,Asim Jofa,LU,https://asimjofa.com/products/ajvf-12
KJC-LU-ASJ-11130,ASJ,Asim Jofa,LU,https://asimjofa.com/products/ajkm-04
KJC-LU-ASJ-11131,ASJ,Asim Jofa,LU,https://asimjofa.com/products/ajlr-21
KJC-LU-ASJ-11132,ASJ,Asim Jofa,LU,https://asimjofa.com/products/ajnb-11
KJC-LU-ASJ-11133,ASJ,Asim Jofa,LU,https://asimjofa.com/products/ajnb-09
KJC-LU-ASJ-11134,ASJ,Asim Jofa,LU,https://asimjofa.com/products/ajkt-06
KJC-LU-ASJ-11135,ASJ,Asim Jofa,LU,https://asimjofa.com/products/ajkt-01
KJC-LU-ASJ-11136,ASJ,Asim Jofa,LU,https://asimjofa.com/products/ajsw-17
KJC-LU-ASJ-11137,ASJ,Asim Jofa,LU,https://asimjofa.com/products/ajjm-23
KJC-LU-ASJ-11138,ASJ,Asim Jofa,LU,https://asimjofa.com/products/ajjm-22
KJC-LU-ASJ-11139,ASJ,Asim Jofa,LU,https://asimjofa.com/products/ajjm-05
KJC-LU-ASJ-11140,ASJ,Asim Jofa,LU,https://asimjofa.com/products/ajzs-27
KJC-LU-ASJ-11141,ASJ,Asim Jofa,LU,https://asimjofa.com/products/ajzs-26
KJC-LU-ASJ-11142,ASJ,Asim Jofa,LU,https://asimjofa.com/products/ajzs-25
KJC-LU-ASJ-11143,ASJ,Asim Jofa,LU,https://asimjofa.com/products/ajzs-24
KJC-LU-ASJ-11144,ASJ,Asim Jofa,LU,https://asimjofa.com/products/ajzs-23
KJC-LU-ASJ-11145,ASJ,Asim Jofa,LU,https://asimjofa.com/products/ajzs-22
KJC-LU-ASJ-11146,ASJ,Asim Jofa,LU,https://asimjofa.com/products/ajzs-21
KJC-LU-ASJ-11147,ASJ,Asim Jofa,LU,https://asimjofa.com/products/ajzs-20
KJC-LU-ASJ-11148,ASJ,Asim Jofa,LU,https://asimjofa.com/products/ajzs-19
KJC-LU-ASJ-11149,ASJ,Asim Jofa,LU,https://asimjofa.com/products/ajzs-18
KJC-LU-ASJ-11150,ASJ,Asim Jofa,LU,https://asimjofa.com/products/ajzs-17
KJC-LU-ASJ-11151,ASJ,Asim Jofa,LU,https://asimjofa.com/products/ajzs-16
KJC-LU-ASJ-11152,ASJ,Asim Jofa,LU,https://asimjofa.com/products/ajzs-14
KJC-LU-ASJ-11153,ASJ,Asim Jofa,LU,https://asimjofa.com/products/ajzs-13
KJC-LU-ASJ-11154,ASJ,Asim Jofa,LU,https://asimjofa.com/products/ajzs-12
KJC-LU-ASJ-11155,ASJ,Asim Jofa,LU,https://asimjofa.com/products/ajzs-08
KJC-LU-ASJ-11156,ASJ,Asim Jofa,LU,https://asimjofa.com/products/ajvy-05
KJC-LU-ASJ-11157,ASJ,Asim Jofa,LU,https://asimjofa.com/products/ajsm-31
KJC-LU-ASJ-11158,ASJ,Asim Jofa,LU,https://asimjofa.com/products/ajzs-09
KJC-LU-ASJ-11159,ASJ,Asim Jofa,LU,https://asimjofa.com/products/ajzs-06
KJC-LU-ASJ-11160,ASJ,Asim Jofa,LU,https://asimjofa.com/products/ajab-24
KJC-LU-ASJ-11161,ASJ,Asim Jofa,LU,https://asimjofa.com/products/ajab-11
KJC-LU-ASJ-11162,ASJ,Asim Jofa,LU,https://asimjofa.com/products/ajsm-35
KJC-LU-ASJ-11163,ASJ,Asim Jofa,LU,https://asimjofa.com/products/ajpe-48
KJC-LU-ASJ-11164,ASJ,Asim Jofa,LU,https://asimjofa.com/products/ajpe-46
KJC-LU-ASJ-11165,ASJ,Asim Jofa,LU,https://asimjofa.com/products/ajkt-12
KJC-LU-ASJ-11166,ASJ,Asim Jofa,LU,https://asimjofa.com/products/ajjm-17
KJC-LU-ASJ-11167,ASJ,Asim Jofa,LU,https://asimjofa.com/products/ajjm-19
KJC-LU-ASJ-11168,ASJ,Asim Jofa,LU,https://asimjofa.com/products/ajsm-29
KJC-LU-ASJ-11169,ASJ,Asim Jofa,LU,https://asimjofa.com/products/ajsm-27
KJC-LU-ASJ-11170,ASJ,Asim Jofa,LU,https://asimjofa.com/products/ajsm-26
KJC-LU-ASJ-11171,ASJ,Asim Jofa,LU,https://asimjofa.com/products/ajmmd-04-embroidered-velvet-stitched-3-pcs
KJC-LU-ASJ-11172,ASJ,Asim Jofa,LU,https://asimjofa.com/products/ajvfd-08-embroidered-chiffon-stitched-3-pcs
KJC-LU-ASJ-11173,ASJ,Asim Jofa,LU,https://asimjofa.com/products/ajvfd-06-embroidered-chiffon-stitched-3-pcs
KJC-LU-ASJ-11174,ASJ,Asim Jofa,LU,https://asimjofa.com/products/ajvfd-03-embroidered-net-stitched-3-pcs
KJC-LU-ASJ-11175,ASJ,Asim Jofa,LU,https://asimjofa.com/products/ajvfd-01-embroidered-chiffon-stitched-3-pcs
KJC-LU-ASJ-11176,ASJ,Asim Jofa,LU,https://asimjofa.com/products/ajktd-10-embroidered-self-twill-stitched-3-pcs
KJC-LU-ASJ-11177,ASJ,Asim Jofa,LU,https://asimjofa.com/products/ajktd-05-embroidered-slub-raw-silk-stitched-3-pcs
KJC-LU-ASJ-11178,ASJ,Asim Jofa,LU,https://asimjofa.com/products/ajswd-20-embroidered-lawn-silk-shirt-dupatta-stitched-2-pcs
KJC-LU-ASJ-11179,ASJ,Asim Jofa,LU,https://asimjofa.com/products/ajswd-05-embroidered-lawn-silk-stitched-3-pcs
KJC-LU-ASJ-11180,ASJ,Asim Jofa,LU,https://asimjofa.com/products/ajswd-04-embroidered-paper-cotton-stitched-3-pcs
KJC-LU-ASJ-11181,ASJ,Asim Jofa,LU,https://asimjofa.com/products/ajjmd-16-embroidered-chanderi-cotton-stitched-3-pcs
KJC-LU-ASJ-11182,ASJ,Asim Jofa,LU,https://asimjofa.com/products/ajjmd-14-embroidered-chanderi-cotton-stitched-3-pcs
KJC-LU-ASJ-11183,ASJ,Asim Jofa,LU,https://asimjofa.com/products/ajjmd-10-embroidered-monar-stitched-1-pc
KJC-LU-ASJ-11184,ASJ,Asim Jofa,LU,https://asimjofa.com/products/ajkmd-15-embroidered-cotton-net-organza-stitched-3-pcs
KJC-LU-ASJ-11185,ASJ,Asim Jofa,LU,https://asimjofa.com/products/ajkmd-14-embroidered-poly-cotton-stitched-3-pcs
KJC-LU-ASJ-11186,ASJ,Asim Jofa,LU,https://asimjofa.com/products/ajlrd-02-embroidered-lawn-stitched-3-pcs
KJC-LU-ASJ-11187,ASJ,Asim Jofa,LU,https://asimjofa.com/products/ajstd-15-embroidered-organza-stitched-3-pcs
KJC-LU-ASJ-11188,ASJ,Asim Jofa,LU,https://asimjofa.com/products/ajfcd-42-embroidered-organza-stitched-3-pcs
KJC-LU-ASJ-11189,ASJ,Asim Jofa,LU,https://asimjofa.com/products/ajnd-16-embroidered-organza-stitched-3-pcs
KJC-LU-ASJ-11190,ASJ,Asim Jofa,LU,https://asimjofa.com/products/ajmrd-10-embroidered-velvet-stitched-3-pcs
KJC-LU-ASJ-11191,ASJ,Asim Jofa,LU,https://asimjofa.com/products/ajfcd-28-embroidered-organza-stitched-3-pcs
KJC-LU-ASJ-11192,ASJ,Asim Jofa,LU,https://asimjofa.com/products/ajrld-10-embroidered-woven-jacquard-lawn-stitched-3-pcs
KJC-LU-ASJ-11193,ASJ,Asim Jofa,LU,https://asimjofa.com/products/ajas-22
KJC-LU-ASJ-11194,ASJ,Asim Jofa,LU,https://asimjofa.com/products/ajas-16
KJC-LU-ASJ-11195,ASJ,Asim Jofa,LU,https://asimjofa.com/products/ajas-04
KJC-LU-ASJ-11196,ASJ,Asim Jofa,LU,https://asimjofa.com/products/ajai-38
KJC-LU-ASJ-11197,ASJ,Asim Jofa,LU,https://asimjofa.com/products/ajai-26
KJC-LU-ASJ-11198,ASJ,Asim Jofa,LU,https://asimjofa.com/products/ajai-22
KJC-LU-ASJ-11199,ASJ,Asim Jofa,LU,https://asimjofa.com/products/ajai-36
KJC-LU-ASJ-11200,ASJ,Asim Jofa,LU,https://asimjofa.com/products/ajai-29
KJC-LU-ASJ-11201,ASJ,Asim Jofa,LU,https://asimjofa.com/products/ajai-18
KJC-LU-ASJ-11202,ASJ,Asim Jofa,LU,https://asimjofa.com/products/ajai-20
KJC-LU-ASJ-11203,ASJ,Asim Jofa,LU,https://asimjofa.com/products/ajai-06
KJC-LU-ASJ-11204,ASJ,Asim Jofa,LU,https://asimjofa.com/products/ajai-33
KJC-LU-ASJ-11205,ASJ,Asim Jofa,LU,https://asimjofa.com/products/ajai-16
KJC-LU-ASJ-11206,ASJ,Asim Jofa,LU,https://asimjofa.com/products/ajai-32
KJC-LU-ASJ-11207,ASJ,Asim Jofa,LU,https://asimjofa.com/products/ajai-19
KJC-LU-ASJ-11208,ASJ,Asim Jofa,LU,https://asimjofa.com/products/ajai-35
KJC-LU-ASJ-11209,ASJ,Asim Jofa,LU,https://asimjofa.com/products/ajai-01
KJC-LU-ASJ-11210,ASJ,Asim Jofa,LU,https://asimjofa.com/products/ajas-15
KJC-LU-ASJ-11211,ASJ,Asim Jofa,LU,https://asimjofa.com/products/ajas-27
KJC-LU-ASJ-11212,ASJ,Asim Jofa,LU,https://asimjofa.com/products/ajas-12
KJC-LU-ASJ-11213,ASJ,Asim Jofa,LU,https://asimjofa.com/products/ajas-21
KJC-LU-ASJ-11214,ASJ,Asim Jofa,LU,https://asimjofa.com/products/ajai-05
KJC-LU-ASJ-11215,ASJ,Asim Jofa,LU,https://asimjofa.com/products/ajai-11
KJC-LU-ASJ-11216,ASJ,Asim Jofa,LU,https://asimjofa.com/products/ajai-02
KJC-LU-ASJ-11217,ASJ,Asim Jofa,LU,https://asimjofa.com/products/ajas-05
KJC-LU-ASJ-11218,ASJ,Asim Jofa,LU,https://asimjofa.com/products/ajai-27
KJC-LU-ASJ-11219,ASJ,Asim Jofa,LU,https://asimjofa.com/products/ajai-31
KJC-LU-ASJ-11220,ASJ,Asim Jofa,LU,https://asimjofa.com/products/ajas-09
KJC-LU-ASJ-11221,ASJ,Asim Jofa,LU,https://asimjofa.com/products/ajas-17
KJC-LU-ASJ-11222,ASJ,Asim Jofa,LU,https://asimjofa.com/products/ajai-17
KJC-LU-ASJ-11223,ASJ,Asim Jofa,LU,https://asimjofa.com/products/ajas-18
KJC-LU-ASJ-11224,ASJ,Asim Jofa,LU,https://asimjofa.com/products/ajrp-21
KJC-LU-ASJ-11225,ASJ,Asim Jofa,LU,https://asimjofa.com/products/ajrp-30
KJC-LU-ASJ-11226,ASJ,Asim Jofa,LU,https://asimjofa.com/products/ajrp-06
KJC-LU-ASJ-11227,ASJ,Asim Jofa,LU,https://asimjofa.com/products/ajrp-17
KJC-LU-ASJ-11228,ASJ,Asim Jofa,LU,https://asimjofa.com/products/ajai-39
KJC-LU-ASJ-11229,ASJ,Asim Jofa,LU,https://asimjofa.com/products/ajrp-20
KJC-LU-ASJ-11230,ASJ,Asim Jofa,LU,https://asimjofa.com/products/ajrp-29
KJC-LU-ASJ-11231,ASJ,Asim Jofa,LU,https://asimjofa.com/products/ajai-04
KJC-LU-ASJ-11232,ASJ,Asim Jofa,LU,https://asimjofa.com/products/ajas-20
KJC-LU-ASJ-11233,ASJ,Asim Jofa,LU,https://asimjofa.com/products/ajrp-24
KJC-LU-ASJ-11234,ASJ,Asim Jofa,LU,https://asimjofa.com/products/ajrp-32
KJC-LU-ASJ-11235,ASJ,Asim Jofa,LU,https://asimjofa.com/products/ajrp-26
KJC-LU-ASJ-11236,ASJ,Asim Jofa,LU,https://asimjofa.com/products/ajai-07
KJC-LU-ASJ-11237,ASJ,Asim Jofa,LU,https://asimjofa.com/products/ajas-25
KJC-LU-ASJ-11238,ASJ,Asim Jofa,LU,https://asimjofa.com/products/ajas-33
KJC-LU-ASJ-11239,ASJ,Asim Jofa,LU,https://asimjofa.com/products/ajas-29
KJC-LU-ASJ-11240,ASJ,Asim Jofa,LU,https://asimjofa.com/products/ajas-30
KJC-LU-ASJ-11241,ASJ,Asim Jofa,LU,https://asimjofa.com/products/ajas-11
KJC-LU-ASJ-11242,ASJ,Asim Jofa,LU,https://asimjofa.com/products/ajas-01
KJC-LU-ASJ-11243,ASJ,Asim Jofa,LU,https://asimjofa.com/products/ajas-06
KJC-LU-ASJ-11244,ASJ,Asim Jofa,LU,https://asimjofa.com/products/ajas-10
KJC-LU-ASJ-11245,ASJ,Asim Jofa,LU,https://asimjofa.com/products/ajas-07
KJC-LU-ASJ-11246,ASJ,Asim Jofa,LU,https://asimjofa.com/products/ajas-28
KJC-LU-ASJ-11247,ASJ,Asim Jofa,LU,https://asimjofa.com/products/ajas-13
KJC-LU-ASJ-11248,ASJ,Asim Jofa,LU,https://asimjofa.com/products/ajas-02
KJC-LU-ASJ-11249,ASJ,Asim Jofa,LU,https://asimjofa.com/products/ajas-31
KJC-LU-ASJ-11250,ASJ,Asim Jofa,LU,https://asimjofa.com/products/ajas-08
KJC-LU-ASJ-11251,ASJ,Asim Jofa,LU,https://asimjofa.com/products/ajai-15
KJC-LU-ASJ-11252,ASJ,Asim Jofa,LU,https://asimjofa.com/products/ajas-19
KJC-LU-ASJ-11253,ASJ,Asim Jofa,LU,https://asimjofa.com/products/ajas-23
KJC-LU-ASJ-11254,ASJ,Asim Jofa,LU,https://asimjofa.com/products/ajai-08
KJC-LU-ASJ-11255,ASJ,Asim Jofa,LU,https://asimjofa.com/products/ajai-37
KJC-LU-ASJ-11256,ASJ,Asim Jofa,LU,https://asimjofa.com/products/ajai-28
KJC-LU-ASJ-11257,ASJ,Asim Jofa,LU,https://asimjofa.com/products/ajai-14
KJC-LU-ASJ-11258,ASJ,Asim Jofa,LU,https://asimjofa.com/products/ajai-34
KJC-LU-ASJ-11259,ASJ,Asim Jofa,LU,https://asimjofa.com/products/ajai-40
KJC-LU-ASJ-11260,ASJ,Asim Jofa,LU,https://asimjofa.com/products/ajas-26
KJC-LU-ASJ-11261,ASJ,Asim Jofa,LU,https://asimjofa.com/products/ajas-24
KJC-LU-ASJ-11262,ASJ,Asim Jofa,LU,https://asimjofa.com/products/ajai-13
KJC-LU-ASJ-11263,ASJ,Asim Jofa,LU,https://asimjofa.com/products/ajai-21
KJC-LU-ASJ-11264,ASJ,Asim Jofa,LU,https://asimjofa.com/products/ajas-14
KJC-LU-ASJ-11265,ASJ,Asim Jofa,LU,https://asimjofa.com/products/ajas-03
KJC-LU-ASJ-11266,ASJ,Asim Jofa,LU,https://asimjofa.com/products/ajas-32
KJC-LU-ASJ-11267,ASJ,Asim Jofa,LU,https://asimjofa.com/products/ajai-30
KJC-LU-ASJ-11268,ASJ,Asim Jofa,LU,https://asimjofa.com/products/ajai-12
KJC-LU-ASJ-11269,ASJ,Asim Jofa,LU,https://asimjofa.com/products/ajai-03
KJC-LU-ASJ-11270,ASJ,Asim Jofa,LU,https://asimjofa.com/products/ajai-10
KJC-LU-ASJ-11271,ASJ,Asim Jofa,LU,https://asimjofa.com/products/ajai-09
KJC-LU-ASJ-11272,ASJ,Asim Jofa,LU,https://asimjofa.com/products/ajzb-12
KJC-LU-ASJ-11273,ASJ,Asim Jofa,LU,https://asimjofa.com/products/ajzb-15
KJC-LU-ASJ-11274,ASJ,Asim Jofa,LU,https://asimjofa.com/products/ajzb-05
KJC-LU-ASJ-11275,ASJ,Asim Jofa,LU,https://asimjofa.com/products/ajzb-07
KJC-LU-ASJ-11276,ASJ,Asim Jofa,LU,https://asimjofa.com/products/ajzb-13
KJC-LU-ASJ-11277,ASJ,Asim Jofa,LU,https://asimjofa.com/products/ajzb-06
KJC-LU-ASJ-11278,ASJ,Asim Jofa,LU,https://asimjofa.com/products/ajzb-02
KJC-LU-ASJ-11279,ASJ,Asim Jofa,LU,https://asimjofa.com/products/ajbp-39
KJC-LU-ASJ-11280,ASJ,Asim Jofa,LU,https://asimjofa.com/products/ajbp-52
KJC-LU-ASJ-11281,ASJ,Asim Jofa,LU,https://asimjofa.com/products/ajbp-55
KJC-LU-ASJ-11282,ASJ,Asim Jofa,LU,https://asimjofa.com/products/ajbp-34
KJC-LU-ASJ-11283,ASJ,Asim Jofa,LU,https://asimjofa.com/products/ajrw-31
KJC-LU-ASJ-11284,ASJ,Asim Jofa,LU,https://asimjofa.com/products/ajbp-47
KJC-LU-ASJ-11285,ASJ,Asim Jofa,LU,https://asimjofa.com/products/ajbp-37
KJC-LU-ASJ-11286,ASJ,Asim Jofa,LU,https://asimjofa.com/products/ajbp-53
KJC-LU-ASJ-11287,ASJ,Asim Jofa,LU,https://asimjofa.com/products/ajiw-11
KJC-LU-ASJ-11288,ASJ,Asim Jofa,LU,https://asimjofa.com/products/ajbp-27
KJC-LU-ASJ-11289,ASJ,Asim Jofa,LU,https://asimjofa.com/products/ajbp-57
KJC-LU-ASJ-11290,ASJ,Asim Jofa,LU,https://asimjofa.com/products/ajbp-38
KJC-LU-ASJ-11291,ASJ,Asim Jofa,LU,https://asimjofa.com/products/ajaw-12
KJC-LU-ASJ-11292,ASJ,Asim Jofa,LU,https://asimjofa.com/products/ajrw-01
KJC-LU-ASJ-11293,ASJ,Asim Jofa,LU,https://asimjofa.com/products/ajbp-51
KJC-LU-ASJ-11294,ASJ,Asim Jofa,LU,https://asimjofa.com/products/ajiw-04
KJC-LU-ASJ-11295,ASJ,Asim Jofa,LU,https://asimjofa.com/products/ajbp-56
KJC-LU-ASJ-11296,ASJ,Asim Jofa,LU,https://asimjofa.com/products/ajbp-54-embroidered-lawn-2-pcs
KJC-LU-ASJ-11297,ASJ,Asim Jofa,LU,https://asimjofa.com/products/ajbp-42
KJC-LU-ASJ-11298,ASJ,Asim Jofa,LU,https://asimjofa.com/products/ajiw-12
KJC-LU-ASJ-11299,ASJ,Asim Jofa,LU,https://asimjofa.com/products/ajbp-60
KJC-LU-ASJ-11300,ASJ,Asim Jofa,LU,https://asimjofa.com/products/ajrw-29
KJC-LU-ASJ-11301,ASJ,Asim Jofa,LU,https://asimjofa.com/products/ajaw-11
KJC-LU-ASJ-11302,ASJ,Asim Jofa,LU,https://asimjofa.com/products/ajaw-10
KJC-LU-ASJ-11303,ASJ,Asim Jofa,LU,https://asimjofa.com/products/ajbp-36
KJC-LU-ASJ-11304,ASJ,Asim Jofa,LU,https://asimjofa.com/products/ajbp-35
KJC-LU-ASJ-11305,ASJ,Asim Jofa,LU,https://asimjofa.com/products/ajrw-04
KJC-LU-ASJ-11306,ASJ,Asim Jofa,LU,https://asimjofa.com/products/ajbp-49
KJC-LU-ASJ-11307,ASJ,Asim Jofa,LU,https://asimjofa.com/products/ajrw-30
KJC-LU-ASJ-11308,ASJ,Asim Jofa,LU,https://asimjofa.com/products/ajrw-10
KJC-LU-ASJ-11309,ASJ,Asim Jofa,LU,https://asimjofa.com/products/ajrw-14
KJC-LU-ASJ-11310,ASJ,Asim Jofa,LU,https://asimjofa.com/products/ajrw-23
KJC-LU-ASJ-11311,ASJ,Asim Jofa,LU,https://asimjofa.com/products/ajrw-36
KJC-LU-ASJ-11312,ASJ,Asim Jofa,LU,https://asimjofa.com/products/ajbp-20
KJC-LU-ASJ-11313,ASJ,Asim Jofa,LU,https://asimjofa.com/products/ajbp-45
KJC-LU-ASJ-11314,ASJ,Asim Jofa,LU,https://asimjofa.com/products/ajrw-21
KJC-LU-ASJ-11315,ASJ,Asim Jofa,LU,https://asimjofa.com/products/ajrw-12
KJC-LU-ASJ-11316,ASJ,Asim Jofa,LU,https://asimjofa.com/products/ajbp-32
KJC-LU-ASJ-11317,ASJ,Asim Jofa,LU,https://asimjofa.com/products/ajrw-09
KJC-LU-ASJ-11318,ASJ,Asim Jofa,LU,https://asimjofa.com/products/ajbp-33
KJC-LU-ASJ-11319,ASJ,Asim Jofa,LU,https://asimjofa.com/products/ajrw-26
KJC-LU-ASJ-11320,ASJ,Asim Jofa,LU,https://asimjofa.com/products/ajiw-03
KJC-LU-ASJ-11321,ASJ,Asim Jofa,LU,https://asimjofa.com/products/ajrw-18
KJC-LU-ASJ-11322,ASJ,Asim Jofa,LU,https://asimjofa.com/products/ajrw-02
KJC-LU-ASJ-11323,ASJ,Asim Jofa,LU,https://asimjofa.com/products/ajaw-03
KJC-LU-ASJ-11324,ASJ,Asim Jofa,LU,https://asimjofa.com/products/ajrw-17
KJC-LU-ASJ-11325,ASJ,Asim Jofa,LU,https://asimjofa.com/products/ajbp-43
KJC-LU-ASJ-11326,ASJ,Asim Jofa,LU,https://asimjofa.com/products/ajrw-11
KJC-LU-ASJ-11327,ASJ,Asim Jofa,LU,https://asimjofa.com/products/ajrw-25
KJC-LU-ASJ-11328,ASJ,Asim Jofa,LU,https://asimjofa.com/products/ajrw-07
KJC-LU-ASJ-11329,ASJ,Asim Jofa,LU,https://asimjofa.com/products/ajbp-44
KJC-LU-ASJ-11330,ASJ,Asim Jofa,LU,https://asimjofa.com/products/ajrw-15
KJC-LU-ASJ-11331,ASJ,Asim Jofa,LU,https://asimjofa.com/products/ajbp-26
KJC-LU-ASJ-11332,ASJ,Asim Jofa,LU,https://asimjofa.com/products/ajrw-08
KJC-LU-ASJ-11333,ASJ,Asim Jofa,LU,https://asimjofa.com/products/ajaw-09
KJC-LU-ASJ-11334,ASJ,Asim Jofa,LU,https://asimjofa.com/products/ajaw-01
KJC-LU-ASJ-11335,ASJ,Asim Jofa,LU,https://asimjofa.com/products/ajrw-13
KJC-LU-ASJ-11336,ASJ,Asim Jofa,LU,https://asimjofa.com/products/ajbp-03
KJC-LU-ASJ-11337,ASJ,Asim Jofa,LU,https://asimjofa.com/products/ajbp-12
KJC-LU-ASJ-11338,ASJ,Asim Jofa,LU,https://asimjofa.com/products/ajrw-16
KJC-LU-ASJ-11339,ASJ,Asim Jofa,LU,https://asimjofa.com/products/ajbp-46
KJC-LU-ASJ-11340,ASJ,Asim Jofa,LU,https://asimjofa.com/products/ajrw-35
KJC-LU-ASJ-11341,ASJ,Asim Jofa,LU,https://asimjofa.com/products/ajrw-24
KJC-LU-ASJ-11342,ASJ,Asim Jofa,LU,https://asimjofa.com/products/ajaw-07
KJC-LU-ASJ-11343,ASJ,Asim Jofa,LU,https://asimjofa.com/products/ajbp-17
KJC-LU-ASJ-11344,ASJ,Asim Jofa,LU,https://asimjofa.com/products/ajaw-06
KJC-LU-ASJ-11345,ASJ,Asim Jofa,LU,https://asimjofa.com/products/ajiw-10
KJC-LU-ASJ-11346,ASJ,Asim Jofa,LU,https://asimjofa.com/products/ajrw-05
KJC-LU-ASJ-11347,ASJ,Asim Jofa,LU,https://asimjofa.com/products/ajbp-21
KJC-LU-ASJ-11348,ASJ,Asim Jofa,LU,https://asimjofa.com/products/ajiw-02
KJC-LU-ASJ-11349,ASJ,Asim Jofa,LU,https://asimjofa.com/products/ajbp-25
KJC-LU-ASJ-11350,ASJ,Asim Jofa,LU,https://asimjofa.com/products/ajbp-28
KJC-LU-ASJ-11351,ASJ,Asim Jofa,LU,https://asimjofa.com/products/ajrw-03
KJC-LU-ASJ-11352,ASJ,Asim Jofa,LU,https://asimjofa.com/products/ajbp-06
KJC-LU-ASJ-11353,ASJ,Asim Jofa,LU,https://asimjofa.com/products/ajbp-13
KJC-LU-ASJ-11354,ASJ,Asim Jofa,LU,https://asimjofa.com/products/ajbp-30
KJC-LU-ASJ-11355,ASJ,Asim Jofa,LU,https://asimjofa.com/products/ajbp-14
KJC-LU-ASJ-11356,ASJ,Asim Jofa,LU,https://asimjofa.com/products/ajbp-04
KJC-LU-ASJ-11357,ASJ,Asim Jofa,LU,https://asimjofa.com/products/ajbp-19
KJC-LU-ASJ-11358,ASJ,Asim Jofa,LU,https://asimjofa.com/products/ajiw-05
KJC-LU-ASJ-11359,ASJ,Asim Jofa,LU,https://asimjofa.com/products/ajbp-29
KJC-LU-ASJ-11360,ASJ,Asim Jofa,LU,https://asimjofa.com/products/ajbp-24
KJC-LU-ASJ-11361,ASJ,Asim Jofa,LU,https://asimjofa.com/products/ajbp-15
KJC-LU-ASJ-11362,ASJ,Asim Jofa,LU,https://asimjofa.com/products/ajbp-08
KJC-LU-ASJ-11363,ASJ,Asim Jofa,LU,https://asimjofa.com/products/ajbp-23
KJC-LU-ASJ-11364,ASJ,Asim Jofa,LU,https://asimjofa.com/products/ajbp-11
KJC-LU-ASJ-11365,ASJ,Asim Jofa,LU,https://asimjofa.com/products/ajbp-16
KJC-LU-ASJ-11366,ASJ,Asim Jofa,LU,https://asimjofa.com/products/ajbp-02
KJC-LU-ASJ-11367,ASJ,Asim Jofa,LU,https://asimjofa.com/products/ajbp-01
KJC-LU-ASJ-11368,ASJ,Asim Jofa,LU,https://asimjofa.com/products/ajbp-18
KJC-LU-ASJ-11369,ASJ,Asim Jofa,LU,https://asimjofa.com/products/ajbp-10
KJC-LU-ASJ-11370,ASJ,Asim Jofa,LU,https://asimjofa.com/products/ajrw-19
KJC-LU-ASJ-11371,ASJ,Asim Jofa,LU,https://asimjofa.com/products/ajbp-22
KJC-LU-ASJ-11372,ASJ,Asim Jofa,LU,https://asimjofa.com/products/ajiw-08
KJC-LU-ASJ-11373,ASJ,Asim Jofa,LU,https://asimjofa.com/products/ajiw-09
KJC-LU-ASJ-11374,ASJ,Asim Jofa,LU,https://asimjofa.com/products/ajbp-05
KJC-LU-ASJ-11375,ASJ,Asim Jofa,LU,https://asimjofa.com/products/ajbp-07
KJC-LU-ASJ-11376,ASJ,Asim Jofa,LU,https://asimjofa.com/products/ajaw-05
KJC-LU-ASJ-11377,ASJ,Asim Jofa,LU,https://asimjofa.com/products/ajbp-09
KJC-LU-ASJ-11378,ASJ,Asim Jofa,LU,https://asimjofa.com/products/ajrw-20
KJC-LU-ASJ-11379,ASJ,Asim Jofa,LU,https://asimjofa.com/products/ajaw-08
KJC-LU-ASJ-11380,ASJ,Asim Jofa,LU,https://asimjofa.com/products/ajiw-01
KJC-LU-ASJ-11381,ASJ,Asim Jofa,LU,https://asimjofa.com/products/ajiw-06
KJC-LU-ASJ-11382,ASJ,Asim Jofa,LU,https://asimjofa.com/products/ajiw-07
KJC-LU-ASJ-11383,ASJ,Asim Jofa,LU,https://asimjofa.com/products/ajzb-04
KJC-LU-ASJ-11384,ASJ,Asim Jofa,LU,https://asimjofa.com/products/ajzb-25
KJC-LU-ASJ-11385,ASJ,Asim Jofa,LU,https://asimjofa.com/products/ajzb-11
KJC-LU-ASJ-11386,ASJ,Asim Jofa,LU,https://asimjofa.com/products/ajzb-23
KJC-LU-ASJ-11387,ASJ,Asim Jofa,LU,https://asimjofa.com/products/ajzb-20
KJC-LU-ASJ-11388,ASJ,Asim Jofa,LU,https://asimjofa.com/products/ajzb-18
KJC-LU-ASJ-11389,ASJ,Asim Jofa,LU,https://asimjofa.com/products/ajzb-22
KJC-LU-ASJ-11390,ASJ,Asim Jofa,LU,https://asimjofa.com/products/ajzb-09
KJC-LU-ASJ-11391,ASJ,Asim Jofa,LU,https://asimjofa.com/products/ajzb-10
KJC-LU-ASJ-11392,ASJ,Asim Jofa,LU,https://asimjofa.com/products/ajzb-14
KJC-LU-ASJ-11393,ASJ,Asim Jofa,LU,https://asimjofa.com/products/ajzb-24
KJC-LU-ASJ-11394,ASJ,Asim Jofa,LU,https://asimjofa.com/products/ajzb-03
KJC-LU-ASJ-11395,ASJ,Asim Jofa,LU,https://asimjofa.com/products/ajzb-08
KJC-LU-ASJ-11396,ASJ,Asim Jofa,LU,https://asimjofa.com/products/ajzb-19
KJC-LU-ASJ-11397,ASJ,Asim Jofa,LU,https://asimjofa.com/products/ajzb-01
KJC-LU-ASJ-11398,ASJ,Asim Jofa,LU,https://asimjofa.com/products/ajzb-17
KJC-LU-ASJ-11399,ASJ,Asim Jofa,LU,https://asimjofa.com/products/ajzb-16
KJC-LU-ASJ-11400,ASJ,Asim Jofa,LU,https://asimjofa.com/products/ajzb-21
KJC-LU-ASJ-11401,ASJ,Asim Jofa,LU,https://asimjofa.com/products/ajso-64-embroidered-cambric-shirt-trouser-2-pcs
KJC-LU-ASJ-11402,ASJ,Asim Jofa,LU,https://asimjofa.com/products/ajso-63-printed-cambric-shirt-1-pc
KJC-LU-ASJ-11403,ASJ,Asim Jofa,LU,https://asimjofa.com/products/ajso-68-embroidered-cambric-2-pcs
KJC-LU-ASJ-11404,ASJ,Asim Jofa,LU,https://asimjofa.com/products/ajso-61-embroidered-cambric-3-pcs
KJC-LU-ASJ-11405,ASJ,Asim Jofa,LU,https://asimjofa.com/products/ajso-49-printed-cambric-shirt-trouser-2-pcs
KJC-LU-ASJ-11406,ASJ,Asim Jofa,LU,https://asimjofa.com/products/ajso-92-embroidered-swiss-lawn-shirt-dupatta-2-pcs
KJC-LU-ASJ-11407,ASJ,Asim Jofa,LU,https://asimjofa.com/products/ajso-134-printed-swiss-lawn-shirt-dupatta-2-pcs
KJC-LU-ASJ-11408,ASJ,Asim Jofa,LU,https://asimjofa.com/products/ajso-148-2-printed-georgette-silk-shirt-dupatta-2-pcs
KJC-LU-ASJ-11409,ASJ,Asim Jofa,LU,https://asimjofa.com/products/ajso-62-printed-cambric-shirt-1-pc
KJC-LU-ASJ-11410,ASJ,Asim Jofa,LU,https://asimjofa.com/products/ajso-60-embroidered-cambric-shirt-1-pc-1
KJC-LU-ASJ-11411,ASJ,Asim Jofa,LU,https://asimjofa.com/products/ajso-52-embroidered-cambric-2-pcs
KJC-LU-ASJ-11412,ASJ,Asim Jofa,LU,https://asimjofa.com/products/ajso-50-embroidered-cambric-shirt-1-pc
KJC-LU-ASJ-11413,ASJ,Asim Jofa,LU,https://asimjofa.com/products/ajso-58-embroidered-cambric-shirt-trouser-2-pc
KJC-LU-ASJ-11414,ASJ,Asim Jofa,LU,https://asimjofa.com/products/ajso-129-embroidered-cambric-shirt-dupatta-2-pcs
KJC-LU-ASJ-11415,ASJ,Asim Jofa,LU,https://asimjofa.com/products/ajwe-01-embroidered-cambric-unstitched-3-pcs
KJC-LU-ASJ-11416,ASJ,Asim Jofa,LU,https://asimjofa.com/products/ajso-145-embroidered-cambric-shirt-dupatta-2-pcs
KJC-LU-ASJ-11417,ASJ,Asim Jofa,LU,https://asimjofa.com/products/ajso-385-unstitched-2-pcs-shirt-trouser
KJC-LU-ASJ-11418,ASJ,Asim Jofa,LU,https://asimjofa.com/products/ajgl-12-printed-lawn-2-pcs
KJC-LU-ASJ-11419,ASJ,Asim Jofa,LU,https://asimjofa.com/products/ajgl-11-printed-lawn-2-pcs
KJC-LU-ASJ-11420,ASJ,Asim Jofa,LU,https://asimjofa.com/products/ajgl-10-printed-lawn-2-pcs
KJC-LU-ASJ-11421,ASJ,Asim Jofa,LU,https://asimjofa.com/products/ajgl-09-printed-lawn-2-pcs
KJC-LU-ASJ-11422,ASJ,Asim Jofa,LU,https://asimjofa.com/products/ajgl-08-printed-lawn-2-pcs
KJC-LU-ASJ-11423,ASJ,Asim Jofa,LU,https://asimjofa.com/products/ajgl-07-printed-lawn-2-pcs
KJC-LU-ASJ-11424,ASJ,Asim Jofa,LU,https://asimjofa.com/products/ajgl-06-printed-lawn-2-pcs
KJC-LU-ASJ-11425,ASJ,Asim Jofa,LU,https://asimjofa.com/products/ajgl-05-printed-lawn-2-pcs
KJC-LU-ASJ-11426,ASJ,Asim Jofa,LU,https://asimjofa.com/products/ajgl-04-printed-lawn-2-pcs
KJC-LU-ASJ-11427,ASJ,Asim Jofa,LU,https://asimjofa.com/products/ajgl-03-printed-lawn-2-pcs
KJC-LU-ASJ-11428,ASJ,Asim Jofa,LU,https://asimjofa.com/products/ajgl-02-printed-lawn-2-pcs
KJC-LU-ASJ-11429,ASJ,Asim Jofa,LU,https://asimjofa.com/products/ajgl-01-printed-lawn-2-pcs
KJC-LU-ASJ-11430,ASJ,Asim Jofa,LU,https://asimjofa.com/products/ajulih-09-embroidered-boski-silk-unstitched-3-pcs
KJC-LU-ASJ-11431,ASJ,Asim Jofa,LU,https://asimjofa.com/products/ajulih-06-embroidered-poly-net-unstitched-3-pcs
KJC-LU-ASJ-11432,ASJ,Asim Jofa,LU,https://asimjofa.com/products/ajulih-01-embroidered-poly-net-unstitched-3-pcs
KJC-LU-ASJ-11433,ASJ,Asim Jofa,LU,https://asimjofa.com/products/ajulih-05-embroidered-poly-net-unstitched-3-pcs
KJC-LU-ASJ-11434,ASJ,Asim Jofa,LU,https://asimjofa.com/products/ajulih-10-embroidered-net-unstitched-3-pcs
KJC-LU-ASJ-11435,ASJ,Asim Jofa,LU,https://asimjofa.com/products/ajulih-03-embroidered-chiffon-unstitched-3-pcs
KJC-LU-ASJ-11436,ASJ,Asim Jofa,LU,https://asimjofa.com/products/ajulih-02-embroidered-poly-net-unstitched-3-pcs
KJC-LU-ASJ-11437,ASJ,Asim Jofa,LU,https://asimjofa.com/products/ajulih-07-embroidered-boski-silk-unstitched-3-pcs
KJC-LU-ASJ-11438,ASJ,Asim Jofa,LU,https://asimjofa.com/products/ajulih-04-embroidered-organza-unstitched-3-pcs
KJC-LU-ASJ-11439,ASJ,Asim Jofa,LU,https://asimjofa.com/products/ajulih-08-embroidered-twisted-silk-unstitched-3-pcs
KJC-LU-ASJ-11440,ASJ,Asim Jofa,LU,https://asimjofa.com/products/ajubm-10-unstitched-egyptian-cotton-2pc
KJC-LU-ASJ-11441,ASJ,Asim Jofa,LU,https://asimjofa.com/products/ajubm-09-unstitched-egyptian-cotton-2pc
KJC-LU-ASJ-11442,ASJ,Asim Jofa,LU,https://asimjofa.com/products/ajubm-08-unstitched-egyptian-cotton-2pc
KJC-LU-ASJ-11443,ASJ,Asim Jofa,LU,https://asimjofa.com/products/ajubm-07-unstitched-egyptian-cotton-2pc
KJC-LU-ASJ-11444,ASJ,Asim Jofa,LU,https://asimjofa.com/products/ajubm-06-unstitched-egyptian-cotton-2pc
KJC-LU-ASJ-11445,ASJ,Asim Jofa,LU,https://asimjofa.com/products/ajubm-05-unstitched-egyptian-cotton-2pc
KJC-LU-ASJ-11446,ASJ,Asim Jofa,LU,https://asimjofa.com/products/ajubm-04-unstitched-egyptian-cotton-2pc
KJC-LU-ASJ-11447,ASJ,Asim Jofa,LU,https://asimjofa.com/products/ajubm-03-unstitched-egyptian-cotton-2pc
KJC-LU-ASJ-11448,ASJ,Asim Jofa,LU,https://asimjofa.com/products/ajubm-02-unstitched-egyptian-cotton-2pc
KJC-LU-ASJ-11449,ASJ,Asim Jofa,LU,https://asimjofa.com/products/ajubm-01-unstitched-egyptian-cotton-2pc-1
KJC-LU-ASJ-11450,ASJ,Asim Jofa,LU,https://asimjofa.com/products/ajulfh-10-embroidered-chiffon-unstitched-3-pcs
KJC-LU-ASJ-11451,ASJ,Asim Jofa,LU,https://asimjofa.com/products/ajulfh-09-embroidered-twisted-silk-unstitched-2-pcs
KJC-LU-ASJ-11452,ASJ,Asim Jofa,LU,https://asimjofa.com/products/ajulfh-08-embroidered-chiffon-unstitched-3-pcs
KJC-LU-ASJ-11453,ASJ,Asim Jofa,LU,https://asimjofa.com/products/ajulfh-07-embroidered-chiffon-unstitched-3-pcs
KJC-LU-ASJ-11454,ASJ,Asim Jofa,LU,https://asimjofa.com/products/ajulfh-06-embroidered-twisted-silk-unstitched-2-pcs
KJC-LU-ASJ-11455,ASJ,Asim Jofa,LU,https://asimjofa.com/products/ajulfh-05-embroidered-chiffon-unstitched-2-pcs
KJC-LU-ASJ-11456,ASJ,Asim Jofa,LU,https://asimjofa.com/products/ajulfh-04-embroidered-chiffon-unstitched-3-pcs
KJC-LU-ASJ-11457,ASJ,Asim Jofa,LU,https://asimjofa.com/products/ajulfh-03-embroidered-twisted-silk-unstitched-3-pcs
KJC-LU-ASJ-11458,ASJ,Asim Jofa,LU,https://asimjofa.com/products/ajulfh-02-embroidered-net-unstitched-2-pcs
KJC-LU-ASJ-11459,ASJ,Asim Jofa,LU,https://asimjofa.com/products/ajulfh-01-embroidered-chiffon-unstitched-3-pcs
KJC-LU-ASJ-11460,ASJ,Asim Jofa,LU,https://asimjofa.com/products/ajulc-10-embroidered-paper-cotton-unstitched-3-pcs
KJC-LU-ASJ-11461,ASJ,Asim Jofa,LU,https://asimjofa.com/products/ajulc-09-embroidered-paper-cotton-unstitched-3-pcs
KJC-LU-ASJ-11462,ASJ,Asim Jofa,LU,https://asimjofa.com/products/ajulc-08-embroidered-chiffon-unstitched-3-pcs
KJC-LU-ASJ-11463,ASJ,Asim Jofa,LU,https://asimjofa.com/products/ajulc-07-embroidered-paper-cotton-unstitched-3-pcs
KJC-LU-ASJ-11464,ASJ,Asim Jofa,LU,https://asimjofa.com/products/ajulc-06-embroidered-paper-cotton-unstitched-3-pcs
KJC-LU-ASJ-11465,ASJ,Asim Jofa,LU,https://asimjofa.com/products/ajulc-05-embroidered-paper-cotton-unstitched-3-pcs
KJC-LU-ASJ-11466,ASJ,Asim Jofa,LU,https://asimjofa.com/products/ajulc-04-embroidered-paper-cotton-unstitched-3-pcs
KJC-LU-ASJ-11467,ASJ,Asim Jofa,LU,https://asimjofa.com/products/ajulc-03-embroidered-paper-cotton-unstitched-3-pcs
KJC-LU-ASJ-11468,ASJ,Asim Jofa,LU,https://asimjofa.com/products/ajulc-02-embroidered-paper-cotton-unstitched-3-pcs
KJC-LU-ASJ-11469,ASJ,Asim Jofa,LU,https://asimjofa.com/products/ajulc-01-embroidered-paper-cotton-unstitched-3-pcs
KJC-LU-ASJ-11470,ASJ,Asim Jofa,LU,https://asimjofa.com/products/ajubep-09-printed-embroidered-cambric-unstitched-3-pcs
KJC-LU-ASJ-11471,ASJ,Asim Jofa,LU,https://asimjofa.com/products/ajubep-08-printed-embroidered-cambric-unstitched-3-pcs
KJC-LU-ASJ-11472,ASJ,Asim Jofa,LU,https://asimjofa.com/products/ajubep-07-printed-embroidered-cambric-unstitched-3-pcs
KJC-LU-ASJ-11473,ASJ,Asim Jofa,LU,https://asimjofa.com/products/ajubep-06-printed-embroidered-cambric-unstitched-3-pcs
KJC-LU-ASJ-11474,ASJ,Asim Jofa,LU,https://asimjofa.com/products/ajubep-05-printed-embroidered-cambric-unstitched-3-pcs
KJC-LU-ASJ-11475,ASJ,Asim Jofa,LU,https://asimjofa.com/products/ajubep-04-printed-embroidered-cambric-unstitched-3-pcs
KJC-LU-ASJ-11476,ASJ,Asim Jofa,LU,https://asimjofa.com/products/ajubep-03-printed-embroidered-cambric-unstitched-3-pcs
KJC-LU-ASJ-11477,ASJ,Asim Jofa,LU,https://asimjofa.com/products/ajubep-02-printed-embroidered-cambric-unstitched-3-pcs
KJC-LU-ASJ-11478,ASJ,Asim Jofa,LU,https://asimjofa.com/products/ajubep-01-printed-embroidered-cambric-unstitched-3-pcs
KJC-LU-ASJ-11479,ASJ,Asim Jofa,LU,https://asimjofa.com/products/ajulif-09-embroidered-chiffon-unstitched-3-pcs
KJC-LU-ASJ-11480,ASJ,Asim Jofa,LU,https://asimjofa.com/products/ajulif-08-embroidered-boski-silk-unstitched-2-pcs
KJC-LU-ASJ-11481,ASJ,Asim Jofa,LU,https://asimjofa.com/products/ajulif-07-embroidered-twisted-silk-unstitched-3-pcs
KJC-LU-ASJ-11482,ASJ,Asim Jofa,LU,https://asimjofa.com/products/ajulif-03-embroidered-paper-cotton-unstitched-3-pcs
KJC-LU-ASJ-11483,ASJ,Asim Jofa,LU,https://asimjofa.com/products/ajulif-02-embroidered-raw-silk-unstitched-3-pcs
KJC-LU-ASJ-11484,ASJ,Asim Jofa,LU,https://asimjofa.com/products/ajulif-01-embroidered-poly-net-unstitched-3-pcs
KJC-LU-ASJ-11485,ASJ,Asim Jofa,LU,https://asimjofa.com/products/ajulfe-13-embroidered-slub-lawn-unstitched-3-pcs
KJC-LU-ASJ-11486,ASJ,Asim Jofa,LU,https://asimjofa.com/products/ajulfe-12-embroidered-zari-check-net-unstitched-3-pcs
KJC-LU-ASJ-11487,ASJ,Asim Jofa,LU,https://asimjofa.com/products/ajulfe-11-embroidered-chiffon-unstitched-3-pcs
KJC-LU-ASJ-11488,ASJ,Asim Jofa,LU,https://asimjofa.com/products/ajulfe-10-embroidered-chiffon-unstitched-3-pcs
KJC-LU-ASJ-11489,ASJ,Asim Jofa,LU,https://asimjofa.com/products/ajulfe-08-embroidered-poly-net-unstitched-3-pcs
KJC-LU-ASJ-11490,ASJ,Asim Jofa,LU,https://asimjofa.com/products/ajulfe-07-embroidered-organza-unstitched-3-pcs
KJC-LU-ASJ-11491,ASJ,Asim Jofa,LU,https://asimjofa.com/products/ajulfe-06-embroidered-raw-silk-unstitched-3-pcs
KJC-LU-ASJ-11492,ASJ,Asim Jofa,LU,https://asimjofa.com/products/ajulfe-05-embroidered-raw-silk-unstitched-3-pcs
KJC-LU-ASJ-11493,ASJ,Asim Jofa,LU,https://asimjofa.com/products/ajulfe-04-embroidered-poly-net-unstitched-3-pcs
KJC-LU-ASJ-11494,ASJ,Asim Jofa,LU,https://asimjofa.com/products/ajulfe-03-embroidered-organza-unstitched-3-pcs
KJC-LU-ASJ-11495,ASJ,Asim Jofa,LU,https://asimjofa.com/products/ajulfe-02-embroidered-chiffon-unstitched-3-pcs
KJC-LU-ASJ-11496,ASJ,Asim Jofa,LU,https://asimjofa.com/products/ajulfe-01-embroidered-poly-net-unstitched-3-pcs
KJC-LU-ASJ-11497,ASJ,Asim Jofa,LU,https://asimjofa.com/products/ajso-454-unstitched-1-pc-dupatta
KJC-LU-ASJ-11498,ASJ,Asim Jofa,LU,https://asimjofa.com/products/ajso-479-unstitched-1-pc-dupatta
KJC-LU-ASJ-11499,ASJ,Asim Jofa,LU,https://asimjofa.com/products/ajso-478-unstitched-1-pc-dupatta
KJC-LU-ASJ-11500,ASJ,Asim Jofa,LU,https://asimjofa.com/products/ajso-465-unstitched-1-pc-dupatta
KJC-LU-ASJ-11501,ASJ,Asim Jofa,LU,https://asimjofa.com/products/ajso-472-unstitched-1-pc-dupatta
KJC-LU-ASJ-11502,ASJ,Asim Jofa,LU,https://asimjofa.com/products/ajso-477-unstitched-1-pc-dupatta
KJC-LU-ASJ-11503,ASJ,Asim Jofa,LU,https://asimjofa.com/products/ajso-475-unstitched-1-pc-dupatta
KJC-LU-ASJ-11504,ASJ,Asim Jofa,LU,https://asimjofa.com/products/ajso-459-unstitched-1-pc-dupatta
KJC-LU-ASJ-11505,ASJ,Asim Jofa,LU,https://asimjofa.com/products/ajso-458-unstitched-1-pc-dupatta
KJC-LU-ASJ-11506,ASJ,Asim Jofa,LU,https://asimjofa.com/products/ajso-456-unstitched-1-pc-dupatta
KJC-LU-ASJ-11507,ASJ,Asim Jofa,LU,https://asimjofa.com/products/ajso-473-unstitched-1-pc-dupatta
KJC-LU-ASJ-11508,ASJ,Asim Jofa,LU,https://asimjofa.com/products/ajso-460-unstitched-1-pc-dupatta
KJC-LU-ASJ-11509,ASJ,Asim Jofa,LU,https://asimjofa.com/products/ajso-457-unstitched-1-pc-dupatta
KJC-LU-ASJ-11510,ASJ,Asim Jofa,LU,https://asimjofa.com/products/ajso-461-unstitched-1-pc-dupatta
KJC-LU-ASJ-11511,ASJ,Asim Jofa,LU,https://asimjofa.com/products/ajulfb-04-embroidered-boski-silk-unstitched-2-pcs
KJC-LU-ASJ-11512,ASJ,Asim Jofa,LU,https://asimjofa.com/products/ajulfb-03-embroidered-poly-net-unstitched-2-pcs
KJC-LU-ASJ-11513,ASJ,Asim Jofa,LU,https://asimjofa.com/products/ajulfb-06-embroidered-poly-net-unstitched-3-pcs
KJC-LU-ASJ-11514,ASJ,Asim Jofa,LU,https://asimjofa.com/products/ajmub-12-embroidered-cambric-unstitched-3-pcs
KJC-LU-ASJ-11515,ASJ,Asim Jofa,LU,https://asimjofa.com/products/ajmub-10-embroidered-cambric-unstitched-3-pcs
KJC-LU-ASJ-11516,ASJ,Asim Jofa,LU,https://asimjofa.com/products/ajmub-08-embroidered-cambric-unstitched-3-pcs
KJC-LU-ASJ-11517,ASJ,Asim Jofa,LU,https://asimjofa.com/products/ajmub-07-embroidered-cambric-unstitched-3-pcs
KJC-LU-ASJ-11518,ASJ,Asim Jofa,LU,https://asimjofa.com/products/ajmub-03-embroidered-cambric-unstitched-3-pcs
KJC-LU-ASJ-11519,ASJ,Asim Jofa,LU,https://asimjofa.com/products/ajmub-02-embroidered-cambric-unstitched-3-pcs
KJC-LU-ASJ-11520,ASJ,Asim Jofa,LU,https://asimjofa.com/products/ajmub-01-embroidered-cambric-unstitched-3-pcs
KJC-LU-ASJ-11521,ASJ,Asim Jofa,LU,https://asimjofa.com/products/ajso-423-unstitched-2-pcs-shirt-dupatta
KJC-LU-ASJ-11522,ASJ,Asim Jofa,LU,https://asimjofa.com/products/ajso-421-unstitched-2-pcs-shirt-dupatta
KJC-LU-ASJ-11523,ASJ,Asim Jofa,LU,https://asimjofa.com/products/ajso-420-unstitched-2-pcs-shirt-dupatta
KJC-LU-ASJ-11524,ASJ,Asim Jofa,LU,https://asimjofa.com/products/ajso-419-unstitched-2-pcs-shirt-dupatta
KJC-LU-ASJ-11525,ASJ,Asim Jofa,LU,https://asimjofa.com/products/ajso-417-unstitched-2-pcs-shirt-dupatta
KJC-LU-ASJ-11526,ASJ,Asim Jofa,LU,https://asimjofa.com/products/ajso-415-unstitched-2-pcs-shirt-dupatta
KJC-LU-ASJ-11527,ASJ,Asim Jofa,LU,https://asimjofa.com/products/ajso-413-unstitched-2-pcs-shirt-dupatta
KJC-LU-ASJ-11528,ASJ,Asim Jofa,LU,https://asimjofa.com/products/ajso-411-unstitched-2-pcs-shirt-dupatta
KJC-LU-ASJ-11529,ASJ,Asim Jofa,LU,https://asimjofa.com/products/ajso-408-unstitched-2-pcs-shirt-dupatta
KJC-LU-ASJ-11530,ASJ,Asim Jofa,LU,https://asimjofa.com/products/ajso-407-unstitched-2-pcs-shirt-dupatta
KJC-LU-ASJ-11531,ASJ,Asim Jofa,LU,https://asimjofa.com/products/ajso-405-unstitched-2-pcs-shirt-dupatta
KJC-LU-ASJ-11532,ASJ,Asim Jofa,LU,https://asimjofa.com/products/ajso-374-unstitched-2-pcs-shirt-dupatta
KJC-LU-ASJ-11533,ASJ,Asim Jofa,LU,https://asimjofa.com/products/ajso-386-unstitched-2-pcs-shirt-dupatta
KJC-LU-ASJ-11534,ASJ,Asim Jofa,LU,https://asimjofa.com/products/ajso-388-unstitched-2-pcs-shirt-dupatta
KJC-LU-ASJ-11535,ASJ,Asim Jofa,LU,https://asimjofa.com/products/ajso-387-unstitched-2-pcs-shirt-dupatta
KJC-LU-ASJ-11536,ASJ,Asim Jofa,LU,https://asimjofa.com/products/ajso-390-unstitched-2-pcs-shirt-dupatta
KJC-LU-ASJ-11537,ASJ,Asim Jofa,LU,https://asimjofa.com/products/ajso-391-unstitched-2-pcs-shirt-dupatta
KJC-LU-ASJ-11538,ASJ,Asim Jofa,LU,https://asimjofa.com/products/ajso-392-unstitched-2-pcs-shirt-dupatta
KJC-LU-ASJ-11539,ASJ,Asim Jofa,LU,https://asimjofa.com/products/ajso-393-unstitched-2-pcs-shirt-dupatta
KJC-LU-ASJ-11540,ASJ,Asim Jofa,LU,https://asimjofa.com/products/ajso-394-unstitched-3-pcs-shirt-dupatta-trouser
KJC-LU-ASJ-11541,ASJ,Asim Jofa,LU,https://asimjofa.com/products/ajso-395-unstitched-2-pcs-shirt-dupatta
KJC-LU-ASJ-11542,ASJ,Asim Jofa,LU,https://asimjofa.com/products/ajso-396-unstitched-2-pcs-shirt-dupatta
KJC-LU-ASJ-11543,ASJ,Asim Jofa,LU,https://asimjofa.com/products/ajso-397-unstitched-2-pcs-shirt-dupatta
KJC-LU-ASJ-11544,ASJ,Asim Jofa,LU,https://asimjofa.com/products/ajso-398-unstitched-2-pcs-shirt-dupatta
KJC-LU-ASJ-11545,ASJ,Asim Jofa,LU,https://asimjofa.com/products/ajso-399-unstitched-2-pcs-shirt-dupatta
KJC-LU-ASJ-11546,ASJ,Asim Jofa,LU,https://asimjofa.com/products/ajso-401-unstitched-2-pcs-shirt-dupatta
KJC-LU-ASJ-11547,ASJ,Asim Jofa,LU,https://asimjofa.com/products/ajso-409-unstitched-2-pcs-shirt-dupatta
KJC-LU-ASJ-11548,ASJ,Asim Jofa,LU,https://asimjofa.com/products/ajso-373-unstitched-2-pcs-shirt-dupatta
KJC-LU-ASJ-11549,ASJ,Asim Jofa,LU,https://asimjofa.com/products/ajso-402-unstitched-2-pcs-shirt-dupatta
KJC-LU-ASJ-11550,ASJ,Asim Jofa,LU,https://asimjofa.com/products/ajulw-12-embroidered-lawn-unstitched-3-pcs
KJC-LU-ASJ-11551,ASJ,Asim Jofa,LU,https://asimjofa.com/products/ajulw-11-embroidered-lawn-unstitched-3-pcs
KJC-LU-ASJ-11552,ASJ,Asim Jofa,LU,https://asimjofa.com/products/ajulw-09-embroidered-lawn-unstitched-3-pcs
KJC-LU-ASJ-11553,ASJ,Asim Jofa,LU,https://asimjofa.com/products/ajulw-08-embroidered-lawn-unstitched-3-pcs
KJC-LU-ASJ-11554,ASJ,Asim Jofa,LU,https://asimjofa.com/products/ajulw-06-embroidered-lawn-unstitched-3-pcs
KJC-LU-ASJ-11555,ASJ,Asim Jofa,LU,https://asimjofa.com/products/ajulw-05-embroidered-lawn-unstitched-3-pcs
KJC-LU-ASJ-11556,ASJ,Asim Jofa,LU,https://asimjofa.com/products/ajulw-04-embroidered-lawn-unstitched-3-pcs
KJC-LU-ASJ-11557,ASJ,Asim Jofa,LU,https://asimjofa.com/products/ajulw-03-embroidered-lawn-unstitched-3-pcs
KJC-LU-ASJ-11558,ASJ,Asim Jofa,LU,https://asimjofa.com/products/ajulw-01-embroidered-lawn-unstitched-3-pcs
KJC-LU-ASJ-11559,ASJ,Asim Jofa,LU,https://asimjofa.com/products/ajulfi-09-embroidered-net-unstitched-2-pcs
KJC-LU-ASJ-11560,ASJ,Asim Jofa,LU,https://asimjofa.com/products/ajulfi-08-embroidered-organza-unstitched-3-pcs
KJC-LU-ASJ-11561,ASJ,Asim Jofa,LU,https://asimjofa.com/products/ajulfi-07-embroidered-silk-unstitched-2-pcs
KJC-LU-ASJ-11562,ASJ,Asim Jofa,LU,https://asimjofa.com/products/ajulfi-06-embroidered-net-unstitched-3-pcs
KJC-LU-ASJ-11563,ASJ,Asim Jofa,LU,https://asimjofa.com/products/ajulfi-05-embroidered-chiffon-unstitched-3-pcs
KJC-LU-ASJ-11564,ASJ,Asim Jofa,LU,https://asimjofa.com/products/ajulfi-03-embroidered-charmeuse-silk-unstitched-3-pcs
KJC-LU-ASJ-11565,ASJ,Asim Jofa,LU,https://asimjofa.com/products/ajso-345-unstitched-2-pcs-shirt-trouser
KJC-LU-ASJ-11566,ASJ,Asim Jofa,LU,https://asimjofa.com/products/ajso-233-unstitched-3-pcs-shirt-dupatta-trouser
KJC-LU-ASJ-11567,ASJ,Asim Jofa,LU,https://asimjofa.com/products/ajso-158-unstitched-2-pcs-shirt-dupatta
KJC-LU-ASJ-11568,ASJ,Asim Jofa,LU,https://asimjofa.com/products/ajso-379-unstitched-2-pcs-shirt-dupatta
KJC-LU-ASJ-11569,ASJ,Asim Jofa,LU,https://asimjofa.com/products/ajso-369-unstitched-2-pcs-shirt-dupatta
KJC-LU-ASJ-11570,ASJ,Asim Jofa,LU,https://asimjofa.com/products/ajso-361-unstitched-2-pcs-shirt-dupatta
KJC-LU-ASJ-11571,ASJ,Asim Jofa,LU,https://asimjofa.com/products/ajso-355-unstitched-3-pcs-shirt-dupatta-trouser
KJC-LU-ASJ-11572,ASJ,Asim Jofa,LU,https://asimjofa.com/products/ajso-350-unstitched-2-pcs-shirt-dupatta
KJC-LU-ASJ-11573,ASJ,Asim Jofa,LU,https://asimjofa.com/products/ajso-382-unstitched-2-pcs-shirt-dupatta
KJC-LU-ASJ-11574,ASJ,Asim Jofa,LU,https://asimjofa.com/products/ajso-377-unstitched-2-pcs-shirt-dupatta
KJC-LU-ASJ-11575,ASJ,Asim Jofa,LU,https://asimjofa.com/products/ajso-368-unstitched-2-pcs-shirt-dupatta
KJC-LU-ASJ-11576,ASJ,Asim Jofa,LU,https://asimjofa.com/products/ajso-363-unstitched-2-pcs-shirt-dupatta
KJC-LU-ASJ-11577,ASJ,Asim Jofa,LU,https://asimjofa.com/products/ajso-352-unstitched-2-pcs-shirt-dupatta
KJC-LU-ASJ-11578,ASJ,Asim Jofa,LU,https://asimjofa.com/products/ajso-351-unstitched-2-pcs-shirt-dupatta
KJC-LU-ASJ-11579,ASJ,Asim Jofa,LU,https://asimjofa.com/products/ajso-341-unstitched-2-pcs-shirt-dupatta
KJC-LU-ASJ-11580,ASJ,Asim Jofa,LU,https://asimjofa.com/products/ajso-380-unstitched-3-pcs-shirt-dupatta-trouser
KJC-LU-ASJ-11581,ASJ,Asim Jofa,LU,https://asimjofa.com/products/ajso-378-unstitched-2-pcs-shirt-dupatta
KJC-LU-ASJ-11582,ASJ,Asim Jofa,LU,https://asimjofa.com/products/ajso-375-unstitched-2-pcs-shirt-dupatta
KJC-LU-ASJ-11583,ASJ,Asim Jofa,LU,https://asimjofa.com/products/ajso-371-unstitched-2-pcs-shirt-dupatta
KJC-LU-ASJ-11584,ASJ,Asim Jofa,LU,https://asimjofa.com/products/ajso-370-unstitched-3-pcs-shirt-dupatta-trouser
KJC-LU-ASJ-11585,ASJ,Asim Jofa,LU,https://asimjofa.com/products/ajso-360-unstitched-2-pcs-shirt-dupatta
KJC-LU-ASJ-11586,ASJ,Asim Jofa,LU,https://asimjofa.com/products/ajso-358-unstitched-2-pcs-shirt-dupatta
KJC-LU-ASJ-11587,ASJ,Asim Jofa,LU,https://asimjofa.com/products/ajso-340-unstitched-2-pcs-shirt-trouser
KJC-LU-ASJ-11588,ASJ,Asim Jofa,LU,https://asimjofa.com/products/ajso-367-unstitched-2-pcs-shirt-dupatta
KJC-LU-ASJ-11589,ASJ,Asim Jofa,LU,https://asimjofa.com/products/ajso-366-unstitched-2-pcs-shirt-dupatta
KJC-LU-ASJ-11590,ASJ,Asim Jofa,LU,https://asimjofa.com/products/ajso-365-unstitched-3-pcs-shirt-dupatta-trouser
KJC-LU-ASJ-11591,ASJ,Asim Jofa,LU,https://asimjofa.com/products/ajso-364-unstitched-2-pcs-shirt-dupatta
KJC-LU-ASJ-11592,ASJ,Asim Jofa,LU,https://asimjofa.com/products/ajso-362-unstitched-2-pcs-shirt-dupatta
KJC-LU-ASJ-11593,ASJ,Asim Jofa,LU,https://asimjofa.com/products/ajso-359-unstitched-3-pcs-shirt-dupatta-trouser
KJC-LU-ASJ-11594,ASJ,Asim Jofa,LU,https://asimjofa.com/products/ajso-357-unstitched-3-pcs-shirt-dupatta-trouser
KJC-LU-ASJ-11595,ASJ,Asim Jofa,LU,https://asimjofa.com/products/ajso-356-unstitched-2-pcs-shirt-dupatta
KJC-LU-ASJ-11596,ASJ,Asim Jofa,LU,https://asimjofa.com/products/ajso-354-unstitched-3-pcs-shirt-dupatta-trouser
KJC-LU-ASJ-11597,ASJ,Asim Jofa,LU,https://asimjofa.com/products/ajso-353-unstitched-2-pcs-shirt-dupatta
KJC-LU-ASJ-11598,ASJ,Asim Jofa,LU,https://asimjofa.com/products/ajso-349-unstitched-3-pcs-shirt-dupatta-trouser
KJC-LU-ASJ-11599,ASJ,Asim Jofa,LU,https://asimjofa.com/products/ajso-348-unstitched-2-pcs-shirt-dupatta
KJC-LU-ASJ-11600,ASJ,Asim Jofa,LU,https://asimjofa.com/products/ajso-347-unstitched-2-pcs-shirt-dupatta
KJC-LU-ASJ-11601,ASJ,Asim Jofa,LU,https://asimjofa.com/products/ajso-346-unstitched-3-pcs-shirt-dupatta-trouser
KJC-LU-ASJ-11602,ASJ,Asim Jofa,LU,https://asimjofa.com/products/ajso-343-unstitched-2-pcs-shirt-dupatta
KJC-LU-ASJ-11603,ASJ,Asim Jofa,LU,https://asimjofa.com/products/ajso-342-unstitched-2-pcs-shirt-dupatta
KJC-LU-ASJ-11604,ASJ,Asim Jofa,LU,https://asimjofa.com/products/ajso-338-unstitched-2-pcs-shirt-dupatta
KJC-LU-ASJ-11605,ASJ,Asim Jofa,LU,https://asimjofa.com/products/ajulsc-10-embroidered-raw-silk-unstitched-3-pcs
KJC-LU-ASJ-11606,ASJ,Asim Jofa,LU,https://asimjofa.com/products/ajulsc-09-embroidered-crepe-silk-unstitched-3-pcs
KJC-LU-ASJ-11607,ASJ,Asim Jofa,LU,https://asimjofa.com/products/ajulsc-08-embroidered-raw-silk-unstitched-3-pcs
KJC-LU-ASJ-11608,ASJ,Asim Jofa,LU,https://asimjofa.com/products/ajulsc-07-embroidered-raw-silk-unstitched-3-pcs
KJC-LU-ASJ-11609,ASJ,Asim Jofa,LU,https://asimjofa.com/products/ajulsc-05-embroidered-charmeuse-silk-unstitched-3-pcs
KJC-LU-ASJ-11610,ASJ,Asim Jofa,LU,https://asimjofa.com/products/ajulsc-04-embroidered-crepe-silk-unstitched-3-pcs
KJC-LU-ASJ-11611,ASJ,Asim Jofa,LU,https://asimjofa.com/products/ajulsc-02-embroidered-charmeuse-silk-unstitched-3-pcs
KJC-LU-ASJ-11612,ASJ,Asim Jofa,LU,https://asimjofa.com/products/ajso-331-unstitched-2-pcs-shirt-dupatta
KJC-LU-ASJ-11613,ASJ,Asim Jofa,LU,https://asimjofa.com/products/ajso-328-unstitched-3-pcs-shirt-dupatta-trouser
KJC-LU-ASJ-11614,ASJ,Asim Jofa,LU,https://asimjofa.com/products/ajso-326-unstitched-2-pcs-shirt-dupatta
KJC-LU-ASJ-11615,ASJ,Asim Jofa,LU,https://asimjofa.com/products/ajso-324-unstitched-3-pcs-shirt-dupatta-trouser
KJC-LU-ASJ-11616,ASJ,Asim Jofa,LU,https://asimjofa.com/products/ajso-323-unstitched-3-pcs-shirt-dupatta-trouser
KJC-LU-ASJ-11617,ASJ,Asim Jofa,LU,https://asimjofa.com/products/ajso-322-unstitched-3-pcs-shirt-dupatta-trouser
KJC-LU-ASJ-11618,ASJ,Asim Jofa,LU,https://asimjofa.com/products/ajso-317-unstitched-2-pcs-shirt-dupatta
KJC-LU-ASJ-11619,ASJ,Asim Jofa,LU,https://asimjofa.com/products/ajso-315-unstitched-2-pcs-shirt-dupatta
KJC-LU-ASJ-11620,ASJ,Asim Jofa,LU,https://asimjofa.com/products/ajso-313-unstitched-2-pcs-shirt-trouser
KJC-LU-ASJ-11621,ASJ,Asim Jofa,LU,https://asimjofa.com/products/ajso-312-unstitched-3-pcs-shirt-dupatta-trouser
KJC-LU-ASJ-11622,ASJ,Asim Jofa,LU,https://asimjofa.com/products/ajso-311-unstitched-2-pcs-shirt-dupatta
KJC-LU-ASJ-11623,ASJ,Asim Jofa,LU,https://asimjofa.com/products/ajso-310-unstitched-3-pcs-shirt-dupatta-trouser
KJC-LU-ASJ-11624,ASJ,Asim Jofa,LU,https://asimjofa.com/products/ajuln-20-embroidered-net-unstitched-3-pcs
KJC-LU-ASJ-11625,ASJ,Asim Jofa,LU,https://asimjofa.com/products/ajuln-14-embroidered-net-unstitched-3-pcs
KJC-LU-ASJ-11626,ASJ,Asim Jofa,LU,https://asimjofa.com/products/ajuln-13-embroidered-javeria-net-unstitched-3-pcs
KJC-LU-ASJ-11627,ASJ,Asim Jofa,LU,https://asimjofa.com/products/ajuln-11-embroidered-two-toned-cotton-silk-unstitched-3-pcs
KJC-LU-ASJ-11628,ASJ,Asim Jofa,LU,https://asimjofa.com/products/ajuln-10-embroidered-net-unstitched-3-pcs
KJC-LU-ASJ-11629,ASJ,Asim Jofa,LU,https://asimjofa.com/products/ajuln-09-embroidered-cotton-net-unstitched-3-pcs
KJC-LU-ASJ-11630,ASJ,Asim Jofa,LU,https://asimjofa.com/products/ajuln-08-embroidered-net-unstitched-3-pcs
KJC-LU-ASJ-11631,ASJ,Asim Jofa,LU,https://asimjofa.com/products/ajuln-07-embroidered-cotton-silk-unstitched-3-pcs
KJC-LU-ASJ-11632,ASJ,Asim Jofa,LU,https://asimjofa.com/products/ajuln-06-embroidered-silk-unstitched-3-pcs
KJC-LU-ASJ-11633,ASJ,Asim Jofa,LU,https://asimjofa.com/products/ajuln-05-embroidered-javeria-net-unstitched-3-pcs
KJC-LU-ASJ-11634,ASJ,Asim Jofa,LU,https://asimjofa.com/products/ajuln-04-embroidered-chiffon-unstitched-3-pcs
KJC-LU-ASJ-11635,ASJ,Asim Jofa,LU,https://asimjofa.com/products/ajuln-03-embroidered-chiffon-unstitched-3-pcs
KJC-LU-ASJ-11636,ASJ,Asim Jofa,LU,https://asimjofa.com/products/ajuln-02-embroidered-javeria-net-unstitched-3-pcs
KJC-LU-ASJ-11637,ASJ,Asim Jofa,LU,https://asimjofa.com/products/ajuln-15-embroidered-zari-tissue-net-unstitched-3-pcs
KJC-LU-ASJ-11638,ASJ,Asim Jofa,LU,https://asimjofa.com/products/ajuln-16-embroidered-chiffon-unstitched-3-pcs
KJC-LU-ASJ-11639,ASJ,Asim Jofa,LU,https://asimjofa.com/products/ajuln-19-embroidered-zari-check-net-unstitched-3-pcs
KJC-LU-ASJ-11640,ASJ,Asim Jofa,LU,https://asimjofa.com/products/ajuln-18-embroidered-banarasi-unstitched-3-pcs
KJC-LU-ASJ-11641,ASJ,Asim Jofa,LU,https://asimjofa.com/products/ajuln-17-pails-embroidered-raw-silk-unstitched-3-pcs
KJC-LU-ASJ-11642,ASJ,Asim Jofa,LU,https://asimjofa.com/products/ajuln-01-embroidered-chiffon-unstitched-3-pcs
KJC-LU-ASJ-11643,ASJ,Asim Jofa,LU,https://asimjofa.com/products/ajso-299-unstitched-2-pcs-shirt-dupatta
KJC-LU-ASJ-11644,ASJ,Asim Jofa,LU,https://asimjofa.com/products/ajso-298-unstitched-3-pcs-shirt-dupatta-trouser
KJC-LU-ASJ-11645,ASJ,Asim Jofa,LU,https://asimjofa.com/products/ajso-297-unstitched-3-pcs-shirt-dupatta-trouser
KJC-LU-ASJ-11646,ASJ,Asim Jofa,LU,https://asimjofa.com/products/ajso-294-unstitched-3-pcs-shirt-dupatta-trouser
KJC-LU-ASJ-11647,ASJ,Asim Jofa,LU,https://asimjofa.com/products/ajso-291-unstitched-3-pcs-shirt-dupatta-trouser
KJC-LU-ASJ-11648,ASJ,Asim Jofa,LU,https://asimjofa.com/products/ajso-290-unstitched-3-pcs-shirt-dupatta-trouser
KJC-LU-ASJ-11649,ASJ,Asim Jofa,LU,https://asimjofa.com/products/ajso-289-unstitched-3-pcs-shirt-dupatta-trouser
KJC-LU-ASJ-11650,ASJ,Asim Jofa,LU,https://asimjofa.com/products/ajso-284-unstitched-2-pcs-shirt-dupatta
KJC-LU-ASJ-11651,ASJ,Asim Jofa,LU,https://asimjofa.com/products/ajso-283-unstitched-2-pcs-shirt-dupatta
KJC-LU-ASJ-11652,ASJ,Asim Jofa,LU,https://asimjofa.com/products/ajso-280-unstitched-2-pcs-shirt-dupatta
KJC-LU-ASJ-11653,ASJ,Asim Jofa,LU,https://asimjofa.com/products/ajso-276-unstitched-2-pcs-shirt-dupatta
KJC-LU-ASJ-11654,ASJ,Asim Jofa,LU,https://asimjofa.com/products/ajso-271-unstitched-3-pcs-shirt-dupatta-trouser
KJC-LU-ASJ-11655,ASJ,Asim Jofa,LU,https://asimjofa.com/products/ajso-269-unstitched-2-pcs-shirt-dupatta
KJC-LU-ASJ-11656,ASJ,Asim Jofa,LU,https://asimjofa.com/products/ajso-265-unstitched-3-pcs-shirt-dupatta-trouser
KJC-LU-ASJ-11657,ASJ,Asim Jofa,LU,https://asimjofa.com/products/ajso-264-unstitched-3-pcs-shirt-dupatta-trouser
KJC-LU-ASJ-11658,ASJ,Asim Jofa,LU,https://asimjofa.com/products/ajso-262-unstitched-3-pcs-shirt-dupatta-trouser
KJC-LU-ASJ-11659,ASJ,Asim Jofa,LU,https://asimjofa.com/products/ajso-261-unstitched-3-pcs-shirt-dupatta-trouser
KJC-LU-ASJ-11660,ASJ,Asim Jofa,LU,https://asimjofa.com/products/ajso-256-unstitched-3-pcs-shirt-dupatta-trouser
KJC-LU-ASJ-11661,ASJ,Asim Jofa,LU,https://asimjofa.com/products/ajso-254-unstitched-3-pcs-shirt-dupatta-trouser
KJC-LU-ASJ-11662,ASJ,Asim Jofa,LU,https://asimjofa.com/products/ajso-97-unstitched-2-pcs-shirt-dupatta
KJC-LU-ASJ-11663,ASJ,Asim Jofa,LU,https://asimjofa.com/products/ajso-248-embroidered-twill-3-pc-shirt-dupatta-trouser
KJC-LU-ASJ-11664,ASJ,Asim Jofa,LU,https://asimjofa.com/products/ajuld-12-embroidered-chiffon-unstitched-3-pcs
KJC-LU-ASJ-11665,ASJ,Asim Jofa,LU,https://asimjofa.com/products/ajuld-10-embroidered-poly-net-unstitched-3-pcs
KJC-LU-ASJ-11666,ASJ,Asim Jofa,LU,https://asimjofa.com/products/ajuld-07-embroidered-poly-net-unstitched-3-pcs
KJC-LU-ASJ-11667,ASJ,Asim Jofa,LU,https://asimjofa.com/products/ajuld-06-embroidered-chiffon-unstitched-3-pcs
KJC-LU-ASJ-11668,ASJ,Asim Jofa,LU,https://asimjofa.com/products/ajuld-04-embroidered-poly-net-unstitched-3-pcs
KJC-LU-ASJ-11669,ASJ,Asim Jofa,LU,https://asimjofa.com/products/ajuld-03-embroidered-cotton-silk-unstitched-3-pcs
KJC-LU-ASJ-11670,ASJ,Asim Jofa,LU,https://asimjofa.com/products/ajuld-01-embroidered-chiffon-unstitched-3-pcs
KJC-LU-ASJ-11671,ASJ,Asim Jofa,LU,https://asimjofa.com/products/ajso-201-embroidered-velvet-unstitched-shirt-dupatta-trouser-3-pcs
KJC-LU-ASJ-11672,ASJ,Asim Jofa,LU,https://asimjofa.com/products/ajso-199-embroidered-velvet-unstitched-shirt-dupatta-trouser-3-pcs
KJC-LU-ASJ-11673,ASJ,Asim Jofa,LU,https://asimjofa.com/products/ajso-192-velvet-shirt-dupatta-trouser-3-pcs
KJC-LU-ASJ-11674,ASJ,Asim Jofa,LU,https://asimjofa.com/products/ajso-191-velvet-shirt-dupatta-trouser-3-pcs
KJC-LU-ASJ-11675,ASJ,Asim Jofa,LU,https://asimjofa.com/products/ajso-190-velvet-shirt-dupatta-trouser-3-pcs
KJC-LU-ASJ-11676,ASJ,Asim Jofa,LU,https://asimjofa.com/products/ajso-230-velvet-shirt-dupatta-trouser-3-pcs
KJC-LU-ASJ-11677,ASJ,Asim Jofa,LU,https://asimjofa.com/products/ajso-225-jacquard-shirt-dupatta-2-pcs
KJC-LU-ASJ-11678,ASJ,Asim Jofa,LU,https://asimjofa.com/products/ajso-147-jacquard-shirt-dupatta-2-pcs
KJC-LU-ASJ-11679,ASJ,Asim Jofa,LU,https://asimjofa.com/products/ajso-126-embroidered-self-twill-shirt-dupatta-trouser-3-pcs
KJC-LU-ASJ-11680,ASJ,Asim Jofa,LU,https://asimjofa.com/products/ajso-193-embroidered-cotton-silk-shirt-dupatta-trouser-3-pcs
KJC-LU-ASJ-11681,ASJ,Asim Jofa,LU,https://asimjofa.com/products/ajso-195-embroidered-velvet-shirt-trouser-2-pcs
KJC-LU-ASJ-11682,ASJ,Asim Jofa,LU,https://asimjofa.com/products/ajso-239-embroidered-jacquard-shirt-dupatta-2-pcs
KJC-LU-ASJ-11683,ASJ,Asim Jofa,LU,https://asimjofa.com/products/ajso-178-printed-cambric-2pcshirt-dupatta-trouser-3-pcs
KJC-LU-ASJ-11684,ASJ,Asim Jofa,LU,https://asimjofa.com/products/ajso-242-cambric-shirt-dupatta-trouser-3-pcs
KJC-LU-ASJ-11685,ASJ,Asim Jofa,LU,https://asimjofa.com/products/ajso-196-embroidered-velvet-shirt-dupatta-trouser-3-pcs
KJC-LU-ASJ-11686,ASJ,Asim Jofa,LU,https://asimjofa.com/products/ajso-228-ajkid-09-embroidered-unstitched-3-pcshirt-dupatta-trouser-3-pcs
KJC-LU-ASJ-11687,ASJ,Asim Jofa,LU,https://asimjofa.com/products/ajso-183-embroidered-velvet-unstitched-2pcshirt-dupatta-trouser-3-pcs
KJC-LU-ASJ-11688,ASJ,Asim Jofa,LU,https://asimjofa.com/products/ajso-238-embroidered-cambric-1-pcshirt-dupatta-trouser-3-pcs
KJC-LU-ASJ-11689,ASJ,Asim Jofa,LU,https://asimjofa.com/products/ajso-181-embroidered-jacquard-shirt-dupatta-2-pcs
KJC-LU-ASJ-11690,ASJ,Asim Jofa,LU,https://asimjofa.com/products/ajso-217-embroidered-rib-lawn-unstitched-shirt-dupatta-trouser-3-pcs
KJC-LU-ASJ-11691,ASJ,Asim Jofa,LU,https://asimjofa.com/products/ajso-222-printed-rib-lawn-unstitched-shirt-dupatta-trouser-3-pcs
KJC-LU-ASJ-11692,ASJ,Asim Jofa,LU,https://asimjofa.com/products/ajso-216-embroidered-slub-rib-lawn-unstitched-shirt-dupatta-trouser-3-pcs
KJC-LU-ASJ-11693,ASJ,Asim Jofa,LU,https://asimjofa.com/products/ajso-231-embroidered-dobby-shirt-dupatta-2-pcs
KJC-LU-ASJ-11694,ASJ,Asim Jofa,LU,https://asimjofa.com/products/ajso-224-embroidered-lawn-shirt-dupatta-trouser-3-pcs
KJC-LU-ASJ-11695,ASJ,Asim Jofa,LU,https://asimjofa.com/products/ajso-211-embroidered-lawn-shirt-dupatta-trouser-3-pcs
KJC-LU-ASJ-11696,ASJ,Asim Jofa,LU,https://asimjofa.com/products/ajso-235-embroidered-lawn-shirt-dupatta-2-pcs
KJC-LU-ASJ-11697,ASJ,Asim Jofa,LU,https://asimjofa.com/products/ajso-210-embroidered-lawn-shirt-dupatta-trouser-3-pcs
KJC-LU-ASJ-11698,ASJ,Asim Jofa,LU,https://asimjofa.com/products/ajso-219-embroidered-lawn-shirt-dupatta-trouser-3-pcs
KJC-LU-ASJ-11699,ASJ,Asim Jofa,LU,https://asimjofa.com/products/ajso-213-embroidered-lawn-shirt-trouser-2-pcs
KJC-LU-ASJ-11700,ASJ,Asim Jofa,LU,https://asimjofa.com/products/ajso-226-ajkid-02-embroidered-unstitched-3-pc-shirt-dupatta-trouser-3-pcs
KJC-LU-ASJ-11701,ASJ,Asim Jofa,LU,https://asimjofa.com/products/ajso-229-ajkid-09-embroidered-unstitched-3-pc-shirt-dupatta-trouser-3-pcs
KJC-LU-ASJ-11702,ASJ,Asim Jofa,LU,https://asimjofa.com/products/ajso-223-printed-rib-lawn-unstitched-shirt-dupatta-trouser-3-pcs
KJC-LU-ASJ-11703,ASJ,Asim Jofa,LU,https://asimjofa.com/products/ajso-221-embroidered-slub-rib-lawn-unstitched-shirt-dupatta-trouser-3-pcs
KJC-LU-ASJ-11704,ASJ,Asim Jofa,LU,https://asimjofa.com/products/ajso-240-printed-rib-lawn-unstitched-shirt-dupatta-trouser-3-pcs
KJC-LU-ASJ-11705,ASJ,Asim Jofa,LU,https://asimjofa.com/products/ajso-232-embroidered-dobby-shirt-dupatta-2-pcs
KJC-LU-ASJ-11706,ASJ,Asim Jofa,LU,https://asimjofa.com/products/ajso-234-embroidered-lawn-shirt-dupatta-trouser-3-pcs
KJC-LU-ASJ-11707,ASJ,Asim Jofa,LU,https://asimjofa.com/products/ajulk-07-embroidered-rod-unstitched-3-pcs
KJC-LU-ASJ-11708,ASJ,Asim Jofa,LU,https://asimjofa.com/products/ajulk-06-embroidered-rod-unstitched-3-pcs
KJC-LU-ASJ-11709,ASJ,Asim Jofa,LU,https://asimjofa.com/products/ajulk-03-embroidered-rod-unstitched-3-pcs
KJC-LU-ASJ-11710,ASJ,Asim Jofa,LU,https://asimjofa.com/products/ajulk-02-embroidered-rod-unstitched-3-pcs
KJC-LU-ASJ-11711,ASJ,Asim Jofa,LU,https://asimjofa.com/products/ajulk-01-embroidered-herringbone-unstitched-3-pcs
KJC-LU-ASJ-11712,ASJ,Asim Jofa,LU,https://asimjofa.com/products/ajso-159-embroidered-jacquard-shirt-dupatta-2-pcs
KJC-LU-ASJ-11713,ASJ,Asim Jofa,LU,https://asimjofa.com/products/ajso-165-embroidered-jacquard-shirt-dupatta-2-pcs
KJC-LU-ASJ-11714,ASJ,Asim Jofa,LU,https://asimjofa.com/products/ajso-160-embroidered-jacquard-shirt-dupatta-2-pcs
KJC-LU-ASJ-11715,ASJ,Asim Jofa,LU,https://asimjofa.com/products/ajso-146-embroidered-jacquard-shirt-dupatta-trouser-3-pcs
KJC-LU-ASJ-11716,ASJ,Asim Jofa,LU,https://asimjofa.com/products/ajso-151-embroidered-jacquard-shirt-dupatta-2-pcs
KJC-LU-ASJ-11717,ASJ,Asim Jofa,LU,https://asimjofa.com/products/ajso-150-embroidered-jacquard-shirt-dupatta-2-pcs
KJC-LU-ASJ-11718,ASJ,Asim Jofa,LU,https://asimjofa.com/products/ajulm-08-embroidered-velvet-unstitched-3-pcs
KJC-LU-ASJ-11719,ASJ,Asim Jofa,LU,https://asimjofa.com/products/ajulm-07-embroidered-velvet-unstitched-3-pcs
KJC-LU-ASJ-11720,ASJ,Asim Jofa,LU,https://asimjofa.com/products/ajulm-06-embroidered-velvet-unstitched-3-pcs
KJC-LU-ASJ-11721,ASJ,Asim Jofa,LU,https://asimjofa.com/products/ajulm-05-embroidered-velvet-unstitched-2-pcs
KJC-LU-ASJ-11722,ASJ,Asim Jofa,LU,https://asimjofa.com/products/ajulm-04-embroidered-velvet-unstitched-4-pcs
KJC-LU-ASJ-11723,ASJ,Asim Jofa,LU,https://asimjofa.com/products/ajulm-01-embroidered-velvet-unstitched-3-pcs
KJC-LU-ASJ-11724,ASJ,Asim Jofa,LU,https://asimjofa.com/products/ajso-106-embroidered-jacquard-2-pcs
KJC-LU-ASJ-11725,ASJ,Asim Jofa,LU,https://asimjofa.com/products/ajso-143-embroidered-lawn-shirt-dupatta-2-pcs
KJC-LU-ASJ-11726,ASJ,Asim Jofa,LU,https://asimjofa.com/products/ajso-109-embroidered-lawn-shirt-trouser-2-pcs
KJC-LU-ASJ-11727,ASJ,Asim Jofa,LU,https://asimjofa.com/products/ajso-141-embroidered-jacquard-shirt-dupatta-2-pcs
KJC-LU-ASJ-11728,ASJ,Asim Jofa,LU,https://asimjofa.com/products/ajso-127-embroidered-twill-3-pcs
KJC-LU-ASJ-11729,ASJ,Asim Jofa,LU,https://asimjofa.com/products/ajso-125-embroidered-twill-3-pcs
KJC-LU-ASJ-11730,ASJ,Asim Jofa,LU,https://asimjofa.com/products/ajso-101-embroidered-jacquard-shirt-dupatta-2-pcs
KJC-LU-ASJ-11731,ASJ,Asim Jofa,LU,https://asimjofa.com/products/ajso-132-digital-printed-lawn-shirt-dupatta-2-pcs
KJC-LU-ASJ-11732,ASJ,Asim Jofa,LU,https://asimjofa.com/products/ajso-142-embroidered-jacquard-shirt-dupatta-2-pcs
KJC-LU-ASJ-11733,ASJ,Asim Jofa,LU,https://asimjofa.com/products/ajso-103-embroidered-jacquard-shirt-dupatta-2-pcs
KJC-LU-ASJ-11734,ASJ,Asim Jofa,LU,https://asimjofa.com/products/ajso-102-printed-embroidered-lawn-shirt-dupatta-2-pcs
KJC-LU-ASJ-11735,ASJ,Asim Jofa,LU,https://asimjofa.com/products/ajulo-12-embroidered-silk-unstitched-3-pcs
KJC-LU-ASJ-11736,ASJ,Asim Jofa,LU,https://asimjofa.com/products/ajulo-10-embroidered-boski-silk-unstitched-3-pcs
KJC-LU-ASJ-11737,ASJ,Asim Jofa,LU,https://asimjofa.com/products/ajulo-09-embroidered-boski-silk-unstitched-3-pcs
KJC-LU-ASJ-11738,ASJ,Asim Jofa,LU,https://asimjofa.com/products/ajulo-08-embroidered-silk-unstitched-3-pcs
KJC-LU-ASJ-11739,ASJ,Asim Jofa,LU,https://asimjofa.com/products/ajulo-07-embroidered-silk-unstitched-3-pcs
KJC-LU-ASJ-11740,ASJ,Asim Jofa,LU,https://asimjofa.com/products/ajulo-04-embroidered-net-unstitched-3-pcs
KJC-LU-ASJ-11741,ASJ,Asim Jofa,LU,https://asimjofa.com/products/ajulo-03-embroidered-charmeuse-silk-unstitched-2-pcs
KJC-LU-ASJ-11742,ASJ,Asim Jofa,LU,https://asimjofa.com/products/ajso-99-embroidered-jacquard-shirt-dupatta-2-pcs
KJC-LU-ASJ-11743,ASJ,Asim Jofa,LU,https://asimjofa.com/products/ajso-98-embroidered-dobby-shirt-dupatta-2-pcs
KJC-LU-ASJ-11744,ASJ,Asim Jofa,LU,https://asimjofa.com/products/ajso-89-printed-cambric-shirt-1-pc
KJC-LU-ASJ-11745,ASJ,Asim Jofa,LU,https://asimjofa.com/products/ajso-94-printed-cambric-shirt-1-pc
KJC-LU-ASJ-11746,ASJ,Asim Jofa,LU,https://asimjofa.com/products/ajso-95-printed-cambric-shirt-dupatta-2-pcs
KJC-LU-ASJ-11747,ASJ,Asim Jofa,LU,https://asimjofa.com/products/ajso-96-embroidered-jacquard-shirt-dupatta-2-pcs
KJC-LU-ASJ-11748,ASJ,Asim Jofa,LU,https://asimjofa.com/products/ajso-78-printed-lawn-shirt-dupatta-2-pcs
KJC-LU-ASJ-11749,ASJ,Asim Jofa,LU,https://asimjofa.com/products/ajso-07-embroidered-jacquard-2-pcs
KJC-LU-ASJ-11750,ASJ,Asim Jofa,LU,https://asimjofa.com/products/ajso-66-embroidered-lawn-shirt-1-pc
KJC-LU-ASJ-11751,ASJ,Asim Jofa,LU,https://asimjofa.com/products/ajso-67-embroidered-lawn-shirt-1-pc
KJC-LU-ASJ-11752,ASJ,Asim Jofa,LU,https://asimjofa.com/products/ajso-46-printed-arabic-lawn-3-pcs
KJC-LU-ASJ-11753,ASJ,Asim Jofa,LU,https://asimjofa.com/products/ajso-55-digital-viscose-dupatta-1-pc
KJC-LU-ASJ-11754,ASJ,Asim Jofa,LU,https://asimjofa.com/products/ajso-44-digital-lurex-jacquard-dupatta-1-pc
KJC-LU-ASJ-11755,ASJ,Asim Jofa,LU,https://asimjofa.com/products/ajso-41-printed-cambric-trouser-1-pc
KJC-LU-ASJ-11756,ASJ,Asim Jofa,LU,https://asimjofa.com/products/ajso-33-printed-raw-silk-shirt-and-trouser-2-pcs
KJC-LU-ASJ-11757,ASJ,Asim Jofa,LU,https://asimjofa.com/products/ajso-32-printed-lawn-1-pc
KJC-LU-ASJ-11758,ASJ,Asim Jofa,LU,https://asimjofa.com/products/ajso-30-printed-lawn-1-pc
KJC-LU-ASJ-11759,ASJ,Asim Jofa,LU,https://asimjofa.com/products/ajso-24-printed-lawn-1-pc
KJC-LU-ASJ-11760,ASJ,Asim Jofa,LU,https://asimjofa.com/products/ajso-23-printed-lawn-1-pc
KJC-LU-ASJ-11761,ASJ,Asim Jofa,LU,https://asimjofa.com/products/ajso-22-printed-lawn-1-pc
KJC-LU-ASJ-11762,ASJ,Asim Jofa,LU,https://asimjofa.com/products/ajso-20-printed-lawn-dupatta-1-pc
KJC-LU-ASJ-11763,ASJ,Asim Jofa,LU,https://asimjofa.com/products/ajso-16-printed-lawn-dupatta-1-pc
KJC-LU-ASJ-11764,ASJ,Asim Jofa,LU,https://asimjofa.com/products/ajso-15-printed-lawn-dupatta-1-pc
KJC-LU-ASJ-11765,ASJ,Asim Jofa,LU,https://asimjofa.com/products/ajso-12-printed-lawn-dupatta-1-pc
KJC-LU-ASJ-11766,ASJ,Asim Jofa,LU,https://asimjofa.com/products/ajso-10-printed-lawn-dupatta-1-pc
KJC-LU-ASJ-11767,ASJ,Asim Jofa,LU,https://asimjofa.com/products/ajso-04-embroidered-jacquard-2-pcs
KJC-LU-ASJ-11768,ASJ,Asim Jofa,LU,https://asimjofa.com/products/ajlfc-10-embroidered-net-unstitched-3-pcs
KJC-LU-ASJ-11769,ASJ,Asim Jofa,LU,https://asimjofa.com/products/ajlfc-06-embroidered-organza-unstitched-3-pcs
KJC-LU-ASJ-11770,ASJ,Asim Jofa,LU,https://asimjofa.com/products/ajlfc-04-embroidered-raw-silk-unstitched-3-pcs
KJC-LU-ASJ-11771,ASJ,Asim Jofa,LU,https://asimjofa.com/products/ajlfc-03-embroidered-organza-unstitched-3-pcs
KJC-LU-ASJ-11772,ASJ,Asim Jofa,LU,https://asimjofa.com/products/ajlfc-02-embroidered-organza-unstitched-2-pcs
KJC-LU-ASJ-11773,ASJ,Asim Jofa,LU,https://asimjofa.com/products/ajizl-20-embroidered-paper-cotton-unstitched-3-pcs
KJC-LU-ASJ-11774,ASJ,Asim Jofa,LU,https://asimjofa.com/products/ajizl-17-embroidered-boski-silk-unstitched-3-pcs
KJC-LU-ASJ-11775,ASJ,Asim Jofa,LU,https://asimjofa.com/products/ajizl-13-embroidered-spun-raw-silk-unstitched-3-pcs
KJC-LU-ASJ-11776,ASJ,Asim Jofa,LU,https://asimjofa.com/products/ajizl-11-embroidered-chiffon-unstitched-3-pcs
KJC-LU-ASJ-11777,ASJ,Asim Jofa,LU,https://asimjofa.com/products/ajizl-08-embroidered-net-unstitched-2-pcs
KJC-LU-ASJ-11778,ASJ,Asim Jofa,LU,https://asimjofa.com/products/ajuev-15-embroidered-silk-unstitched-3-pcs
KJC-LU-ASJ-11779,ASJ,Asim Jofa,LU,https://asimjofa.com/products/ajuev-11-embroidered-ayudia-zari-net-unstitched-3-pcs
KJC-LU-ASJ-11780,ASJ,Asim Jofa,LU,https://asimjofa.com/products/ajuev-10-embroidered-spun-raw-silk-unstitched-3-pcs
KJC-LU-ASJ-11781,ASJ,Asim Jofa,LU,https://asimjofa.com/products/ajuev-09-embroidered-chiffon-unstitched-3-pcs
KJC-LU-ASJ-11782,ASJ,Asim Jofa,LU,https://asimjofa.com/products/ajfo-12-embroidered-net-unstitched-3-pcs
KJC-LU-ASJ-11783,ASJ,Asim Jofa,LU,https://asimjofa.com/products/ajfo-01-embroidered-boski-silk-unstitched-1-pc
KJC-LU-ASJ-11784,ASJ,Asim Jofa,LU,https://asimjofa.com/products/ajlff-20-embroidered-sequin-net-3-pcs
KJC-LU-ASJ-11785,ASJ,Asim Jofa,LU,https://asimjofa.com/products/ajlff-17-embroidered-two-tone-cotton-silk-3-pcs
KJC-LU-ASJ-11786,ASJ,Asim Jofa,LU,https://asimjofa.com/products/ajlff-12-embroidered-paper-cotton-2-pcs
KJC-LU-ASJ-11787,ASJ,Asim Jofa,LU,https://asimjofa.com/products/ajlff-11-embroidered-javeria-net-3-pcs
KJC-LU-ASJ-11788,ASJ,Asim Jofa,LU,https://asimjofa.com/products/ajell-18-embroidered-lawn-3-pcs-1
KJC-LU-ASJ-11789,ASJ,Asim Jofa,LU,https://asimjofa.com/products/ajell-08-embroidered-lawn-3-pcs
KJC-LU-ASJ-11790,ASJ,Asim Jofa,LU,https://asimjofa.com/products/ajell-05-embroidered-lawn-3-pcs
KJC-LU-ASJ-11791,ASJ,Asim Jofa,LU,https://asimjofa.com/products/ajlf-14-embroidered-chiffon-3-pcs
KJC-LU-ASJ-11792,ASJ,Asim Jofa,LU,https://asimjofa.com/products/ajlf-10-embroidered-boski-silk-2-pcs
KJC-LU-ASJ-11793,ASJ,Asim Jofa,LU,https://asimjofa.com/products/ajubf-01-embroidered-jacquard-2-pcs
KJC-LU-ASJ-11794,ASJ,Asim Jofa,LU,https://asimjofa.com/products/ajpf-35-embroidered-zari-kota-soft-net-3-pcs
KJC-LU-ASJ-11795,ASJ,Asim Jofa,LU,https://asimjofa.com/products/ajpf-33-embroidered-zari-net-ayudhia-3-pcs
KJC-LU-ASJ-11796,ASJ,Asim Jofa,LU,https://asimjofa.com/products/ajpf-30-embroidered-cotton-net-3-pcs
KJC-LU-ASJ-11797,ASJ,Asim Jofa,LU,https://asimjofa.com/products/ajrs-06-digitally-printed-embroidered-blended-silk-1-pc
KJC-LU-ASJ-11798,ASJ,Asim Jofa,LU,https://asimjofa.com/products/ajff-04-embroidered-net-3-pcs
KJC-LU-ASJ-11799,ASJ,Asim Jofa,LU,https://asimjofa.com/products/ajff-01-embroidered-net-3-pcs
KJC-LU-ASJ-11800,ASJ,Asim Jofa,LU,https://asimjofa.com/products/ajpr-30
KJC-LU-ASJ-11801,ASJ,Asim Jofa,LU,https://asimjofa.com/products/ajz-04
KJC-LU-ASJ-11802,ASJ,Asim Jofa,LU,https://asimjofa.com/products/ajf-01
KJC-LU-ASJ-11803,ASJ,Asim Jofa,LU,https://asimjofa.com/products/ajf-06
KJC-LU-ASJ-11804,ASJ,Asim Jofa,LU,https://asimjofa.com/products/ajor-03
KJC-LU-ASJ-11805,ASJ,Asim Jofa,LU,https://asimjofa.com/products/ajce-11
KJC-LU-ASJ-11806,ASJ,Asim Jofa,LU,https://asimjofa.com/products/ajce-10
KJC-LU-ASJ-11807,ASJ,Asim Jofa,LU,https://asimjofa.com/products/ajce-08
KJC-LU-ASJ-11808,ASJ,Asim Jofa,LU,https://asimjofa.com/products/ajce-07
KJC-LU-ASJ-11809,ASJ,Asim Jofa,LU,https://asimjofa.com/products/ajce-06
KJC-LU-ASJ-11810,ASJ,Asim Jofa,LU,https://asimjofa.com/products/ajce-05
KJC-LU-ASJ-11811,ASJ,Asim Jofa,LU,https://asimjofa.com/products/ajce-04
KJC-LU-ASJ-11812,ASJ,Asim Jofa,LU,https://asimjofa.com/products/ajce-02
KJC-LU-ASJ-11813,ASJ,Asim Jofa,LU,https://asimjofa.com/products/ajce-01
KJC-LU-ASJ-11814,ASJ,Asim Jofa,LU,https://asimjofa.com/products/ajlso-03-embroidered-chiffon-3-pcs
KJC-LU-ASJ-11815,ASJ,Asim Jofa,LU,https://asimjofa.com/products/ajsh-18
KJC-LU-ASJ-11816,ASJ,Asim Jofa,LU,https://asimjofa.com/products/ajsh-17
KJC-LU-ASJ-11817,ASJ,Asim Jofa,LU,https://asimjofa.com/products/ajsh-16
KJC-LU-ASJ-11818,ASJ,Asim Jofa,LU,https://asimjofa.com/products/ajsh-13
KJC-LU-ASJ-11819,ASJ,Asim Jofa,LU,https://asimjofa.com/products/ajsh-12
KJC-LU-ASJ-11820,ASJ,Asim Jofa,LU,https://asimjofa.com/products/ajsh-11
KJC-LU-ASJ-11821,ASJ,Asim Jofa,LU,https://asimjofa.com/products/ajsh-08
KJC-LU-ASJ-11822,ASJ,Asim Jofa,LU,https://asimjofa.com/products/ajsh-05
KJC-LU-ASJ-11823,ASJ,Asim Jofa,LU,https://asimjofa.com/products/ajsh-04
KJC-LU-ASJ-11824,ASJ,Asim Jofa,LU,https://asimjofa.com/products/ajsh-02
KJC-LU-ASJ-11825,ASJ,Asim Jofa,LU,https://asimjofa.com/products/ajsh-01
KJC-LU-ASJ-11826,ASJ,Asim Jofa,LU,https://asimjofa.com/products/ajda-30
KJC-LU-ASJ-11827,ASJ,Asim Jofa,LU,https://asimjofa.com/products/ajda-29
KJC-LU-ASJ-11828,ASJ,Asim Jofa,LU,https://asimjofa.com/products/ajda-28
KJC-LU-ASJ-11829,ASJ,Asim Jofa,LU,https://asimjofa.com/products/ajda-24
KJC-LU-ASJ-11830,ASJ,Asim Jofa,LU,https://asimjofa.com/products/ajda-23
KJC-LU-ASJ-11831,ASJ,Asim Jofa,LU,https://asimjofa.com/products/ajda-22
KJC-LU-ASJ-11832,ASJ,Asim Jofa,LU,https://asimjofa.com/products/ajda-21
KJC-LU-ASJ-11833,ASJ,Asim Jofa,LU,https://asimjofa.com/products/ajda-20
KJC-LU-ASJ-11834,ASJ,Asim Jofa,LU,https://asimjofa.com/products/ajda-19
KJC-LU-ASJ-11835,ASJ,Asim Jofa,LU,https://asimjofa.com/products/ajda-16
KJC-LU-ASJ-11836,ASJ,Asim Jofa,LU,https://asimjofa.com/products/ajda-15
KJC-LU-ASJ-11837,ASJ,Asim Jofa,LU,https://asimjofa.com/products/ajda-14
KJC-LU-ASJ-11838,ASJ,Asim Jofa,LU,https://asimjofa.com/products/ajda-13
KJC-LU-ASJ-11839,ASJ,Asim Jofa,LU,https://asimjofa.com/products/ajda-06
KJC-LU-ASJ-11840,ASJ,Asim Jofa,LU,https://asimjofa.com/products/ajda-03
KJC-LU-ASJ-11841,ASJ,Asim Jofa,LU,https://asimjofa.com/products/ajda-02
KJC-LU-ASJ-11842,ASJ,Asim Jofa,LU,https://asimjofa.com/products/ajda-01
KJC-LU-ASJ-11843,ASJ,Asim Jofa,LU,https://asimjofa.com/products/ajrn-24
KJC-LU-ASJ-11844,ASJ,Asim Jofa,LU,https://asimjofa.com/products/ajrn-23
KJC-LU-ASJ-11845,ASJ,Asim Jofa,LU,https://asimjofa.com/products/ajrn-19
KJC-LU-ASJ-11846,ASJ,Asim Jofa,LU,https://asimjofa.com/products/ajabp-18-embroidered-chiffon-3-pcs-stitched
KJC-LU-ASJ-11847,ASJ,Asim Jofa,LU,https://asimjofa.com/products/ajff-08-embroidered-chiffon-3-pcs
KJC-LU-ASJ-11848,ASJ,Asim Jofa,LU,https://asimjofa.com/products/ajhe-01-embroidered-chiffon-3-pcs
KJC-LU-ASJ-11849,ASJ,Asim Jofa,LU,https://asimjofa.com/products/ajhe-02-embroidered-chiffon-3-pcs
KJC-LU-ASJ-11850,ASJ,Asim Jofa,LU,https://asimjofa.com/products/ajhe-06-embroidered-chiffon-3-pcs
KJC-LU-ASJ-11851,ASJ,Asim Jofa,LU,https://asimjofa.com/products/ajhe-10-embroidered-chiffon-3-pcs
KJC-LU-ASJ-11852,ASJ,Asim Jofa,LU,https://asimjofa.com/products/ajpf-02-embroidered-chiffon-3-pcs
KJC-LU-ASJ-11853,ASJ,Asim Jofa,LU,https://asimjofa.com/products/ajpf-04-embroidered-chiffon-2-pcs
KJC-LU-ASJ-11854,ASJ,Asim Jofa,LU,https://asimjofa.com/products/ajpf-07-embroidered-chiffon-3-pcs
KJC-LU-ASJ-11855,ASJ,Asim Jofa,LU,https://asimjofa.com/products/ajpf-21-embroidered-chiffon-3-pcs
KJC-LU-ASJ-11856,ASJ,Asim Jofa,LU,https://asimjofa.com/products/ajpf-25-embroidered-chiffon-3-pcs
KJC-LU-ASJ-11857,ASJ,Asim Jofa,LU,https://asimjofa.com/products/ajpf-28-embroidered-chiffon-3-pcs
KJC-LU-ASJ-11858,ASJ,Asim Jofa,LU,https://asimjofa.com/products/ajpf-36-embroidered-chiffon-3-pcs
KJC-LU-ASJ-11859,ASJ,Asim Jofa,LU,https://asimjofa.com/products/ajpf-39-embroidered-chiffon-2-pcs
KJC-LU-ASJ-11860,ASJ,Asim Jofa,LU,https://asimjofa.com/products/ajpf-40-embroidered-chiffon-3-pcs
KJC-LU-ASJ-11861,ASJ,Asim Jofa,LU,https://asimjofa.com/products/ajpf-17-embroidered-chiffon-3-pcs
KJC-LU-ASJ-11862,ASJ,Asim Jofa,LU,https://asimjofa.com/products/ajfo-02-embroidered-chiffon-unstitched-3-pcs
KJC-LU-ASJ-11863,ASJ,Asim Jofa,LU,https://asimjofa.com/products/ajfo-07-embroidered-chiffon-unstitched-3-pcs
KJC-LU-ASJ-11864,ASJ,Asim Jofa,LU,https://asimjofa.com/products/ajfo-09-embroidered-chiffon-unstitched-3-pcs
KJC-LU-ASJ-11865,ASJ,Asim Jofa,LU,https://asimjofa.com/products/ajfo-13-embroidered-chiffon-unstitched-3-pcs
KJC-LU-ASJ-11866,ASJ,Asim Jofa,LU,https://asimjofa.com/products/ajfo-14-embroidered-chiffon-unstitched-3-pcs
KJC-LU-ASJ-11867,ASJ,Asim Jofa,LU,https://asimjofa.com/products/ajuev-04-embroidered-chiffon-unstitched-3-pcs
KJC-LU-ASJ-11868,ASJ,Asim Jofa,LU,https://asimjofa.com/products/ajuev-19-embroidered-chiffon-unstitched-3-pcs
KJC-LU-ASJ-11869,ASJ,Asim Jofa,LU,https://asimjofa.com/products/ajuev-20-embroidered-chiffon-unstitched-3-pcs
KJC-LU-ASJ-11870,ASJ,Asim Jofa,LU,https://asimjofa.com/products/ajizl-02-embroidered-chiffon-unstitched-3-pcs
KJC-LU-ASJ-11871,ASJ,Asim Jofa,LU,https://asimjofa.com/products/ajce-12
KJC-LU-ASJ-11872,ASJ,Asim Jofa,LU,https://asimjofa.com/products/ajce-09
KJC-LU-ASJ-11873,ASJ,Asim Jofa,LU,https://asimjofa.com/products/ajce-03
KJC-LU-ASJ-11874,ASJ,Asim Jofa,LU,https://asimjofa.com/products/ajda-12
KJC-LU-ASJ-11875,ASJ,Asim Jofa,LU,https://asimjofa.com/products/ajda-11
KJC-LU-ASJ-11876,ASJ,Asim Jofa,LU,https://asimjofa.com/products/ajda-10
KJC-LU-ASJ-11877,ASJ,Asim Jofa,LU,https://asimjofa.com/products/ajda-04
KJC-LU-ASJ-11878,ASJ,Asim Jofa,LU,https://asimjofa.com/products/ajrn-09
KJC-LU-ASJ-11879,ASJ,Asim Jofa,LU,https://asimjofa.com/products/ajrn-03
KJC-LU-ASJ-11880,ASJ,Asim Jofa,LU,https://asimjofa.com/products/ajrn-01
KJC-LU-ASJ-11881,ASJ,Asim Jofa,LU,https://asimjofa.com/products/ajjm-16-embroidered-chanderi-cotton-3-pcs-copy
KJC-LU-ASJ-11882,ASJ,Asim Jofa,LU,https://asimjofa.com/products/ajlso-09-embroidered-paper-cotton-shirt-dupatta-trouser-3-pcs
KJC-LU-ASJ-11883,ASJ,Asim Jofa,LU,https://asimjofa.com/products/ajlso-10-embroidered-poly-cotton-shirt-dupatta-trouser-2-pcs
KJC-LU-ASJ-11884,ASJ,Asim Jofa,LU,https://asimjofa.com/products/ajso-162-embroidered-cotton-jacquard-shirt-dupatta-trouser-3-pcs
KJC-LU-ASJ-11885,ASJ,Asim Jofa,LU,https://asimjofa.com/products/ajlso-11-embroidered-cotton-karandi-shirt-dupatta-trouser-3-pcs
KJC-LU-ASJ-11886,ASJ,Asim Jofa,LU,https://asimjofa.com/products/ajuev-08-embroidered-cotton-net-unstitched-3-pcs
KJC-LU-ASJ-11887,ASJ,Asim Jofa,LU,https://asimjofa.com/products/ajmc-05
KJC-LU-ASJ-11888,ASJ,Asim Jofa,LU,https://asimjofa.com/products/ajizl-19-embroidered-chiffon-unstitched-3-pcs
KJC-LU-ASJ-11889,ASJ,Asim Jofa,LU,https://asimjofa.com/products/ajizl-18-embroidered-silk-unstitched-3-pcs
KJC-LU-ASJ-11890,ASJ,Asim Jofa,LU,https://asimjofa.com/products/ajizl-16-embroidered-chiffon-unstitched-3-pcs
KJC-LU-ASJ-11891,ASJ,Asim Jofa,LU,https://asimjofa.com/products/ajizl-15-embroidered-net-unstitched-3-pcs
KJC-LU-ASJ-11892,ASJ,Asim Jofa,LU,https://asimjofa.com/products/ajizl-14-embroidered-chiffon-unstitched-3-pcs
KJC-LU-ASJ-11893,ASJ,Asim Jofa,LU,https://asimjofa.com/products/ajizl-12-embroidered-javeria-net-unstitched-3-pcs
KJC-LU-ASJ-11894,ASJ,Asim Jofa,LU,https://asimjofa.com/products/ajizl-10-embroidered-zari-tissue-unstitched-3-pcs
KJC-LU-ASJ-11895,ASJ,Asim Jofa,LU,https://asimjofa.com/products/ajizl-09-embroidered-net-unstitched-3-pcs
KJC-LU-ASJ-11896,ASJ,Asim Jofa,LU,https://asimjofa.com/products/ajizl-07-embroidered-cotton-silk-unstitched-3-pcs
KJC-LU-ASJ-11897,ASJ,Asim Jofa,LU,https://asimjofa.com/products/ajizl-06-embroidered-raw-silk-unstitched-3-pcs
KJC-LU-ASJ-11898,ASJ,Asim Jofa,LU,https://asimjofa.com/products/ajizl-05-embroidered-zari-check-net-unstitched-3-pcs
KJC-LU-ASJ-11899,ASJ,Asim Jofa,LU,https://asimjofa.com/products/ajizl-04-embroidered-raw-silk-unstitched-3-pcs
KJC-LU-ASJ-11900,ASJ,Asim Jofa,LU,https://asimjofa.com/products/ajizl-03-embroidered-net-unstitched-3-pcs
KJC-LU-ASJ-11901,ASJ,Asim Jofa,LU,https://asimjofa.com/products/ajizl-01-embroidered-net-unstitched-3-pcs
KJC-LU-ASJ-11902,ASJ,Asim Jofa,LU,https://asimjofa.com/products/ajuev-18-embroidered-silk-unstitched-3-pcs
KJC-LU-ASJ-11903,ASJ,Asim Jofa,LU,https://asimjofa.com/products/ajuev-17-embroidered-slub-lawn-unstitched-3-pcs
KJC-LU-ASJ-11904,ASJ,Asim Jofa,LU,https://asimjofa.com/products/ajuev-16-embroidered-net-unstitched-3-pcs
KJC-LU-ASJ-11905,ASJ,Asim Jofa,LU,https://asimjofa.com/products/ajuev-14-embroidered-silk-unstitched-3-pcs
KJC-LU-ASJ-11906,ASJ,Asim Jofa,LU,https://asimjofa.com/products/ajuev-13-embroidered-silk-unstitched-3-pcs
KJC-LU-ASJ-11907,ASJ,Asim Jofa,LU,https://asimjofa.com/products/ajuev-12-embroidered-silk-unstitched-3-pcs
KJC-LU-ASJ-11908,ASJ,Asim Jofa,LU,https://asimjofa.com/products/ajuev-07-embroidered-crepe-silk-unstitched-3-pcs
KJC-LU-ASJ-11909,ASJ,Asim Jofa,LU,https://asimjofa.com/products/ajuev-06-embroidered-silk-unstitched-2-pcs
KJC-LU-ASJ-11910,ASJ,Asim Jofa,LU,https://asimjofa.com/products/ajuev-05-embroidered-silk-unstitched-3-pcs
KJC-LU-ASJ-11911,ASJ,Asim Jofa,LU,https://asimjofa.com/products/ajuev-03-embroidered-silk-unstitched-3-pcs
KJC-LU-ASJ-11912,ASJ,Asim Jofa,LU,https://asimjofa.com/products/ajuev-02-embroidered-silk-unstitched-3-pcs
KJC-LU-ASJ-11913,ASJ,Asim Jofa,LU,https://asimjofa.com/products/ajuev-01-embroidered-silk-unstitched-3-pcs
KJC-LU-ASJ-11914,ASJ,Asim Jofa,LU,https://asimjofa.com/products/ajfo-11-embroidered-net-unstitched-3-pcs
KJC-LU-ASJ-11915,ASJ,Asim Jofa,LU,https://asimjofa.com/products/ajfo-10-embroidered-paper-cotton-unstitched-2-pcs
KJC-LU-ASJ-11916,ASJ,Asim Jofa,LU,https://asimjofa.com/products/ajfo-08-embroidered-silk-unstitched-3-pcs
KJC-LU-ASJ-11917,ASJ,Asim Jofa,LU,https://asimjofa.com/products/ajfo-06-embroidered-net-unstitched-3-pcs
KJC-LU-ASJ-11918,ASJ,Asim Jofa,LU,https://asimjofa.com/products/ajfo-05-embroidered-organza-unstitched-3-pcs
KJC-LU-ASJ-11919,ASJ,Asim Jofa,LU,https://asimjofa.com/products/ajfo-04-embroidered-silk-unstitched-3-pcs
KJC-LU-ASJ-11920,ASJ,Asim Jofa,LU,https://asimjofa.com/products/ajfo-03-embroidered-paper-cotton-unstitched-3-pcs
KJC-LU-ASJ-11921,ASJ,Asim Jofa,LU,https://asimjofa.com/products/ajlf-16-embroidered-chiffon-3-pcs
KJC-LU-ASJ-11922,ASJ,Asim Jofa,LU,https://asimjofa.com/products/ajlf-15-embroidered-chiffon-3-pcs
KJC-LU-ASJ-11923,ASJ,Asim Jofa,LU,https://asimjofa.com/products/ajlf-13-embroidered-boski-silk-3-pcs
KJC-LU-ASJ-11924,ASJ,Asim Jofa,LU,https://asimjofa.com/products/ajlf-12-embroidered-chiffon-3-pcs
KJC-LU-ASJ-11925,ASJ,Asim Jofa,LU,https://asimjofa.com/products/ajlf-11-embroidered-boski-silk-3-pcs
KJC-LU-ASJ-11926,ASJ,Asim Jofa,LU,https://asimjofa.com/products/ajlf-09-embroidered-chiffon-3-pcs
KJC-LU-ASJ-11927,ASJ,Asim Jofa,LU,https://asimjofa.com/products/ajlf-08-embroidered-chiffon-3-pcs
KJC-LU-ASJ-11928,ASJ,Asim Jofa,LU,https://asimjofa.com/products/ajlf-07-embroidered-chiffon-3-pcs
KJC-LU-ASJ-11929,ASJ,Asim Jofa,LU,https://asimjofa.com/products/ajlf-06-embroidered-chiffon-3-pcs
KJC-LU-ASJ-11930,ASJ,Asim Jofa,LU,https://asimjofa.com/products/ajlf-05-embroidered-chiffon-3-pcs
KJC-LU-ASJ-11931,ASJ,Asim Jofa,LU,https://asimjofa.com/products/ajlf-04-embroidered-chiffon-3-pcs
KJC-LU-ASJ-11932,ASJ,Asim Jofa,LU,https://asimjofa.com/products/ajlf-03-embroidered-chiffon-3-pcs
KJC-LU-ASJ-11933,ASJ,Asim Jofa,LU,https://asimjofa.com/products/ajlf-02-embroidered-boski-silk-3-pcs
KJC-LU-ASJ-11934,ASJ,Asim Jofa,LU,https://asimjofa.com/products/ajlf-01-embroidered-chiffon-3-pcs
KJC-LU-ASJ-11935,ASJ,Asim Jofa,LU,https://asimjofa.com/products/ajlff-19-embroidered-silk-3-pcs
KJC-LU-ASJ-11936,ASJ,Asim Jofa,LU,https://asimjofa.com/products/ajlff-18-embroidered-zari-check-net-3-pcs
KJC-LU-ASJ-11937,ASJ,Asim Jofa,LU,https://asimjofa.com/products/ajlff-16-embroidered-chiffon-3-pcs
KJC-LU-ASJ-11938,ASJ,Asim Jofa,LU,https://asimjofa.com/products/ajlff-15-embroidered-chiffon-3-pcs
KJC-LU-ASJ-11939,ASJ,Asim Jofa,LU,https://asimjofa.com/products/ajlff-13-embroidered-chiffon-3-pcs
KJC-LU-ASJ-11940,ASJ,Asim Jofa,LU,https://asimjofa.com/products/ajlff-10-embroidered-zari-tissue-3-pcs
KJC-LU-ASJ-11941,ASJ,Asim Jofa,LU,https://asimjofa.com/products/ajlff-09-embroidered-zari-tissue-3-pcs
KJC-LU-ASJ-11942,ASJ,Asim Jofa,LU,https://asimjofa.com/products/ajlff-08-embroidered-paper-cotton-3-pcs
KJC-LU-ASJ-11943,ASJ,Asim Jofa,LU,https://asimjofa.com/products/ajlff-07-embroidered-chiffon-3-pcs
KJC-LU-ASJ-11944,ASJ,Asim Jofa,LU,https://asimjofa.com/products/ajlff-06-embroidered-chiffon-3-pcs
KJC-LU-ASJ-11945,ASJ,Asim Jofa,LU,https://asimjofa.com/products/ajlff-05-embroidered-net-3-pcs
KJC-LU-ASJ-11946,ASJ,Asim Jofa,LU,https://asimjofa.com/products/ajlff-04-embroidered-silk-3-pcs
KJC-LU-ASJ-11947,ASJ,Asim Jofa,LU,https://asimjofa.com/products/ajlff-03-embroidered-silk-3-pcs
KJC-LU-ASJ-11948,ASJ,Asim Jofa,LU,https://asimjofa.com/products/ajlff-02-embroidered-chiffon-3-pcs
KJC-LU-ASJ-11949,ASJ,Asim Jofa,LU,https://asimjofa.com/products/ajlff-01-embroidered-net-3-pcs
KJC-LU-ASJ-11950,ASJ,Asim Jofa,LU,https://asimjofa.com/products/ajllf-20-embroidered-javeria-net-3-pcs
KJC-LU-ASJ-11951,ASJ,Asim Jofa,LU,https://asimjofa.com/products/ajllf-19-embroidered-chiffon-3-pcs
KJC-LU-ASJ-11952,ASJ,Asim Jofa,LU,https://asimjofa.com/products/ajllf-18-embroidered-silk-3-pcs
KJC-LU-ASJ-11953,ASJ,Asim Jofa,LU,https://asimjofa.com/products/ajllf-17-embroidered-chiffon-3-pcs
KJC-LU-ASJ-11954,ASJ,Asim Jofa,LU,https://asimjofa.com/products/ajllf-16-embroidered-silk-2-pcs
KJC-LU-ASJ-11955,ASJ,Asim Jofa,LU,https://asimjofa.com/products/ajllf-15-embroidered-silk-3-pcs
KJC-LU-ASJ-11956,ASJ,Asim Jofa,LU,https://asimjofa.com/products/ajllf-14-embroidered-net-3-pcs
KJC-LU-ASJ-11957,ASJ,Asim Jofa,LU,https://asimjofa.com/products/ajllf-13-embroidered-net-3-pcs
KJC-LU-ASJ-11958,ASJ,Asim Jofa,LU,https://asimjofa.com/products/ajllf-12-embroidered-poly-silk-3-pcs
KJC-LU-ASJ-11959,ASJ,Asim Jofa,LU,https://asimjofa.com/products/ajllf-11-embroidered-chiffon-3-pcs
KJC-LU-ASJ-11960,ASJ,Asim Jofa,LU,https://asimjofa.com/products/ajllf-10-embroidered-silk-2-pcs
KJC-LU-ASJ-11961,ASJ,Asim Jofa,LU,https://asimjofa.com/products/ajllf-09-embroidered-lawn-silk-2-pcs
KJC-LU-ASJ-11962,ASJ,Asim Jofa,LU,https://asimjofa.com/products/ajllf-08-embroidered-chiffon-3-pcs
KJC-LU-ASJ-11963,ASJ,Asim Jofa,LU,https://asimjofa.com/products/ajllf-07-embroidered-chiffon-3-pcs
KJC-LU-ASJ-11964,ASJ,Asim Jofa,LU,https://asimjofa.com/products/ajllf-06-embroidered-chiffon-2-pcs
KJC-LU-ASJ-11965,ASJ,Asim Jofa,LU,https://asimjofa.com/products/ajllf-05-embroidered-chiffon-3-pcs
KJC-LU-ASJ-11966,ASJ,Asim Jofa,LU,https://asimjofa.com/products/ajllf-04-embroidered-chiffon-3-pcs
KJC-LU-ASJ-11967,ASJ,Asim Jofa,LU,https://asimjofa.com/products/ajllf-03-embroidered-boski-silk-3-pcs
KJC-LU-ASJ-11968,ASJ,Asim Jofa,LU,https://asimjofa.com/products/ajllf-02-embroidered-chiffon-3-pcs
KJC-LU-ASJ-11969,ASJ,Asim Jofa,LU,https://asimjofa.com/products/ajllf-01-embroidered-net-3-pcs
KJC-LU-ASJ-11970,ASJ,Asim Jofa,LU,https://asimjofa.com/products/ajell-17-embroidered-lawn-3-pcs
KJC-LU-ASJ-11971,ASJ,Asim Jofa,LU,https://asimjofa.com/products/ajell-16-embroidered-lawn-3-pcs
KJC-LU-ASJ-11972,ASJ,Asim Jofa,LU,https://asimjofa.com/products/ajell-15-embroidered-lawn-3-pcs
KJC-LU-ASJ-11973,ASJ,Asim Jofa,LU,https://asimjofa.com/products/ajell-14-embroidered-lawn-3-pcs
KJC-LU-ASJ-11974,ASJ,Asim Jofa,LU,https://asimjofa.com/products/ajell-13-embroidered-lawn-3-pcs
KJC-LU-ASJ-11975,ASJ,Asim Jofa,LU,https://asimjofa.com/products/ajell-12-embroidered-lawn-3-pcs
KJC-LU-ASJ-11976,ASJ,Asim Jofa,LU,https://asimjofa.com/products/ajell-11-embroidered-lawn-3-pcs
KJC-LU-ASJ-11977,ASJ,Asim Jofa,LU,https://asimjofa.com/products/ajell-10-embroidered-lawn-3-pcs
KJC-LU-ASJ-11978,ASJ,Asim Jofa,LU,https://asimjofa.com/products/ajell-09-embroidered-lawn-3-pcs
KJC-LU-ASJ-11979,ASJ,Asim Jofa,LU,https://asimjofa.com/products/ajell-07-embroidered-lawn-3-pcs
KJC-LU-ASJ-11980,ASJ,Asim Jofa,LU,https://asimjofa.com/products/ajell-06-embroidered-lawn-3-pcs
KJC-LU-ASJ-11981,ASJ,Asim Jofa,LU,https://asimjofa.com/products/ajell-04-embroidered-lawn-3-pcs
KJC-LU-ASJ-11982,ASJ,Asim Jofa,LU,https://asimjofa.com/products/ajell-03-embroidered-lawn-3-pcs
KJC-LU-ASJ-11983,ASJ,Asim Jofa,LU,https://asimjofa.com/products/ajell-02-embroidered-lawn-3-pcs
KJC-LU-ASJ-11984,ASJ,Asim Jofa,LU,https://asimjofa.com/products/ajell-01-embroidered-lawn-3-pcs
KJC-LU-ASJ-11985,ASJ,Asim Jofa,LU,https://asimjofa.com/products/ajubf-52-printed-embroidered-lawn-3-pcs
KJC-LU-ASJ-11986,ASJ,Asim Jofa,LU,https://asimjofa.com/products/ajubf-51-printed-embroidered-lawn-3-pcs
KJC-LU-ASJ-11987,ASJ,Asim Jofa,LU,https://asimjofa.com/products/ajubf-50-printed-embroidered-lawn-3-pcs
KJC-LU-ASJ-11988,ASJ,Asim Jofa,LU,https://asimjofa.com/products/ajubf-49-printed-embroidered-lawn-3-pcs
KJC-LU-ASJ-11989,ASJ,Asim Jofa,LU,https://asimjofa.com/products/ajubf-48-printed-embroidered-lawn-3-pcs
KJC-LU-ASJ-11990,ASJ,Asim Jofa,LU,https://asimjofa.com/products/ajubf-43-printed-embroidered-lawn-3-pcs
KJC-LU-ASJ-11991,ASJ,Asim Jofa,LU,https://asimjofa.com/products/ajubf-42-printed-embroidered-lawn-3-pcs
KJC-LU-ASJ-11992,ASJ,Asim Jofa,LU,https://asimjofa.com/products/ajubf-41-printed-embroidered-lawn-3-pcs
KJC-LU-ASJ-11993,ASJ,Asim Jofa,LU,https://asimjofa.com/products/ajubf-40-printed-embroidered-lawn-3-pcs
KJC-LU-ASJ-11994,ASJ,Asim Jofa,LU,https://asimjofa.com/products/ajubf-39-printed-embroidered-lawn-3-pcs
KJC-LU-ASJ-11995,ASJ,Asim Jofa,LU,https://asimjofa.com/products/ajubf-38-printed-embroidered-lawn-3-pcs
KJC-LU-ASJ-11996,ASJ,Asim Jofa,LU,https://asimjofa.com/products/ajubf-37-printed-embroidered-lawn-3-pcs
KJC-LU-ASJ-11997,ASJ,Asim Jofa,LU,https://asimjofa.com/products/ajubf-31-embroidered-jacquard-3-pcs
KJC-LU-ASJ-11998,ASJ,Asim Jofa,LU,https://asimjofa.com/products/ajubf-30-printed-embroidered-lawn-2-pcs
KJC-LU-ASJ-11999,ASJ,Asim Jofa,LU,https://asimjofa.com/products/ajubf-29-printed-embroidered-lawn-2-pcs
KJC-LU-ASJ-12000,ASJ,Asim Jofa,LU,https://asimjofa.com/products/ajubf-28-printed-embroidered-lawn-2-pcs
KJC-LU-ASJ-12001,ASJ,Asim Jofa,LU,https://asimjofa.com/products/ajubf-27-printed-embroidered-lawn-2-pcs
KJC-LU-ASJ-12002,ASJ,Asim Jofa,LU,https://asimjofa.com/products/ajubf-26-printed-embroidered-lawn-2-pcs
KJC-LU-ASJ-12003,ASJ,Asim Jofa,LU,https://asimjofa.com/products/ajubf-25-printed-embroidered-lawn-2-pcs
KJC-LU-ASJ-12004,ASJ,Asim Jofa,LU,https://asimjofa.com/products/ajubf-24-printed-embroidered-lawn-2-pcs
KJC-LU-ASJ-12005,ASJ,Asim Jofa,LU,https://asimjofa.com/products/ajubf-23-printed-embroidered-lawn-2-pcs
KJC-LU-ASJ-12006,ASJ,Asim Jofa,LU,https://asimjofa.com/products/ajubf-11-embroidered-jacquard-3-pcs
KJC-LU-ASJ-12007,ASJ,Asim Jofa,LU,https://asimjofa.com/products/ajubf-10-embroidered-jacquard-3-pcs
KJC-LU-ASJ-12008,ASJ,Asim Jofa,LU,https://asimjofa.com/products/ajubf-09-embroidered-jacquard-3-pcs
KJC-LU-ASJ-12009,ASJ,Asim Jofa,LU,https://asimjofa.com/products/ajubf-08-embroidered-dobby-3-pcs
KJC-LU-ASJ-12010,ASJ,Asim Jofa,LU,https://asimjofa.com/products/ajubf-03-embroidered-jacquard-2-pcs
KJC-LU-ASJ-12011,ASJ,Asim Jofa,LU,https://asimjofa.com/products/ajubf-02-embroidered-jacquard-2-pcs
KJC-LU-ASJ-12012,ASJ,Asim Jofa,LU,https://asimjofa.com/products/ajpf-38-embroidered-shimmer-silk-3-pcs
KJC-LU-ASJ-12013,ASJ,Asim Jofa,LU,https://asimjofa.com/products/ajpf-37-embroidered-spun-raw-silk-3-pcs
KJC-LU-ASJ-12014,ASJ,Asim Jofa,LU,https://asimjofa.com/products/ajpf-34-embroidered-net-3-pcs
KJC-LU-ASJ-12015,ASJ,Asim Jofa,LU,https://asimjofa.com/products/ajpf-32-embroidered-net-3-pcs
KJC-LU-ASJ-12016,ASJ,Asim Jofa,LU,https://asimjofa.com/products/ajpf-31-embroidered-lawn-silk-3-pcs
KJC-LU-ASJ-12017,ASJ,Asim Jofa,LU,https://asimjofa.com/products/ajpf-29-embroidered-silk-3-pcs
KJC-LU-ASJ-12018,ASJ,Asim Jofa,LU,https://asimjofa.com/products/ajpf-27-printed-embroidered-saree-2-pcs
KJC-LU-ASJ-12019,ASJ,Asim Jofa,LU,https://asimjofa.com/products/ajpf-26-embroidered-zari-net-3-pcs
KJC-LU-ASJ-12020,ASJ,Asim Jofa,LU,https://asimjofa.com/products/ajpf-24-embroidered-spun-raw-silk-3-pcs
KJC-LU-ASJ-12021,ASJ,Asim Jofa,LU,https://asimjofa.com/products/ajpf-23-embroidered-lawn-silk-3-pcs
KJC-LU-ASJ-12022,ASJ,Asim Jofa,LU,https://asimjofa.com/products/ajpf-22-embroidered-boski-silk-3-pcs
KJC-LU-ASJ-12023,ASJ,Asim Jofa,LU,https://asimjofa.com/products/ajpf-20-embroidered-boski-silk-2-pcs
KJC-LU-ASJ-12024,ASJ,Asim Jofa,LU,https://asimjofa.com/products/ajpf-19-embroidered-silk-3-pcs
KJC-LU-ASJ-12025,ASJ,Asim Jofa,LU,https://asimjofa.com/products/ajpf-18-embroidered-net-3-pcs
KJC-LU-ASJ-12026,ASJ,Asim Jofa,LU,https://asimjofa.com/products/ajpf-16-embroidered-zari-tissue-3-pcs
KJC-LU-ASJ-12027,ASJ,Asim Jofa,LU,https://asimjofa.com/products/ajpf-15-embroidered-two-tone-cotton-silk-2-pcs
KJC-LU-ASJ-12028,ASJ,Asim Jofa,LU,https://asimjofa.com/products/ajpf-14-embroidered-silk-3-pcs
KJC-LU-ASJ-12029,ASJ,Asim Jofa,LU,https://asimjofa.com/products/ajpf-13-embroidered-lawn-silk-3-pcs
KJC-LU-ASJ-12030,ASJ,Asim Jofa,LU,https://asimjofa.com/products/ajpf-12-embroidered-silk-3-pcs
KJC-LU-ASJ-12031,ASJ,Asim Jofa,LU,https://asimjofa.com/products/ajpf-11-embroidered-organza-2-pcs
KJC-LU-ASJ-12032,ASJ,Asim Jofa,LU,https://asimjofa.com/products/ajpf-10-embroidered-silk-3-pcs
KJC-LU-ASJ-12033,ASJ,Asim Jofa,LU,https://asimjofa.com/products/ajpf-09-embroidered-silk-2-pcs
KJC-LU-ASJ-12034,ASJ,Asim Jofa,LU,https://asimjofa.com/products/ajpf-08-embroidered-net-3-pcs
KJC-LU-ASJ-12035,ASJ,Asim Jofa,LU,https://asimjofa.com/products/ajpf-06-embroidered-boski-silk-1-pc
KJC-LU-ASJ-12036,ASJ,Asim Jofa,LU,https://asimjofa.com/products/ajpf-05-embroidered-silk-3-pcs
KJC-LU-ASJ-12037,ASJ,Asim Jofa,LU,https://asimjofa.com/products/ajpf-03-embroidered-net-3-pcs
KJC-LU-ASJ-12038,ASJ,Asim Jofa,LU,https://asimjofa.com/products/ajpf-01-embroidered-silk-3-pcs
KJC-LU-ASJ-12039,ASJ,Asim Jofa,LU,https://asimjofa.com/products/ajrs-08-digitally-printed-embroidered-raw-silk-3-pcs
KJC-LU-ASJ-12040,ASJ,Asim Jofa,LU,https://asimjofa.com/products/ajrs-07-digitally-printed-embroidered-blended-silk-3-pcs
KJC-LU-ASJ-12041,ASJ,Asim Jofa,LU,https://asimjofa.com/products/ajrs-05-digitally-printed-embroidered-blended-silk-3-pcs
KJC-LU-ASJ-12042,ASJ,Asim Jofa,LU,https://asimjofa.com/products/ajrs-04-digitally-printed-embroidered-raw-silk-3-pcs
KJC-LU-ASJ-12043,ASJ,Asim Jofa,LU,https://asimjofa.com/products/ajrs-03-digitally-printed-embroidered-grip-3-pcs
KJC-LU-ASJ-12044,ASJ,Asim Jofa,LU,https://asimjofa.com/products/ajrs-02-digitally-printed-embroidered-grip-3-pcs
KJC-LU-ASJ-12045,ASJ,Asim Jofa,LU,https://asimjofa.com/products/ajrs-01-digitally-printed-embroidered-grip-3-pcs
KJC-LU-ASJ-12046,ASJ,Asim Jofa,LU,https://asimjofa.com/products/ajhe-09-embroidered-net-3-pcs
KJC-LU-ASJ-12047,ASJ,Asim Jofa,LU,https://asimjofa.com/products/ajff-10-embroidered-net-3-pcs
KJC-LU-ASJ-12048,ASJ,Asim Jofa,LU,https://asimjofa.com/products/ajff-06-embroidered-net-3-pcs
KJC-LU-ASJ-12049,ASJ,Asim Jofa,LU,https://asimjofa.com/products/ajff-05-embroidered-net-3-pcs
KJC-LU-ASJ-12050,ASJ,Asim Jofa,LU,https://asimjofa.com/products/ajff-03-embroidered-net-3-pcs
KJC-LU-ASJ-12051,ASJ,Asim Jofa,LU,https://asimjofa.com/products/ajff-02-embroidered-net-3-pcs
KJC-LU-ASJ-12052,ASJ,Asim Jofa,LU,https://asimjofa.com/products/ajmv-10-embroidered-velvet-3-pcs
KJC-LU-ASJ-12053,ASJ,Asim Jofa,LU,https://asimjofa.com/products/ajmv-09-embroidered-velvet-3-pcs
KJC-LU-ASJ-12054,ASJ,Asim Jofa,LU,https://asimjofa.com/products/ajmv-08-embroidered-velvet-2-pcs
KJC-LU-ASJ-12055,ASJ,Asim Jofa,LU,https://asimjofa.com/products/ajmv-06-embroidered-velvet-2-pcs
KJC-LU-ASJ-12056,ASJ,Asim Jofa,LU,https://asimjofa.com/products/ajmv-05-embroidered-velvet-3-pcs
KJC-LU-ASJ-12057,ASJ,Asim Jofa,LU,https://asimjofa.com/products/ajmv-03-embroidered-velvet-2-pcs
KJC-LU-ASJ-12058,ASJ,Asim Jofa,LU,https://asimjofa.com/products/ajmv-01-embroidered-velvet-3-pcs
KJC-LU-ASJ-12059,ASJ,Asim Jofa,LU,https://asimjofa.com/products/ajuw-30-embroidered-viscose-3-pc
KJC-LU-ASJ-12060,ASJ,Asim Jofa,LU,https://asimjofa.com/products/ajuw-29-embroidered-viscose-3-pc
KJC-LU-ASJ-12061,ASJ,Asim Jofa,LU,https://asimjofa.com/products/ajuw-28-embroidered-viscose-3-pc
KJC-LU-ASJ-12062,ASJ,Asim Jofa,LU,https://asimjofa.com/products/ajuw-27-embroidered-viscose-3-pc
KJC-LU-ASJ-12063,ASJ,Asim Jofa,LU,https://asimjofa.com/products/ajuw-26-embroidered-viscose-3-pc
KJC-LU-ASJ-12064,ASJ,Asim Jofa,LU,https://asimjofa.com/products/ajuw-25-embroidered-viscose-3-pc
KJC-LU-ASJ-12065,ASJ,Asim Jofa,LU,https://asimjofa.com/products/ajuw-24-embroidered-viscose-3-pc
KJC-LU-ASJ-12066,ASJ,Asim Jofa,LU,https://asimjofa.com/products/ajuw-23-embroidered-viscose-3-pc
KJC-LU-ASJ-12067,ASJ,Asim Jofa,LU,https://asimjofa.com/products/ajuw-22-embroidered-viscose-3-pc
KJC-LU-ASJ-12068,ASJ,Asim Jofa,LU,https://asimjofa.com/products/ajuw-21-embroidered-viscose-3-pc
KJC-LU-ASJ-12069,ASJ,Asim Jofa,LU,https://asimjofa.com/products/ajuw-20-embroidered-viscose-3-pc
KJC-LU-ASJ-12070,ASJ,Asim Jofa,LU,https://asimjofa.com/products/ajuw-19-embroidered-viscose-3-pc
KJC-LU-ASJ-12071,ASJ,Asim Jofa,LU,https://asimjofa.com/products/ajuw-18-embroidered-viscose-3-pc
KJC-LU-ASJ-12072,ASJ,Asim Jofa,LU,https://asimjofa.com/products/ajuw-17-embroidered-viscose-3-pc
KJC-LU-ASJ-12073,ASJ,Asim Jofa,LU,https://asimjofa.com/products/ajuw-16-embroidered-viscose-3-pc
KJC-LU-ASJ-12074,ASJ,Asim Jofa,LU,https://asimjofa.com/products/ajuw-15-embroidered-khaddar-3-pc
KJC-LU-ASJ-12075,ASJ,Asim Jofa,LU,https://asimjofa.com/products/ajuw-14-embroidered-khaddar-3-pc
KJC-LU-ASJ-12076,ASJ,Asim Jofa,LU,https://asimjofa.com/products/ajuw-13-embroidered-khaddar-3-pc
KJC-LU-ASJ-12077,ASJ,Asim Jofa,LU,https://asimjofa.com/products/ajuw-12-embroidered-khaddar-3-pc
KJC-LU-ASJ-12078,ASJ,Asim Jofa,LU,https://asimjofa.com/products/ajuw-11-embroidered-khaddar-3-pc
KJC-LU-ASJ-12079,ASJ,Asim Jofa,LU,https://asimjofa.com/products/ajuw-10-embroidered-khaddar-3-pc
KJC-LU-ASJ-12080,ASJ,Asim Jofa,LU,https://asimjofa.com/products/ajuw-09-embroidered-khaddar-3-pc
KJC-LU-ASJ-12081,ASJ,Asim Jofa,LU,https://asimjofa.com/products/ajuw-08-embroidered-khaddar-3-pc
KJC-LU-ASJ-12082,ASJ,Asim Jofa,LU,https://asimjofa.com/products/ajuw-07-embroidered-khaddar-3-pc
KJC-LU-ASJ-12083,ASJ,Asim Jofa,LU,https://asimjofa.com/products/ajuw-06-embroidered-khaddar-3-pc
KJC-LU-ASJ-12084,ASJ,Asim Jofa,LU,https://asimjofa.com/products/ajuw-05-embroidered-khaddar-3-pc
KJC-LU-ASJ-12085,ASJ,Asim Jofa,LU,https://asimjofa.com/products/ajuw-04-embroidered-khaddar-3-pc
KJC-LU-ASJ-12086,ASJ,Asim Jofa,LU,https://asimjofa.com/products/ajuw-03-embroidered-khaddar-3-pc
KJC-LU-ASJ-12087,ASJ,Asim Jofa,LU,https://asimjofa.com/products/ajuw-02-embroidered-khaddar-3-pc
KJC-LU-ASJ-12088,ASJ,Asim Jofa,LU,https://asimjofa.com/products/ajuw-01-embroidered-khaddar-3-pc
KJC-LU-ASJ-12089,ASJ,Asim Jofa,LU,https://asimjofa.com/products/ajki-10-embroidered-twill-3-pc
KJC-LU-ASJ-12090,ASJ,Asim Jofa,LU,https://asimjofa.com/products/ajki-08-embroidered-twill-3-pc
KJC-LU-ASJ-12091,ASJ,Asim Jofa,LU,https://asimjofa.com/products/ajki-07-embroidered-twill-3-pc
KJC-LU-ASJ-12092,ASJ,Asim Jofa,LU,https://asimjofa.com/products/ajki-06-embroidered-twill-3-pc
KJC-LU-ASJ-12093,ASJ,Asim Jofa,LU,https://asimjofa.com/products/ajki-05-embroidered-twill-3-pc
KJC-LU-ASJ-12094,ASJ,Asim Jofa,LU,https://asimjofa.com/products/ajki-04-embroidered-twill-3-pc
KJC-LU-ASJ-12095,ASJ,Asim Jofa,LU,https://asimjofa.com/products/ajki-03-embroidered-twill-3-pc
KJC-LU-ASJ-12096,ASJ,Asim Jofa,LU,https://asimjofa.com/products/ajki-02-embroidered-twill-3-pc
KJC-LU-ASJ-12097,ASJ,Asim Jofa,LU,https://asimjofa.com/products/ajki-01-embroidered-twill-3-pc
KJC-LU-ASJ-12098,ASJ,Asim Jofa,LU,https://asimjofa.com/products/ajfile-22-cambric-3-pcs
KJC-LU-ASJ-12099,ASJ,Asim Jofa,LU,https://asimjofa.com/products/ajfile-24-cambric-3-pcs
KJC-LU-ASJ-12100,ASJ,Asim Jofa,LU,https://asimjofa.com/products/ajfile-09-cambric-3-pcs
KJC-LU-ASJ-12101,ASJ,Asim Jofa,LU,https://asimjofa.com/products/ajfile-25-cambric-3-pcs
KJC-LU-ASJ-12102,ASJ,Asim Jofa,LU,https://asimjofa.com/products/ajfile-05-cambric-3-pcs
KJC-LU-ASJ-12103,ASJ,Asim Jofa,LU,https://asimjofa.com/products/ajfile-02-cambric-3-pcs
KJC-LU-ASJ-12104,ASJ,Asim Jofa,LU,https://asimjofa.com/products/ajfile-11-cambric-3-pcs
KJC-LU-ASJ-12105,ASJ,Asim Jofa,LU,https://asimjofa.com/products/ajfile-12-cambric-3-pcs
KJC-LU-ASJ-12106,ASJ,Asim Jofa,LU,https://asimjofa.com/products/ajfile-15-cambric-3-pcs
KJC-LU-ASJ-12107,ASJ,Asim Jofa,LU,https://asimjofa.com/products/ajfile-27-cambric-3-pcs
KJC-LU-ASJ-12108,ASJ,Asim Jofa,LU,https://asimjofa.com/products/ajfile-23-cambric-3-pcs
KJC-LU-ASJ-12109,ASJ,Asim Jofa,LU,https://asimjofa.com/products/ajmmp-07-embroidered-chiffon-3-pcs-stitched
KJC-LU-ASJ-12110,ASJ,Asim Jofa,LU,https://asimjofa.com/products/ajktp-02-embroidered-self-twill-3-pcs-stitched
KJC-LU-ASJ-12111,ASJ,Asim Jofa,LU,https://asimjofa.com/products/ajktp-01-embroidered-twill-3-pcs-stitched
KJC-LU-ASJ-12112,ASJ,Asim Jofa,LU,https://asimjofa.com/products/ajktp-09-embroidered-self-twill-3-pcs-stitched
KJC-LU-ASJ-12113,ASJ,Asim Jofa,LU,https://asimjofa.com/products/ajabp-24-embroidered-lawn-silk-3-pcs-stitched
KJC-LU-ASJ-12114,ASJ,Asim Jofa,LU,https://asimjofa.com/products/ajmmp-06-embroidered-velvet-3-pcs-stitched
KJC-LU-ASJ-12115,ASJ,Asim Jofa,LU,https://asimjofa.com/products/ajswp-17-embroidered-lawn-silk-3-pcs-stitched
KJC-LU-ASJ-12116,ASJ,Asim Jofa,LU,https://asimjofa.com/products/ajsw-05-embroidered-lawn-silk-3-pcs-stitched
KJC-LU-ASJ-12117,ASJ,Asim Jofa,LU,https://asimjofa.com/products/ajkk-30
KJC-LU-ASJ-12118,ASJ,Asim Jofa,LU,https://asimjofa.com/products/ajkk-29
KJC-LU-ASJ-12119,ASJ,Asim Jofa,LU,https://asimjofa.com/products/ajkk-26
KJC-LU-ASJ-12120,ASJ,Asim Jofa,LU,https://asimjofa.com/products/ajkk-25
KJC-LU-ASJ-12121,ASJ,Asim Jofa,LU,https://asimjofa.com/products/ajkk-24
KJC-LU-ASJ-12122,ASJ,Asim Jofa,LU,https://asimjofa.com/products/ajkk-22
KJC-LU-ASJ-12123,ASJ,Asim Jofa,LU,https://asimjofa.com/products/ajkk-21
KJC-LU-ASJ-12124,ASJ,Asim Jofa,LU,https://asimjofa.com/products/ajkk-18
KJC-LU-ASJ-12125,ASJ,Asim Jofa,LU,https://asimjofa.com/products/ajkk-17
KJC-LU-ASJ-12126,ASJ,Asim Jofa,LU,https://asimjofa.com/products/ajkk-15
KJC-LU-ASJ-12127,ASJ,Asim Jofa,LU,https://asimjofa.com/products/ajkk-13
KJC-LU-ASJ-12128,ASJ,Asim Jofa,LU,https://asimjofa.com/products/ajkk-12
KJC-LU-ASJ-12129,ASJ,Asim Jofa,LU,https://asimjofa.com/products/ajkk-08
KJC-LU-ASJ-12130,ASJ,Asim Jofa,LU,https://asimjofa.com/products/ajkk-07
KJC-LU-ASJ-12131,ASJ,Asim Jofa,LU,https://asimjofa.com/products/ajkk-06
KJC-LU-ASJ-12132,ASJ,Asim Jofa,LU,https://asimjofa.com/products/ajkk-05
KJC-LU-ASJ-12133,ASJ,Asim Jofa,LU,https://asimjofa.com/products/ajkk-04
KJC-LU-ASJ-12134,ASJ,Asim Jofa,LU,https://asimjofa.com/products/ajkk-03
KJC-LU-ASJ-12135,ASJ,Asim Jofa,LU,https://asimjofa.com/products/ajrnp-22-stitched
KJC-LU-ASJ-12136,ASJ,Asim Jofa,LU,https://asimjofa.com/products/ajfi-30
KJC-LU-ASJ-12137,ASJ,Asim Jofa,LU,https://asimjofa.com/products/ajfi-28
KJC-LU-ASJ-12138,ASJ,Asim Jofa,LU,https://asimjofa.com/products/ajfi-19
KJC-LU-ASJ-12139,ASJ,Asim Jofa,LU,https://asimjofa.com/products/ajfi-17
KJC-LU-ASJ-12140,ASJ,Asim Jofa,LU,https://asimjofa.com/products/ajfi-16
KJC-LU-ASJ-12141,ASJ,Asim Jofa,LU,https://asimjofa.com/products/ajfi-10
KJC-LU-ASJ-12142,ASJ,Asim Jofa,LU,https://asimjofa.com/products/ajfi-08
KJC-LU-ASJ-12143,ASJ,Asim Jofa,LU,https://asimjofa.com/products/ajfi-07
KJC-LU-ASJ-12144,ASJ,Asim Jofa,LU,https://asimjofa.com/products/ajfi-03
KJC-LU-ASJ-12145,ASJ,Asim Jofa,LU,https://asimjofa.com/products/ajswp-13
KJC-LU-ASJ-12146,ASJ,Asim Jofa,LU,https://asimjofa.com/products/ajswp-06
KJC-LU-ASJ-12147,ASJ,Asim Jofa,LU,https://asimjofa.com/products/ajrnp-10-stitched
KJC-LU-ASJ-12148,ASJ,Asim Jofa,LU,https://asimjofa.com/products/ajsh-20
KJC-LU-ASJ-12149,ASJ,Asim Jofa,LU,https://asimjofa.com/products/ajsh-19
KJC-LU-ASJ-12150,ASJ,Asim Jofa,LU,https://asimjofa.com/products/ajsh-15
KJC-LU-ASJ-12151,ASJ,Asim Jofa,LU,https://asimjofa.com/products/ajsh-14
KJC-LU-ASJ-12152,ASJ,Asim Jofa,LU,https://asimjofa.com/products/ajsh-10
KJC-LU-ASJ-12153,ASJ,Asim Jofa,LU,https://asimjofa.com/products/ajsh-09
KJC-LU-ASJ-12154,ASJ,Asim Jofa,LU,https://asimjofa.com/products/ajsh-07
KJC-LU-ASJ-12155,ASJ,Asim Jofa,LU,https://asimjofa.com/products/ajsh-06
KJC-LU-ASJ-12156,ASJ,Asim Jofa,LU,https://asimjofa.com/products/ajsh-03
KJC-LU-ASJ-12157,ASJ,Asim Jofa,LU,https://asimjofa.com/products/ajda-27
KJC-LU-ASJ-12158,ASJ,Asim Jofa,LU,https://asimjofa.com/products/ajda-26
KJC-LU-ASJ-12159,ASJ,Asim Jofa,LU,https://asimjofa.com/products/ajda-25
KJC-LU-ASJ-12160,ASJ,Asim Jofa,LU,https://asimjofa.com/products/ajda-18
KJC-LU-ASJ-12161,ASJ,Asim Jofa,LU,https://asimjofa.com/products/ajda-17
KJC-LU-ASJ-12162,ASJ,Asim Jofa,LU,https://asimjofa.com/products/ajda-09
KJC-LU-ASJ-12163,ASJ,Asim Jofa,LU,https://asimjofa.com/products/ajda-08
KJC-LU-ASJ-12164,ASJ,Asim Jofa,LU,https://asimjofa.com/products/ajda-07
KJC-LU-ASJ-12165,ASJ,Asim Jofa,LU,https://asimjofa.com/products/ajda-05
KJC-LU-ASJ-12166,ASJ,Asim Jofa,LU,https://asimjofa.com/products/ajrn-30
KJC-LU-ASJ-12167,ASJ,Asim Jofa,LU,https://asimjofa.com/products/ajrn-29
KJC-LU-ASJ-12168,ASJ,Asim Jofa,LU,https://asimjofa.com/products/ajrn-28
KJC-LU-ASJ-12169,ASJ,Asim Jofa,LU,https://asimjofa.com/products/ajrn-27
KJC-LU-ASJ-12170,ASJ,Asim Jofa,LU,https://asimjofa.com/products/ajrn-26
KJC-LU-ASJ-12171,ASJ,Asim Jofa,LU,https://asimjofa.com/products/ajrn-25
KJC-LU-ASJ-12172,ASJ,Asim Jofa,LU,https://asimjofa.com/products/ajrn-22
KJC-LU-ASJ-12173,ASJ,Asim Jofa,LU,https://asimjofa.com/products/ajrn-21
KJC-LU-ASJ-12174,ASJ,Asim Jofa,LU,https://asimjofa.com/products/ajrn-20
KJC-LU-ASJ-12175,ASJ,Asim Jofa,LU,https://asimjofa.com/products/ajrn-18
KJC-LU-ASJ-12176,ASJ,Asim Jofa,LU,https://asimjofa.com/products/ajrn-17
KJC-LU-ASJ-12177,ASJ,Asim Jofa,LU,https://asimjofa.com/products/ajrn-16
KJC-LU-ASJ-12178,ASJ,Asim Jofa,LU,https://asimjofa.com/products/ajrn-15
KJC-LU-ASJ-12179,ASJ,Asim Jofa,LU,https://asimjofa.com/products/ajrn-14
KJC-LU-ASJ-12180,ASJ,Asim Jofa,LU,https://asimjofa.com/products/ajrn-13
KJC-LU-ASJ-12181,ASJ,Asim Jofa,LU,https://asimjofa.com/products/ajrn-12
KJC-LU-ASJ-12182,ASJ,Asim Jofa,LU,https://asimjofa.com/products/ajrn-11
KJC-LU-ASJ-12183,ASJ,Asim Jofa,LU,https://asimjofa.com/products/ajrn-10
KJC-LU-ASJ-12184,ASJ,Asim Jofa,LU,https://asimjofa.com/products/ajrn-08
KJC-LU-ASJ-12185,ASJ,Asim Jofa,LU,https://asimjofa.com/products/ajrn-07
KJC-LU-ASJ-12186,ASJ,Asim Jofa,LU,https://asimjofa.com/products/ajrn-06
KJC-LU-ASJ-12187,ASJ,Asim Jofa,LU,https://asimjofa.com/products/ajrn-05
KJC-LU-ASJ-12188,ASJ,Asim Jofa,LU,https://asimjofa.com/products/ajrn-04
KJC-LU-ASJ-12189,ASJ,Asim Jofa,LU,https://asimjofa.com/products/ajrn-02
KJC-LU-ASJ-12190,ASJ,Asim Jofa,LU,https://asimjofa.com/products/ajo-06
KJC-LU-ASJ-12191,ASJ,Asim Jofa,LU,https://asimjofa.com/products/ajfile-17-cambric-3-pcs
KJC-LU-ASJ-12192,ASJ,Asim Jofa,LU,https://asimjofa.com/products/ajfile-14-cambric-3-pcs
KJC-LU-ASJ-12193,ASJ,Asim Jofa,LU,https://asimjofa.com/products/ajlfc-01-embroidered-paper-cotton-unstitched-3-pcs
KJC-LU-ASJ-12194,ASJ,Asim Jofa,LU,https://asimjofa.com/products/ajlfc-05-embroidered-slub-lawn-unstitched-3-pcs
KJC-LU-ASJ-12195,ASJ,Asim Jofa,LU,https://asimjofa.com/products/ajlfc-07-embroidered-net-unstitched-3-pcs
KJC-LU-ASJ-12196,ASJ,Asim Jofa,LU,https://asimjofa.com/products/ajlfc-08-embroidered-javeria-net-unstitched-3-pcs
KJC-LU-ASJ-12197,ASJ,Asim Jofa,LU,https://asimjofa.com/products/ajlfc-09-embroidered-soft-net-organza-unstitched-3-pcs
KJC-LU-ASJ-12198,ASJ,Asim Jofa,LU,https://asimjofa.com/products/ajulo-01-embroidered-net-unstitched-3-pcs
KJC-LU-ASJ-12199,ASJ,Asim Jofa,LU,https://asimjofa.com/products/ajulo-02-embroidered-net-unstitched-3-pcs
KJC-LU-ASJ-12200,ASJ,Asim Jofa,LU,https://asimjofa.com/products/ajulo-05-embroidered-boski-silk-unstitched-3-pcs
KJC-LU-ASJ-12201,ASJ,Asim Jofa,LU,https://asimjofa.com/products/ajulo-06-embroidered-silk-unstitched-3-pcs
KJC-LU-ASJ-12202,ASJ,Asim Jofa,LU,https://asimjofa.com/products/ajulo-11-embroidered-chiffon-unstitched-3-pcs
KJC-LU-ASJ-12203,ASJ,Asim Jofa,LU,https://asimjofa.com/products/ajlso-02-embroidered-velvet-3-pcs
KJC-LU-ASJ-12204,ASJ,Asim Jofa,LU,https://asimjofa.com/products/ajso-139-embroidered-jacquard-shirt-dupatta-2-pcs
KJC-LU-ASJ-12205,ASJ,Asim Jofa,LU,https://asimjofa.com/products/ajso-144-embroidered-jacquard-shirt-dupatta-2-pcs
KJC-LU-ASJ-12206,ASJ,Asim Jofa,LU,https://asimjofa.com/products/ajso-108-embroidered-jacquard-shirt-dupatta-2-pcs
KJC-LU-ASJ-12207,ASJ,Asim Jofa,LU,https://asimjofa.com/products/ajulm-02-embroidered-velvet-unstitched-3-pcs
KJC-LU-ASJ-12208,ASJ,Asim Jofa,LU,https://asimjofa.com/products/ajulm-03-embroidered-velvet-unstitched-3-pcs
KJC-LU-ASJ-12209,ASJ,Asim Jofa,LU,https://asimjofa.com/products/ajlso-07-embroidered-self-twill-shirt-dupatta-trouser-3-pcs
KJC-LU-ASJ-12210,ASJ,Asim Jofa,LU,https://asimjofa.com/products/ajlso-08-embroidered-lawn-silk-shirt-dupatta-trouser-3-pcs
KJC-LU-ASJ-12211,ASJ,Asim Jofa,LU,https://asimjofa.com/products/ajlso-06-embroidered-self-twill-shirt-dupatta-trouser-3-pcs
KJC-LU-ASJ-12212,ASJ,Asim Jofa,LU,https://asimjofa.com/products/ajulk-04-embroidered-rod-unstitched-3-pcs
KJC-LU-ASJ-12213,ASJ,Asim Jofa,LU,https://asimjofa.com/products/ajulk-05-embroidered-rod-unstitched-3-pcs
KJC-LU-ASJ-12214,ASJ,Asim Jofa,LU,https://asimjofa.com/products/ajulk-08-embroidered-rod-unstitched-3-pcs
KJC-LU-ASJ-12215,ASJ,Asim Jofa,LU,https://asimjofa.com/products/ajlfcd-08-embroidered-javeria-net-stitched-3-pcs
KJC-LU-ASJ-12216,ASJ,Asim Jofa,LU,https://asimjofa.com/products/ajlso-12-embroidered-organza-shirt-dupatta-trouser-3-pcs
KJC-LU-ASJ-12217,ASJ,Asim Jofa,LU,https://asimjofa.com/products/ajuld-02-embroidered-boski-silk-unstitched-3-pcs
KJC-LU-ASJ-12218,ASJ,Asim Jofa,LU,https://asimjofa.com/products/ajuld-05-embroidered-boski-silk-unstitched-3-pcs
KJC-LU-ASJ-12219,ASJ,Asim Jofa,LU,https://asimjofa.com/products/ajuld-08-embroidered-spun-raw-silk-unstitched-3-pcs
KJC-LU-ASJ-12220,ASJ,Asim Jofa,LU,https://asimjofa.com/products/ajuld-09-embroidered-raw-silk-unstitched-3-pcs
KJC-LU-ASJ-12221,ASJ,Asim Jofa,LU,https://asimjofa.com/products/ajuld-11-embroidered-chiffon-unstitched-3-pcs
KJC-LU-ASJ-12222,ASJ,Asim Jofa,LU,https://asimjofa.com/products/ajlfcd-05-embroidered-slub-lawn-stitched-3-pcs
KJC-LU-ASJ-12223,ASJ,Asim Jofa,LU,https://asimjofa.com/products/ajlfc-06-embroidered-organza-unstitched-3-pcs-copy
KJC-LU-ASJ-12224,ASJ,Asim Jofa,LU,https://asimjofa.com/products/ajso-212-unstitched-3-pcs-shirt-dupatta-trouser
KJC-LU-ASJ-12225,ASJ,Asim Jofa,LU,https://asimjofa.com/products/ajuln-12-embroidered-zari-check-net-unstitched-3-pcs
KJC-LU-ASJ-12226,ASJ,Asim Jofa,LU,https://asimjofa.com/products/ajuln-21-embroidered-chiffon-unstitched-3-pcs
KJC-LU-ASJ-12227,ASJ,Asim Jofa,LU,https://asimjofa.com/products/ajulsc-06-embroidered-charmeuse-silk-unstitched-3-pcs
KJC-LU-ASJ-12228,ASJ,Asim Jofa,LU,https://asimjofa.com/products/ajulsc-03-embroidered-charmeuse-silk-unstitched-3-pcs
KJC-LU-ASJ-12229,ASJ,Asim Jofa,LU,https://asimjofa.com/products/ajulsc-01-embroidered-charmeuse-silk-unstitched-3-pcs
KJC-LU-ASJ-12230,ASJ,Asim Jofa,LU,https://asimjofa.com/products/ajulnd-06-embroidered-silk-stitched-3-pcs
KJC-LU-ASJ-12231,ASJ,Asim Jofa,LU,https://asimjofa.com/products/ajulfi-01-embroidered-net-unstitched-2-pcs
KJC-LU-ASJ-12232,ASJ,Asim Jofa,LU,https://asimjofa.com/products/ajulfi-02-embroidered-net-unstitched-3-pcs
KJC-LU-ASJ-12233,ASJ,Asim Jofa,LU,https://asimjofa.com/products/ajulfi-04-embroidered-chiffon-unstitched-3-pcs
KJC-LU-ASJ-12234,ASJ,Asim Jofa,LU,https://asimjofa.com/products/ajulfi-10-embroidered-raw-silk-unstitched-3-pcs
KJC-LU-ASJ-12235,ASJ,Asim Jofa,LU,https://asimjofa.com/products/ajulnd-01-embroidered-chiffon-stitched-3-pcs
KJC-LU-ASJ-12236,ASJ,Asim Jofa,LU,https://asimjofa.com/products/ajulscd-10-embroidered-crepe-silk-stitched-3-pcs
KJC-LU-ASJ-12237,ASJ,Asim Jofa,LU,https://asimjofa.com/products/ajulw-02-embroidered-lawn-unstitched-3-pcs
KJC-LU-ASJ-12238,ASJ,Asim Jofa,LU,https://asimjofa.com/products/ajulw-07-embroidered-lawn-unstitched-3-pcs
KJC-LU-ASJ-12239,ASJ,Asim Jofa,LU,https://asimjofa.com/products/ajulw-10-embroidered-lawn-unstitched-3-pcs
KJC-LU-ASJ-12240,ASJ,Asim Jofa,LU,https://asimjofa.com/products/ajulfb-01-embroidered-silk-unstitched-3-pcs
KJC-LU-ASJ-12241,ASJ,Asim Jofa,LU,https://asimjofa.com/products/ajulfb-05-embroidered-boski-silk-unstitched-3-pcs
KJC-LU-ASJ-12242,ASJ,Asim Jofa,LU,https://asimjofa.com/products/ajulfb-09-embroidered-poly-net-unstitched-2-pcs
KJC-LU-ASJ-12243,ASJ,Asim Jofa,LU,https://asimjofa.com/products/ajulfb-10-embroidered-boski-silk-unstitched-2-pcs
KJC-LU-ASJ-12244,ASJ,Asim Jofa,LU,https://asimjofa.com/products/ajulfb-02-embroidered-javeria-net-unstitched-3-pcs
KJC-LU-ASJ-12245,ASJ,Asim Jofa,LU,https://asimjofa.com/products/ajulfb-07-embroidered-poly-net-unstitched-2-pcs
KJC-LU-ASJ-12246,ASJ,Asim Jofa,LU,https://asimjofa.com/products/ajulfb-08-embroidered-boski-silk-unstitched-3-pcs
KJC-LU-ASJ-12247,ASJ,Asim Jofa,LU,https://asimjofa.com/products/ajulfe-09-embroidered-javeria-net-unstitched-3-pcs
KJC-LU-ASJ-12248,ASJ,Asim Jofa,LU,https://asimjofa.com/products/ajulif-04-embroidered-boski-silk-unstitched-3-pcs
KJC-LU-ASJ-12249,ASJ,Asim Jofa,LU,https://asimjofa.com/products/ajulif-05-embroidered-chiffon-unstitched-3-pcs
KJC-LU-ASJ-12250,ASJ,Asim Jofa,LU,https://asimjofa.com/products/ajulif-06-embroidered-paper-cotton-unstitched-3-pcs
KJC-LU-ASJ-12251,ASJ,Asim Jofa,LU,https://asimjofa.com/products/ajulif-10-embroidered-chiffon-unstitched-3-pcs
KJC-LU-ASJ-12252,ASJ,Asim Jofa,LU,https://asimjofa.com/products/ajl-06b-asim-jofa-luxury-lawn-collection-2020
KJC-LU-ASJ-12253,ASJ,Asim Jofa,LU,https://asimjofa.com/products/ajl-07a-asim-jofa-luxury-lawn-collection-2020
KJC-LU-ASJ-12254,ASJ,Asim Jofa,LU,https://asimjofa.com/products/ajkf-10
KJC-LU-ASJ-12255,ASJ,Asim Jofa,LU,https://asimjofa.com/products/ajkf-06
KJC-LU-ASJ-12256,ASJ,Asim Jofa,LU,https://asimjofa.com/products/ajkf-02
KJC-LU-ASJ-12257,ASJ,Asim Jofa,LU,https://asimjofa.com/products/ajkf-15
KJC-LU-ASJ-12258,ASJ,Asim Jofa,LU,https://asimjofa.com/products/ajund-04-printed-lawn-3-pcs-xs
KJC-LU-ASJ-12259,ASJ,Asim Jofa,LU,https://asimjofa.com/products/ajund-07-printed-lawn-3-pcs-xs
KJC-LU-ASJ-12260,ASJ,Asim Jofa,LU,https://asimjofa.com/products/ajund-08-printed-lawn-3-pcs-xs
KJC-LU-ASJ-12261,ASJ,Asim Jofa,LU,https://asimjofa.com/products/ajund-09-printed-lawn-3-pcs-xs
KJC-LU-ASJ-12262,ASJ,Asim Jofa,LU,https://asimjofa.com/products/ajund-13-printed-lawn-3-pcs-xs
KJC-LU-ASJ-12263,ASJ,Asim Jofa,LU,https://asimjofa.com/products/ajund-14-printed-lawn-3-pcs-xs
KJC-LU-ASJ-12264,ASJ,Asim Jofa,LU,https://asimjofa.com/products/ajund-16-printed-lawn-3-pcs-xs
KJC-LU-ASJ-12265,ASJ,Asim Jofa,LU,https://asimjofa.com/products/ajund-17-printed-lawn-3-pcs-xs
KJC-LU-ASJ-12266,ASJ,Asim Jofa,LU,https://asimjofa.com/products/ajlso-05-embroidered-chiffon-3-pcs
KJC-LU-ASJ-12267,ASJ,Asim Jofa,LU,https://asimjofa.com/products/ajard-26-printed-lawn-stitched-3-pcs
KJC-LU-ASJ-12268,ASJ,Asim Jofa,LU,https://asimjofa.com/products/ajabd-01
KJC-LU-ASJ-12269,ASJ,Asim Jofa,LU,https://asimjofa.com/products/ajard-25
KJC-LU-ASJ-12270,ASJ,Asim Jofa,LU,https://asimjofa.com/products/ajab-05-ds-xs
KJC-LU-ASJ-12271,ASJ,Asim Jofa,LU,https://asimjofa.com/products/ajellb-03-embroidered-lawn-stitched-3-pcs
KJC-LU-ASJ-12272,ASJ,Asim Jofa,LU,https://asimjofa.com/products/ajubf-86-digital-printed-lawn-3-pcs
KJC-LU-ASJ-12273,ASJ,Asim Jofa,LU,https://asimjofa.com/products/ajubf-85-digital-printed-lawn-3-pcs
KJC-LU-ASJ-12274,ASJ,Asim Jofa,LU,https://asimjofa.com/products/ajubf-84-digital-printed-lawn-3-pcs
KJC-LU-ASJ-12275,ASJ,Asim Jofa,LU,https://asimjofa.com/products/ajubf-75-digital-printed-lawn-3-pcs
KJC-LU-ASJ-12276,ASJ,Asim Jofa,LU,https://asimjofa.com/products/ajubf-74-digital-printed-lawn-3-pcs
KJC-LU-ASJ-12277,ASJ,Asim Jofa,LU,https://asimjofa.com/products/ajubf-72-digital-printed-lawn-3-pcs
KJC-LU-ASJ-12278,ASJ,Asim Jofa,LU,https://asimjofa.com/products/ajubf-70-digital-printed-lawn-3-pcs
KJC-LU-ASJ-12279,ASJ,Asim Jofa,LU,https://asimjofa.com/products/ajubf-69-digital-printed-lawn-3-pcs
KJC-LU-ASJ-12280,ASJ,Asim Jofa,LU,https://asimjofa.com/products/ajubf-68-digital-printed-lawn-3-pcs
KJC-LU-ASJ-12281,ASJ,Asim Jofa,LU,https://asimjofa.com/products/ajubf-67-digital-printed-lawn-3-pcs
KJC-LU-ASJ-12282,ASJ,Asim Jofa,LU,https://asimjofa.com/products/ajubf-66-digital-printed-lawn-3-pcs
KJC-LU-ASJ-12283,ASJ,Asim Jofa,LU,https://asimjofa.com/products/ajubf-65-digital-printed-lawn-3-pcs
KJC-LU-ASJ-12284,ASJ,Asim Jofa,LU,https://asimjofa.com/products/ajubf-64-digital-printed-lawn-3-pcs
KJC-LU-ASJ-12285,ASJ,Asim Jofa,LU,https://asimjofa.com/products/ajubf-63-digital-printed-lawn-3-pcs
KJC-LU-ASJ-12286,ASJ,Asim Jofa,LU,https://asimjofa.com/products/ajubf-62-digital-printed-lawn-2-pcs
KJC-LU-ASJ-12287,ASJ,Asim Jofa,LU,https://asimjofa.com/products/ajubf-61-digital-printed-lawn-2-pcs
KJC-LU-ASJ-12288,ASJ,Asim Jofa,LU,https://asimjofa.com/products/ajubf-60-digital-printed-lawn-2-pcs
KJC-LU-ASJ-12289,ASJ,Asim Jofa,LU,https://asimjofa.com/products/ajubf-59-digital-printed-lawn-2-pcs
KJC-LU-ASJ-12290,ASJ,Asim Jofa,LU,https://asimjofa.com/products/ajubf-58-digital-printed-lawn-2-pcs
KJC-LU-ASJ-12291,ASJ,Asim Jofa,LU,https://asimjofa.com/products/ajubf-57-digital-printed-lawn-2-pcs
KJC-LU-ASJ-12292,ASJ,Asim Jofa,LU,https://asimjofa.com/products/ajkk-10
KJC-LU-ASJ-12293,ASJ,Asim Jofa,LU,https://asimjofa.com/products/ajarp-17-stitched
KJC-LU-ASJ-12294,ASJ,Asim Jofa,LU,https://asimjofa.com/products/ajarp-18-stitched
KJC-LU-ASJ-12295,ASJ,Asim Jofa,LU,https://asimjofa.com/products/ajar-36
KJC-LU-ASJ-12296,ASJ,Asim Jofa,LU,https://asimjofa.com/products/ajar-35
KJC-LU-ASJ-12297,ASJ,Asim Jofa,LU,https://asimjofa.com/products/ajar-34
KJC-LU-ASJ-12298,ASJ,Asim Jofa,LU,https://asimjofa.com/products/ajar-20
KJC-LU-ASJ-12299,ASJ,Asim Jofa,LU,https://asimjofa.com/products/ajar-19
KJC-LU-ASJ-12300,ASJ,Asim Jofa,LU,https://asimjofa.com/products/ajar-18
KJC-LU-ASJ-12301,ASJ,Asim Jofa,LU,https://asimjofa.com/products/ajar-17
KJC-LU-ASJ-12302,ASJ,Asim Jofa,LU,https://asimjofa.com/products/ajpr-08
KJC-LU-ASJ-12303,ASJ,Asim Jofa,LU,https://asimjofa.com/products/ajl-2a-printed-embroidered-unstitched-3pcs
KJC-LU-ASJ-12304,ASJ,Asim Jofa,LU,https://asimjofa.com/products/ajkk-01
KJC-LU-ASJ-12305,ASJ,Asim Jofa,LU,https://asimjofa.com/products/ajkk-02
KJC-LU-ASJ-12306,ASJ,Asim Jofa,LU,https://asimjofa.com/products/ajkk-09
KJC-LU-ASJ-12307,ASJ,Asim Jofa,LU,https://asimjofa.com/products/ajkk-11
KJC-LU-ASJ-12308,ASJ,Asim Jofa,LU,https://asimjofa.com/products/ajkk-14
KJC-LU-ASJ-12309,ASJ,Asim Jofa,LU,https://asimjofa.com/products/ajkk-16
KJC-LU-ASJ-12310,ASJ,Asim Jofa,LU,https://asimjofa.com/products/ajkk-19
KJC-LU-ASJ-12311,ASJ,Asim Jofa,LU,https://asimjofa.com/products/ajkk-20
KJC-LU-ASJ-12312,ASJ,Asim Jofa,LU,https://asimjofa.com/products/ajkk-23
KJC-LU-ASJ-12313,ASJ,Asim Jofa,LU,https://asimjofa.com/products/ajkk-27
KJC-LU-ASJ-12314,ASJ,Asim Jofa,LU,https://asimjofa.com/products/ajkk-28
KJC-LU-ASJ-12315,ASJ,Asim Jofa,LU,https://asimjofa.com/products/ajlso-04-embroidered-chiffon-3-pcs
KJC-LU-ASJ-12316,ASJ,Asim Jofa,LU,https://asimjofa.com/products/ajhe-05-embroidered-net-3-pcs
KJC-LU-ASJ-12317,ASJ,Asim Jofa,LU,https://asimjofa.com/products/ajff-09-embroidered-net-3-pcs
KJC-LU-ASJ-12318,ASJ,Asim Jofa,LU,https://asimjofa.com/products/ajff-07-embroidered-net-3-pcs
KJC-LU-ASJ-12319,ASJ,Asim Jofa,LU,https://asimjofa.com/products/ajvfp-03-embroidered-net-3-pcs
KJC-LU-ASJ-12320,ASJ,Asim Jofa,LU,https://asimjofa.com/products/ajuw-70-printed-viscose-3-pc
KJC-LU-ASJ-12321,ASJ,Asim Jofa,LU,https://asimjofa.com/products/ajuw-69-printed-viscose-3-pc
KJC-LU-ASJ-12322,ASJ,Asim Jofa,LU,https://asimjofa.com/products/ajuw-68-printed-viscose-3-pc
KJC-LU-ASJ-12323,ASJ,Asim Jofa,LU,https://asimjofa.com/products/ajuw-67-printed-viscose-3-pc
KJC-LU-ASJ-12324,ASJ,Asim Jofa,LU,https://asimjofa.com/products/ajuw-66-printed-viscose-3-pc
KJC-LU-ASJ-12325,ASJ,Asim Jofa,LU,https://asimjofa.com/products/ajuw-65-printed-viscose-3-pc
KJC-LU-ASJ-12326,ASJ,Asim Jofa,LU,https://asimjofa.com/products/ajuw-64-printed-viscose-3-pc
KJC-LU-ASJ-12327,ASJ,Asim Jofa,LU,https://asimjofa.com/products/ajuw-63-printed-viscose-3-pc
KJC-LU-ASJ-12328,ASJ,Asim Jofa,LU,https://asimjofa.com/products/ajuw-61-printed-viscose-3-pc
KJC-LU-ASJ-12329,ASJ,Asim Jofa,LU,https://asimjofa.com/products/ajuw-60-printed-khaddar-3-pc
KJC-LU-ASJ-12330,ASJ,Asim Jofa,LU,https://asimjofa.com/products/ajuw-59-printed-khaddar-3-pc
KJC-LU-ASJ-12331,ASJ,Asim Jofa,LU,https://asimjofa.com/products/ajuw-58-printed-khaddar-3-pc
KJC-LU-ASJ-12332,ASJ,Asim Jofa,LU,https://asimjofa.com/products/ajuw-57-printed-khaddar-3-pc
KJC-LU-ASJ-12333,ASJ,Asim Jofa,LU,https://asimjofa.com/products/ajuw-56-printed-khaddar-3-pc
KJC-LU-ASJ-12334,ASJ,Asim Jofa,LU,https://asimjofa.com/products/ajuw-55-printed-khaddar-3-pc
KJC-LU-ASJ-12335,ASJ,Asim Jofa,LU,https://asimjofa.com/products/ajuw-54-printed-khaddar-3-pc
KJC-LU-ASJ-12336,ASJ,Asim Jofa,LU,https://asimjofa.com/products/ajuw-53-printed-khaddar-3-pc
KJC-LU-ASJ-12337,ASJ,Asim Jofa,LU,https://asimjofa.com/products/ajuw-52-printed-khaddar-3-pc
KJC-LU-ASJ-12338,ASJ,Asim Jofa,LU,https://asimjofa.com/products/ajuw-51-printed-khaddar-3-pc
KJC-LU-ASJ-12339,ASJ,Asim Jofa,LU,https://asimjofa.com/products/ajuw-50-printed-khaddar-3-pc
KJC-LU-ASJ-12340,ASJ,Asim Jofa,LU,https://asimjofa.com/products/ajuw-49-printed-khaddar-3-pc
KJC-LU-ASJ-12341,ASJ,Asim Jofa,LU,https://asimjofa.com/products/ajuw-48-printed-khaddar-3-pc
KJC-LU-ASJ-12342,ASJ,Asim Jofa,LU,https://asimjofa.com/products/ajuw-47-printed-khaddar-3-pc
KJC-LU-ASJ-12343,ASJ,Asim Jofa,LU,https://asimjofa.com/products/ajuw-46-printed-khaddar-3-pc
KJC-LU-ASJ-12344,ASJ,Asim Jofa,LU,https://asimjofa.com/products/ajuw-45-printed-khaddar-3-pc
KJC-LU-ASJ-12345,ASJ,Asim Jofa,LU,https://asimjofa.com/products/ajuw-44-printed-khaddar-3-pc
KJC-LU-ASJ-12346,ASJ,Asim Jofa,LU,https://asimjofa.com/products/ajuw-43-printed-khaddar-3-pc
KJC-LU-ASJ-12347,ASJ,Asim Jofa,LU,https://asimjofa.com/products/ajuw-42-printed-khaddar-3-pc
KJC-LU-ASJ-12348,ASJ,Asim Jofa,LU,https://asimjofa.com/products/ajuw-41-printed-khaddar-3-pc
KJC-LU-ASJ-12349,ASJ,Asim Jofa,LU,https://asimjofa.com/products/ajuw-40-printed-khaddar-3-pc
KJC-LU-ASJ-12350,ASJ,Asim Jofa,LU,https://asimjofa.com/products/ajuw-39-printed-khaddar-3-pc
KJC-LU-ASJ-12351,ASJ,Asim Jofa,LU,https://asimjofa.com/products/ajuw-38-printed-khaddar-3-pc
KJC-LU-ASJ-12352,ASJ,Asim Jofa,LU,https://asimjofa.com/products/ajuw-37-printed-khaddar-3-pc
KJC-LU-ASJ-12353,ASJ,Asim Jofa,LU,https://asimjofa.com/products/ajuw-36-printed-khaddar-3-pc
KJC-LU-ASJ-12354,ASJ,Asim Jofa,LU,https://asimjofa.com/products/ajuw-35-printed-khaddar-3-pc
KJC-LU-ASJ-12355,ASJ,Asim Jofa,LU,https://asimjofa.com/products/ajuw-34-printed-khaddar-3-pc
KJC-LU-ASJ-12356,ASJ,Asim Jofa,LU,https://asimjofa.com/products/ajuw-33-printed-khaddar-3-pc
KJC-LU-ASJ-12357,ASJ,Asim Jofa,LU,https://asimjofa.com/products/ajuw-32-printed-khaddar-3-pc
KJC-LU-ASJ-12358,ASJ,Asim Jofa,LU,https://asimjofa.com/products/ajuw-31-printed-khaddar-3-pc
KJC-LU-ASJ-12359,ASJ,Asim Jofa,LU,https://asimjofa.com/products/ajub-18
KJC-LU-ASJ-12360,ASJ,Asim Jofa,LU,https://asimjofa.com/products/ajub-17
KJC-LU-ASJ-12361,ASJ,Asim Jofa,LU,https://asimjofa.com/products/ajub-16
KJC-LU-ASJ-12362,ASJ,Asim Jofa,LU,https://asimjofa.com/products/ajub-15
KJC-LU-ASJ-12363,ASJ,Asim Jofa,LU,https://asimjofa.com/products/ajub-14
KJC-LU-ASJ-12364,ASJ,Asim Jofa,LU,https://asimjofa.com/products/ajub-13
KJC-LU-ASJ-12365,ASJ,Asim Jofa,LU,https://asimjofa.com/products/ajub-12
KJC-LU-ASJ-12366,ASJ,Asim Jofa,LU,https://asimjofa.com/products/ajub-11
KJC-LU-ASJ-12367,ASJ,Asim Jofa,LU,https://asimjofa.com/products/ajub-10
KJC-LU-ASJ-12368,ASJ,Asim Jofa,LU,https://asimjofa.com/products/ajub-09
KJC-LU-ASJ-12369,ASJ,Asim Jofa,LU,https://asimjofa.com/products/ajub-08
KJC-LU-ASJ-12370,ASJ,Asim Jofa,LU,https://asimjofa.com/products/ajub-07
KJC-LU-ASJ-12371,ASJ,Asim Jofa,LU,https://asimjofa.com/products/ajub-06
KJC-LU-ASJ-12372,ASJ,Asim Jofa,LU,https://asimjofa.com/products/ajub-05
KJC-LU-ASJ-12373,ASJ,Asim Jofa,LU,https://asimjofa.com/products/ajub-04
KJC-LU-ASJ-12374,ASJ,Asim Jofa,LU,https://asimjofa.com/products/ajub-03
KJC-LU-ASJ-12375,ASJ,Asim Jofa,LU,https://asimjofa.com/products/ajub-02
KJC-LU-ASJ-12376,ASJ,Asim Jofa,LU,https://asimjofa.com/products/ajub-01
KJC-LU-ASJ-12377,ASJ,Asim Jofa,LU,https://asimjofa.com/products/ajhe-07-embroidered-jumbo-silk-3-pcs
KJC-LU-ASJ-12378,ASJ,Asim Jofa,LU,https://asimjofa.com/products/ajhe-08-embroidered-jumbo-silk-3-pcs
KJC-LU-ASJ-12379,ASJ,Asim Jofa,LU,https://asimjofa.com/products/ajuw-62-printed-viscose-3-pc
KJC-LU-ASJ-12380,ASJ,Asim Jofa,LU,https://asimjofa.com/products/ajhs-02-paisley-pattern-jacquard-shawl-1-pc
KJC-LU-ASJ-12381,ASJ,Asim Jofa,LU,https://asimjofa.com/products/ajhs-03-striped-border-yarn-dyed-stole-1-pc
KJC-LU-ASJ-12382,ASJ,Asim Jofa,LU,https://asimjofa.com/products/ajhs-04-textured-shawl-1-pc
KJC-LU-ASJ-12383,ASJ,Asim Jofa,LU,https://asimjofa.com/products/ajhs-06-textured-shawl-1-pc
KJC-LU-ASJ-12384,ASJ,Asim Jofa,LU,https://asimjofa.com/products/ajhs-07-textured-shawl-1-pc
KJC-LU-ASJ-12385,ASJ,Asim Jofa,LU,https://asimjofa.com/products/ajhs-08-moonlight-shawl-1-pc
KJC-LU-ASJ-12386,ASJ,Asim Jofa,LU,https://asimjofa.com/products/ajhs-11-zari-border-shawl-1-pc
KJC-LU-ASJ-12387,ASJ,Asim Jofa,LU,https://asimjofa.com/products/ajhs-12-zari-border-jacquard-shawl-1-pc
KJC-LU-ASJ-12388,ASJ,Asim Jofa,LU,https://asimjofa.com/products/ajhs-14-self-jacquard-shawl-1-pc
KJC-LU-ASJ-12389,ASJ,Asim Jofa,LU,https://asimjofa.com/products/ajhs-15-self-jacquard-shawl-1-pc
KJC-LU-ASJ-12390,ASJ,Asim Jofa,LU,https://asimjofa.com/products/ajhs-19-zari-border-shawl-1-pc
KJC-LU-ASJ-12391,ASJ,Asim Jofa,LU,https://asimjofa.com/products/ajz-02
KJC-LU-ASJ-12392,ASJ,Asim Jofa,LU,https://asimjofa.com/products/ajhs-01-zari-border-shawl-1-pc-1
KJC-LU-ASJ-12393,ASJ,Asim Jofa,LU,https://asimjofa.com/products/ajhs-05-striped-border-stole-1-pc
KJC-LU-ASJ-12394,ASJ,Asim Jofa,LU,https://asimjofa.com/products/ajhs-09-kashmiri-kantha-shawl-1-pc
KJC-LU-ASJ-12395,ASJ,Asim Jofa,LU,https://asimjofa.com/products/ajhs-10-kashmiri-hand-embroidered-shawl-1-pc
KJC-LU-ASJ-12396,ASJ,Asim Jofa,LU,https://asimjofa.com/products/ajhs-13-kashmiri-hand-embroidered-shawl-1-pc
KJC-LU-ASJ-12397,ASJ,Asim Jofa,LU,https://asimjofa.com/products/ajhs-16-floral-hand-embroidered-shawl-1-pc
KJC-LU-ASJ-12398,ASJ,Asim Jofa,LU,https://asimjofa.com/products/ajhs-17-embroidered-jacquard-shawl-1-pc
KJC-LU-ASJ-12399,ASJ,Asim Jofa,LU,https://asimjofa.com/products/ajhs-18-embroidered-shawl-1-pc
KJC-LU-ASJ-12400,ASJ,Asim Jofa,LU,https://asimjofa.com/products/ajhs-20-jacquard-border-shawl-1-pc
KJC-LU-ASJ-12401,ASJ,Asim Jofa,LU,https://asimjofa.com/products/ajhs-21-self-jacquard-shawl-1-pc
KJC-LU-ASJ-12402,ASJ,Asim Jofa,LU,https://asimjofa.com/products/ajhs-22-jacquard-velvet-border-shawl-1-pc
KJC-LU-ASJ-12403,ASJ,Asim Jofa,LU,https://asimjofa.com/products/ajso-100-silk-dupatta-1-pc
KJC-LU-ASJ-12404,ASJ,Asim Jofa,LU,https://asimjofa.com/products/ajso-112-unstitched-1-pc-shirt
KJC-LU-ASJ-12405,ASJ,Asim Jofa,LU,https://asimjofa.com/products/ajso-18-unstitched-shirt-1-pc-shirt
KJC-LU-ASJ-12406,ASJ,Asim Jofa,LU,https://asimjofa.com/products/ajso-93-woven-printed-shawl-1-pc
KJC-LU-ASJ-12407,ASJ,Asim Jofa,LU,https://asimjofa.com/products/ajso-77-embroidered-jacquard-shirt-1-pc
KJC-LU-ASJ-12408,ASJ,Asim Jofa,LU,https://asimjofa.com/products/ajso-29-printed-lawn-shirt-1-pc
KJC-LU-ASJ-12409,ASJ,Asim Jofa,LU,https://asimjofa.com/products/ajso-45-embroidered-jacquard-shirt-1-pc
KJC-LU-ASJ-12410,ASJ,Asim Jofa,LU,https://asimjofa.com/products/ajso-28-printed-lawn-1-pc
KJC-LU-ASJ-12411,ASJ,Asim Jofa,LU,https://asimjofa.com/products/ajso-13-printed-lawn-shirt-1-pc
KJC-LU-ASJ-12412,ASJ,Asim Jofa,LU,https://asimjofa.com/products/ajso-25-printed-lawn-1-pc
KJC-LU-ASJ-12413,ASJ,Asim Jofa,LU,https://asimjofa.com/products/ajso-466-unstitched-1-pc-dupatta
KJC-LU-ASJ-12414,ASJ,Asim Jofa,LU,https://asimjofa.com/products/ajso-468-unstitched-1-pc-dupatta
KJC-LU-ASJ-12415,ASJ,Asim Jofa,LU,https://asimjofa.com/products/ajso-470-unstitched-1-pc-dupatta
KJC-LU-ASJ-12416,ASJ,Asim Jofa,LU,https://asimjofa.com/products/ajso-462-unstitched-1-pc-dupatta
KJC-LU-ASJ-12417,ASJ,Asim Jofa,LU,https://asimjofa.com/products/ajso-469-unstitched-1-pc-dupatta
KJC-LU-BII-12418,BII,Bin Ilyas,LU,https://binilyas.com/products/181-a-3-pc-lawn
KJC-LU-BII-12419,BII,Bin Ilyas,LU,https://binilyas.com/products/181-b-3-pc-lawn
KJC-LU-BII-12420,BII,Bin Ilyas,LU,https://binilyas.com/products/182-a-3-pc-lawn
KJC-LU-BII-12421,BII,Bin Ilyas,LU,https://binilyas.com/products/182-b-3-pc-lawn
KJC-LU-BII-12422,BII,Bin Ilyas,LU,https://binilyas.com/products/183-a-3-pc-lawn
KJC-LU-BII-12423,BII,Bin Ilyas,LU,https://binilyas.com/products/183-b-3-pc-lawn
KJC-LU-BII-12424,BII,Bin Ilyas,LU,https://binilyas.com/products/184-a-3-pc-lawn
KJC-LU-BII-12425,BII,Bin Ilyas,LU,https://binilyas.com/products/184-b-3-pc-lawn
KJC-LU-BII-12426,BII,Bin Ilyas,LU,https://binilyas.com/products/185-a-3-pc-lawn
KJC-LU-BII-12427,BII,Bin Ilyas,LU,https://binilyas.com/products/185-b-3-pc-lawn
KJC-LU-BII-12428,BII,Bin Ilyas,LU,https://binilyas.com/products/186-a-3-pc-lawn
KJC-LU-BII-12429,BII,Bin Ilyas,LU,https://binilyas.com/products/186-b-3-pc-lawn
KJC-LU-BII-12430,BII,Bin Ilyas,LU,https://binilyas.com/products/187-a-3-pc-lawn
KJC-LU-BII-12431,BII,Bin Ilyas,LU,https://binilyas.com/products/187-b-3-pc-lawn
KJC-LU-BII-12432,BII,Bin Ilyas,LU,https://binilyas.com/products/188-a-3-pc-lawn
KJC-LU-BII-12433,BII,Bin Ilyas,LU,https://binilyas.com/products/189-a-3-pc-lawn
KJC-LU-BII-12434,BII,Bin Ilyas,LU,https://binilyas.com/products/1101-a-unstitched
KJC-LU-BII-12435,BII,Bin Ilyas,LU,https://binilyas.com/products/1101-b-unstitched
KJC-LU-BII-12436,BII,Bin Ilyas,LU,https://binilyas.com/products/1102-a-unstitched
KJC-LU-BII-12437,BII,Bin Ilyas,LU,https://binilyas.com/products/1102-b-unstitched
KJC-LU-BII-12438,BII,Bin Ilyas,LU,https://binilyas.com/products/1103-a-unstitched
KJC-LU-BII-12439,BII,Bin Ilyas,LU,https://binilyas.com/products/1103-b-unstitched
KJC-LU-BII-12440,BII,Bin Ilyas,LU,https://binilyas.com/products/1104-a-unstitched
KJC-LU-BII-12441,BII,Bin Ilyas,LU,https://binilyas.com/products/1104-b-unstitched
KJC-LU-BII-12442,BII,Bin Ilyas,LU,https://binilyas.com/products/1105-a-unstitched
KJC-LU-BII-12443,BII,Bin Ilyas,LU,https://binilyas.com/products/1105-b-unstitched
KJC-LU-BII-12444,BII,Bin Ilyas,LU,https://binilyas.com/products/1106-a-unstitched
KJC-LU-BII-12445,BII,Bin Ilyas,LU,https://binilyas.com/products/1106-b-unstitched
KJC-LU-BII-12446,BII,Bin Ilyas,LU,https://binilyas.com/products/1107-a-unstitched
KJC-LU-BII-12447,BII,Bin Ilyas,LU,https://binilyas.com/products/1107-b-unstitched
KJC-LU-BII-12448,BII,Bin Ilyas,LU,https://binilyas.com/products/171-b-3-pc-lawn
KJC-LU-BII-12449,BII,Bin Ilyas,LU,https://binilyas.com/products/174-b-3-pc-lawn
KJC-LU-BII-12450,BII,Bin Ilyas,LU,https://binilyas.com/products/176-a-3-pc-lawn
KJC-LU-BII-12451,BII,Bin Ilyas,LU,https://binilyas.com/products/176-b-3-pc-lawn
KJC-LU-BII-12452,BII,Bin Ilyas,LU,https://binilyas.com/products/171-a-3-pc-lawn
KJC-LU-BII-12453,BII,Bin Ilyas,LU,https://binilyas.com/products/172-a-3-pc-lawn
KJC-LU-BII-12454,BII,Bin Ilyas,LU,https://binilyas.com/products/172-b-3-pc-lawn
KJC-LU-BII-12455,BII,Bin Ilyas,LU,https://binilyas.com/products/173-a-3-pc-lawn
KJC-LU-BII-12456,BII,Bin Ilyas,LU,https://binilyas.com/products/173-b-3-pc-lawn
KJC-LU-BII-12457,BII,Bin Ilyas,LU,https://binilyas.com/products/174-a-3-pc-lawn
KJC-LU-BII-12458,BII,Bin Ilyas,LU,https://binilyas.com/products/175-a-3-pc-lawn
KJC-LU-BII-12459,BII,Bin Ilyas,LU,https://binilyas.com/products/175-b-3-pc-lawn
KJC-LU-BII-12460,BII,Bin Ilyas,LU,https://binilyas.com/products/177-a-3-pc-lawn
KJC-LU-BII-12461,BII,Bin Ilyas,LU,https://binilyas.com/products/177-b-3-pc-lawn
KJC-LU-BII-12462,BII,Bin Ilyas,LU,https://binilyas.com/products/l71-a-3-pc-lawn
KJC-LU-BII-12463,BII,Bin Ilyas,LU,https://binilyas.com/products/l71-b-3-pc-lawn
KJC-LU-BII-12464,BII,Bin Ilyas,LU,https://binilyas.com/products/l72-a-3-pc-lawn
KJC-LU-BII-12465,BII,Bin Ilyas,LU,https://binilyas.com/products/l72-b-3-pc-lawn
KJC-LU-BII-12466,BII,Bin Ilyas,LU,https://binilyas.com/products/l73-a-3-pc-lawn
KJC-LU-BII-12467,BII,Bin Ilyas,LU,https://binilyas.com/products/l73-b-3-pc-lawn
KJC-LU-BII-12468,BII,Bin Ilyas,LU,https://binilyas.com/products/l74-a-3-pc-lawn
KJC-LU-BII-12469,BII,Bin Ilyas,LU,https://binilyas.com/products/l74-b-3-pc-lawn
KJC-LU-BII-12470,BII,Bin Ilyas,LU,https://binilyas.com/products/l75-a-3-pc-lawn
KJC-LU-BII-12471,BII,Bin Ilyas,LU,https://binilyas.com/products/l75-b-3-pc-lawn
KJC-LU-BII-12472,BII,Bin Ilyas,LU,https://binilyas.com/products/l76-a-3-pc-lawn
KJC-LU-BII-12473,BII,Bin Ilyas,LU,https://binilyas.com/products/l76-b-3-pc-lawn
KJC-LU-BII-12474,BII,Bin Ilyas,LU,https://binilyas.com/products/l77-a-3-pc-lawn
KJC-LU-BII-12475,BII,Bin Ilyas,LU,https://binilyas.com/products/l77-b-3-pc-lawn
KJC-LU-BII-12476,BII,Bin Ilyas,LU,https://binilyas.com/products/d-111-a-3-pc-luxury-lawn
KJC-LU-BII-12477,BII,Bin Ilyas,LU,https://binilyas.com/products/d-111-b-3-pc-luxury-lawn
KJC-LU-BII-12478,BII,Bin Ilyas,LU,https://binilyas.com/products/d-112-a-3-pc-luxury-lawn
KJC-LU-BII-12479,BII,Bin Ilyas,LU,https://binilyas.com/products/d-112-b-3-pc-luxury-lawn
KJC-LU-BII-12480,BII,Bin Ilyas,LU,https://binilyas.com/products/d-113-a-3-pc-luxury-lawn
KJC-LU-BII-12481,BII,Bin Ilyas,LU,https://binilyas.com/products/d-113-b-3-pc-luxury-lawn
KJC-LU-BII-12482,BII,Bin Ilyas,LU,https://binilyas.com/products/d-114-a-3-pc-luxury-lawn
KJC-LU-BII-12483,BII,Bin Ilyas,LU,https://binilyas.com/products/d-114-b-3-pc-luxury-lawn
KJC-LU-BII-12484,BII,Bin Ilyas,LU,https://binilyas.com/products/d-115-a-3-pc-luxury-lawn
KJC-LU-BII-12485,BII,Bin Ilyas,LU,https://binilyas.com/products/d-115-b-3-pc-luxury-lawn
KJC-LU-BII-12486,BII,Bin Ilyas,LU,https://binilyas.com/products/d-116-a-3-pc-luxury-lawn
KJC-LU-BII-12487,BII,Bin Ilyas,LU,https://binilyas.com/products/d-116-b-3-pc-luxury-lawn
KJC-LU-BII-12488,BII,Bin Ilyas,LU,https://binilyas.com/products/d-117-a-3-pc-luxury-lawn
KJC-LU-BII-12489,BII,Bin Ilyas,LU,https://binilyas.com/products/d-117-b-3-pc-luxury-lawn
KJC-LU-BII-12490,BII,Bin Ilyas,LU,https://binilyas.com/products/d-117-c-3-pc-luxury-lawn
KJC-LU-BII-12491,BII,Bin Ilyas,LU,https://binilyas.com/products/d-118-a-3-pc-luxury-lawn
KJC-LU-BII-12492,BII,Bin Ilyas,LU,https://binilyas.com/products/d-118-b-3-pc-luxury-lawn
KJC-LU-BII-12493,BII,Bin Ilyas,LU,https://binilyas.com/products/sevgi-3-pc-luxury-lawn
KJC-LU-BII-12494,BII,Bin Ilyas,LU,https://binilyas.com/products/nermine-3-pc-luxury-lawn
KJC-LU-BII-12495,BII,Bin Ilyas,LU,https://binilyas.com/products/sorin-3-pc-luxury-lawn
KJC-LU-BII-12496,BII,Bin Ilyas,LU,https://binilyas.com/products/laira-3-pc-luxury-lawn
KJC-LU-BII-12497,BII,Bin Ilyas,LU,https://binilyas.com/products/emire-3-pc-luxury-lawn
KJC-LU-BII-12498,BII,Bin Ilyas,LU,https://binilyas.com/products/azlin-3-pc-luxury-lawn
KJC-LU-BII-12499,BII,Bin Ilyas,LU,https://binilyas.com/products/alora-3-pc-luxury-lawn
KJC-LU-BII-12500,BII,Bin Ilyas,LU,https://binilyas.com/products/kiraz-3-pc-luxury-lawn
KJC-LU-BII-12501,BII,Bin Ilyas,LU,https://binilyas.com/products/esra-3-pc-luxury-lawn
KJC-LU-BII-12502,BII,Bin Ilyas,LU,https://binilyas.com/products/dilara-3-pc-luxury-lawn
KJC-LU-BII-12503,BII,Bin Ilyas,LU,https://binilyas.com/products/mavi-3-pc-luxury-lawn
KJC-LU-BII-12504,BII,Bin Ilyas,LU,https://binilyas.com/products/orna-3-pc-luxury-lawn
KJC-LU-BII-12505,BII,Bin Ilyas,LU,https://binilyas.com/products/161-a-3-pc-kotrai
KJC-LU-BII-12506,BII,Bin Ilyas,LU,https://binilyas.com/products/161-b-3-pc-kotrai
KJC-LU-BII-12507,BII,Bin Ilyas,LU,https://binilyas.com/products/162-a-3-pc-kotrai
KJC-LU-BII-12508,BII,Bin Ilyas,LU,https://binilyas.com/products/162-b-3-pc-kotrai
KJC-LU-BII-12509,BII,Bin Ilyas,LU,https://binilyas.com/products/163-a-3-pc-kotrai
KJC-LU-BII-12510,BII,Bin Ilyas,LU,https://binilyas.com/products/163-b-3-pc-kotrai
KJC-LU-BII-12511,BII,Bin Ilyas,LU,https://binilyas.com/products/164-a-3-pc-kotrai
KJC-LU-BII-12512,BII,Bin Ilyas,LU,https://binilyas.com/products/164-b-3-pc-kotrai
KJC-LU-BII-12513,BII,Bin Ilyas,LU,https://binilyas.com/products/165-a-3-pc-kotrai
KJC-LU-BII-12514,BII,Bin Ilyas,LU,https://binilyas.com/products/165-b-3-pc-kotrai
KJC-LU-BII-12515,BII,Bin Ilyas,LU,https://binilyas.com/products/166-a-3-pc-kotrai
KJC-LU-BII-12516,BII,Bin Ilyas,LU,https://binilyas.com/products/166-b-3-pc-kotrai
KJC-LU-BII-12517,BII,Bin Ilyas,LU,https://binilyas.com/products/167-a-3-pc-kotrai
KJC-LU-BII-12518,BII,Bin Ilyas,LU,https://binilyas.com/products/167-b-3-pc-kotrai
KJC-LU-BII-12519,BII,Bin Ilyas,LU,https://binilyas.com/products/d-601-luxury-formals
KJC-LU-BII-12520,BII,Bin Ilyas,LU,https://binilyas.com/products/d-602-luxury-formals
KJC-LU-BII-12521,BII,Bin Ilyas,LU,https://binilyas.com/products/d-603-luxury-formals
KJC-LU-BII-12522,BII,Bin Ilyas,LU,https://binilyas.com/products/d-604-luxury-formals
KJC-LU-BII-12523,BII,Bin Ilyas,LU,https://binilyas.com/products/d-605-luxury-formals
KJC-LU-BII-12524,BII,Bin Ilyas,LU,https://binilyas.com/products/d-606-luxury-formals
KJC-LU-BII-12525,BII,Bin Ilyas,LU,https://binilyas.com/products/d-607-luxury-formals
KJC-LU-BII-12526,BII,Bin Ilyas,LU,https://binilyas.com/products/245-a-3-pc-unstitched-lawn
KJC-LU-BII-12527,BII,Bin Ilyas,LU,https://binilyas.com/products/246-b-3-pc-unstitched-lawn
KJC-LU-BII-12528,BII,Bin Ilyas,LU,https://binilyas.com/products/241-a-3-pc-unstitched-lawn
KJC-LU-BII-12529,BII,Bin Ilyas,LU,https://binilyas.com/products/241-b-3-pc-unstitched-lawn
KJC-LU-BII-12530,BII,Bin Ilyas,LU,https://binilyas.com/products/246-a-3-pc-unstitched-lawn
KJC-LU-BII-12531,BII,Bin Ilyas,LU,https://binilyas.com/products/243-b-3-pc-unstitched-lawn
KJC-LU-BII-12532,BII,Bin Ilyas,LU,https://binilyas.com/products/247-b-3-pc-unstitched-lawn
KJC-LU-BII-12533,BII,Bin Ilyas,LU,https://binilyas.com/products/244-b-3-pc-unstitched-lawn
KJC-LU-BII-12534,BII,Bin Ilyas,LU,https://binilyas.com/products/242-a-3-pc-unstitched-lawn
KJC-LU-BII-12535,BII,Bin Ilyas,LU,https://binilyas.com/products/244-a-3-pc-unstitched-lawn
KJC-LU-BII-12536,BII,Bin Ilyas,LU,https://binilyas.com/products/242-b-3-pc-unstitched-lawn
KJC-LU-BII-12537,BII,Bin Ilyas,LU,https://binilyas.com/products/247-a-3-pc-unstitched-lawn
KJC-LU-BII-12538,BII,Bin Ilyas,LU,https://binilyas.com/products/243-a-3-pc-unstitched-lawn
KJC-LU-BII-12539,BII,Bin Ilyas,LU,https://binilyas.com/products/245-b-3-pc-unstitched-lawn
KJC-LU-BII-12540,BII,Bin Ilyas,LU,https://binilyas.com/products/71-a-3-pc-lawn-unstitched
KJC-LU-BII-12541,BII,Bin Ilyas,LU,https://binilyas.com/products/712-b-three-pc-luxury-unstitched
KJC-LU-BII-12542,BII,Bin Ilyas,LU,https://binilyas.com/products/713-b-three-pc-luxury-unstitched
KJC-LU-BII-12543,BII,Bin Ilyas,LU,https://binilyas.com/products/407-b-3-pc-luxury-lawn
KJC-LU-BII-12544,BII,Bin Ilyas,LU,https://binilyas.com/products/d17-b
KJC-LU-BII-12545,BII,Bin Ilyas,LU,https://binilyas.com/products/6011
KJC-LU-BII-12546,BII,Bin Ilyas,LU,https://binilyas.com/products/6013
KJC-LU-BII-12547,BII,Bin Ilyas,LU,https://binilyas.com/products/6012
KJC-LU-CHR-12548,CHR,Charizma,LU,https://houseofcharizma.com/products/3-pc-unstitched-embroidered-lawn-collection-cc6-10
KJC-LU-CHR-12549,CHR,Charizma,LU,https://houseofcharizma.com/products/3-pc-unstitched-embroidered-lawn-collection-cc6-09
KJC-LU-CHR-12550,CHR,Charizma,LU,https://houseofcharizma.com/products/ed5-07
KJC-LU-CHR-12551,CHR,Charizma,LU,https://houseofcharizma.com/products/ccw7-10
KJC-LU-CHR-12552,CHR,Charizma,LU,https://houseofcharizma.com/products/ccw7-07
KJC-LU-CHR-12553,CHR,Charizma,LU,https://houseofcharizma.com/products/slc27-14
KJC-LU-CHR-12554,CHR,Charizma,LU,https://houseofcharizma.com/products/slc27-13
KJC-LU-CHR-12555,CHR,Charizma,LU,https://houseofcharizma.com/products/slc27-12
KJC-LU-CHR-12556,CHR,Charizma,LU,https://houseofcharizma.com/products/slc27-11
KJC-LU-CHR-12557,CHR,Charizma,LU,https://houseofcharizma.com/products/slc27-09
KJC-LU-CHR-12558,CHR,Charizma,LU,https://houseofcharizma.com/products/slc27-08
KJC-LU-CHR-12559,CHR,Charizma,LU,https://houseofcharizma.com/products/slc27-17
KJC-LU-CHR-12560,CHR,Charizma,LU,https://houseofcharizma.com/products/slc27-16
KJC-LU-CHR-12561,CHR,Charizma,LU,https://houseofcharizma.com/products/slc27-15
KJC-LU-CHR-12562,CHR,Charizma,LU,https://houseofcharizma.com/products/slc27-10
KJC-LU-CHR-12563,CHR,Charizma,LU,https://houseofcharizma.com/products/slc27-07
KJC-LU-CHR-12564,CHR,Charizma,LU,https://houseofcharizma.com/products/slc27-06
KJC-LU-CHR-12565,CHR,Charizma,LU,https://houseofcharizma.com/products/slc27-05
KJC-LU-CHR-12566,CHR,Charizma,LU,https://houseofcharizma.com/products/slc27-04
KJC-LU-CHR-12567,CHR,Charizma,LU,https://houseofcharizma.com/products/cp6-34
KJC-LU-CHR-12568,CHR,Charizma,LU,https://houseofcharizma.com/products/cp6-33
KJC-LU-CHR-12569,CHR,Charizma,LU,https://houseofcharizma.com/products/cp6-32
KJC-LU-CHR-12570,CHR,Charizma,LU,https://houseofcharizma.com/products/cp6-31
KJC-LU-CHR-12571,CHR,Charizma,LU,https://houseofcharizma.com/products/cp6-29
KJC-LU-CHR-12572,CHR,Charizma,LU,https://houseofcharizma.com/products/cp6-28
KJC-LU-CHR-12573,CHR,Charizma,LU,https://houseofcharizma.com/products/ch6-22
KJC-LU-CHR-12574,CHR,Charizma,LU,https://houseofcharizma.com/products/ch6-21
KJC-LU-CHR-12575,CHR,Charizma,LU,https://houseofcharizma.com/products/ch6-20
KJC-LU-CHR-12576,CHR,Charizma,LU,https://houseofcharizma.com/products/ch6-19
KJC-LU-CHR-12577,CHR,Charizma,LU,https://houseofcharizma.com/products/ch6-18
KJC-LU-CHR-12578,CHR,Charizma,LU,https://houseofcharizma.com/products/ch6-16
KJC-LU-CHR-12579,CHR,Charizma,LU,https://houseofcharizma.com/products/ch6-15
KJC-LU-CHR-12580,CHR,Charizma,LU,https://houseofcharizma.com/products/ch6-14
KJC-LU-CHR-12581,CHR,Charizma,LU,https://houseofcharizma.com/products/ch6-13
KJC-LU-CHR-12582,CHR,Charizma,LU,https://houseofcharizma.com/products/rn6-09
KJC-LU-CHR-12583,CHR,Charizma,LU,https://houseofcharizma.com/products/rn6-08
KJC-LU-CHR-12584,CHR,Charizma,LU,https://houseofcharizma.com/products/rn6-07
KJC-LU-CHR-12585,CHR,Charizma,LU,https://houseofcharizma.com/products/rn6-06
KJC-LU-CHR-12586,CHR,Charizma,LU,https://houseofcharizma.com/products/rn6-05
KJC-LU-CHR-12587,CHR,Charizma,LU,https://houseofcharizma.com/products/rn6-03
KJC-LU-CHR-12588,CHR,Charizma,LU,https://houseofcharizma.com/products/rn6-02
KJC-LU-CHR-12589,CHR,Charizma,LU,https://houseofcharizma.com/products/cp6-27
KJC-LU-CHR-12590,CHR,Charizma,LU,https://houseofcharizma.com/products/cp6-26
KJC-LU-CHR-12591,CHR,Charizma,LU,https://houseofcharizma.com/products/cp6-24
KJC-LU-CHR-12592,CHR,Charizma,LU,https://houseofcharizma.com/products/cp6-21
KJC-LU-CHR-12593,CHR,Charizma,LU,https://houseofcharizma.com/products/in6-10
KJC-LU-CHR-12594,CHR,Charizma,LU,https://houseofcharizma.com/products/in6-08
KJC-LU-CHR-12595,CHR,Charizma,LU,https://houseofcharizma.com/products/in6-05
KJC-LU-CHR-12596,CHR,Charizma,LU,https://houseofcharizma.com/products/in6-04
KJC-LU-CHR-12597,CHR,Charizma,LU,https://houseofcharizma.com/products/in6-02
KJC-LU-CHR-12598,CHR,Charizma,LU,https://houseofcharizma.com/products/crb6-26
KJC-LU-CHR-12599,CHR,Charizma,LU,https://houseofcharizma.com/products/crb6-25
KJC-LU-CHR-12600,CHR,Charizma,LU,https://houseofcharizma.com/products/crb6-24
KJC-LU-CHR-12601,CHR,Charizma,LU,https://houseofcharizma.com/products/crb6-23
KJC-LU-CHR-12602,CHR,Charizma,LU,https://houseofcharizma.com/products/crb6-22
KJC-LU-CHR-12603,CHR,Charizma,LU,https://houseofcharizma.com/products/crb6-21
KJC-LU-CHR-12604,CHR,Charizma,LU,https://houseofcharizma.com/products/crb6-20
KJC-LU-CHR-12605,CHR,Charizma,LU,https://houseofcharizma.com/products/cc6-26
KJC-LU-CHR-12606,CHR,Charizma,LU,https://houseofcharizma.com/products/cc6-25
KJC-LU-CHR-12607,CHR,Charizma,LU,https://houseofcharizma.com/products/cc6-24
KJC-LU-CHR-12608,CHR,Charizma,LU,https://houseofcharizma.com/products/cc6-23
KJC-LU-CHR-12609,CHR,Charizma,LU,https://houseofcharizma.com/products/cc6-22
KJC-LU-CHR-12610,CHR,Charizma,LU,https://houseofcharizma.com/products/csn6-13
KJC-LU-CHR-12611,CHR,Charizma,LU,https://houseofcharizma.com/products/cp6-19
KJC-LU-CHR-12612,CHR,Charizma,LU,https://houseofcharizma.com/products/cp6-17
KJC-LU-CHR-12613,CHR,Charizma,LU,https://houseofcharizma.com/products/cp6-16
KJC-LU-CHR-12614,CHR,Charizma,LU,https://houseofcharizma.com/products/cp6-15
KJC-LU-CHR-12615,CHR,Charizma,LU,https://houseofcharizma.com/products/cp6-12
KJC-LU-CHR-12616,CHR,Charizma,LU,https://houseofcharizma.com/products/cp6-10
KJC-LU-CHR-12617,CHR,Charizma,LU,https://houseofcharizma.com/products/crb6-18
KJC-LU-CHR-12618,CHR,Charizma,LU,https://houseofcharizma.com/products/crb6-17
KJC-LU-CHR-12619,CHR,Charizma,LU,https://houseofcharizma.com/products/crb6-16
KJC-LU-CHR-12620,CHR,Charizma,LU,https://houseofcharizma.com/products/crb6-15
KJC-LU-CHR-12621,CHR,Charizma,LU,https://houseofcharizma.com/products/crb6-14
KJC-LU-CHR-12622,CHR,Charizma,LU,https://houseofcharizma.com/products/crb6-13
KJC-LU-CHR-12623,CHR,Charizma,LU,https://houseofcharizma.com/products/crb6-12
KJC-LU-CHR-12624,CHR,Charizma,LU,https://houseofcharizma.com/products/crb6-10
KJC-LU-CHR-12625,CHR,Charizma,LU,https://houseofcharizma.com/products/crb6-09
KJC-LU-CHR-12626,CHR,Charizma,LU,https://houseofcharizma.com/products/chn6-06
KJC-LU-CHR-12627,CHR,Charizma,LU,https://houseofcharizma.com/products/chn6-05
KJC-LU-CHR-12628,CHR,Charizma,LU,https://houseofcharizma.com/products/cad6-10
KJC-LU-CHR-12629,CHR,Charizma,LU,https://houseofcharizma.com/products/cad6-09
KJC-LU-CHR-12630,CHR,Charizma,LU,https://houseofcharizma.com/products/cad6-07
KJC-LU-CHR-12631,CHR,Charizma,LU,https://houseofcharizma.com/products/cad6-06
KJC-LU-CHR-12632,CHR,Charizma,LU,https://houseofcharizma.com/products/cad6-05
KJC-LU-CHR-12633,CHR,Charizma,LU,https://houseofcharizma.com/products/cad6-03
KJC-LU-CHR-12634,CHR,Charizma,LU,https://houseofcharizma.com/products/cad6-01
KJC-LU-CHR-12635,CHR,Charizma,LU,https://houseofcharizma.com/products/cs6-07
KJC-LU-CHR-12636,CHR,Charizma,LU,https://houseofcharizma.com/products/cs6-06
KJC-LU-CHR-12637,CHR,Charizma,LU,https://houseofcharizma.com/products/cs6-05
KJC-LU-CHR-12638,CHR,Charizma,LU,https://houseofcharizma.com/products/cs6-03
KJC-LU-CHR-12639,CHR,Charizma,LU,https://houseofcharizma.com/products/cs6-02
KJC-LU-CHR-12640,CHR,Charizma,LU,https://houseofcharizma.com/products/cs6-01
KJC-LU-CHR-12641,CHR,Charizma,LU,https://houseofcharizma.com/products/cc6-18
KJC-LU-CHR-12642,CHR,Charizma,LU,https://houseofcharizma.com/products/cc6-17
KJC-LU-CHR-12643,CHR,Charizma,LU,https://houseofcharizma.com/products/cc6-16
KJC-LU-CHR-12644,CHR,Charizma,LU,https://houseofcharizma.com/products/cc6-15
KJC-LU-CHR-12645,CHR,Charizma,LU,https://houseofcharizma.com/products/cc6-14
KJC-LU-CHR-12646,CHR,Charizma,LU,https://houseofcharizma.com/products/cc6-11
KJC-LU-CHR-12647,CHR,Charizma,LU,https://houseofcharizma.com/products/ag6-1
KJC-LU-CHR-12648,CHR,Charizma,LU,https://houseofcharizma.com/products/ag6-3
KJC-LU-CHR-12649,CHR,Charizma,LU,https://houseofcharizma.com/products/ag6-4
KJC-LU-CHR-12650,CHR,Charizma,LU,https://houseofcharizma.com/products/ag6-5
KJC-LU-CHR-12651,CHR,Charizma,LU,https://houseofcharizma.com/products/ag6-6
KJC-LU-CHR-12652,CHR,Charizma,LU,https://houseofcharizma.com/products/ag6-7
KJC-LU-CHR-12653,CHR,Charizma,LU,https://houseofcharizma.com/products/cp6-09
KJC-LU-CHR-12654,CHR,Charizma,LU,https://houseofcharizma.com/products/cp6-08
KJC-LU-CHR-12655,CHR,Charizma,LU,https://houseofcharizma.com/products/cp6-07
KJC-LU-CHR-12656,CHR,Charizma,LU,https://houseofcharizma.com/products/cp6-06
KJC-LU-CHR-12657,CHR,Charizma,LU,https://houseofcharizma.com/products/crb5-2
KJC-LU-CHR-12658,CHR,Charizma,LU,https://houseofcharizma.com/products/crb5-9
KJC-LU-CHR-12659,CHR,Charizma,LU,https://houseofcharizma.com/products/crb5-3
KJC-LU-CHR-12660,CHR,Charizma,LU,https://houseofcharizma.com/products/crb5-4
KJC-LU-CHR-12661,CHR,Charizma,LU,https://houseofcharizma.com/products/an6-10
KJC-LU-CHR-12662,CHR,Charizma,LU,https://houseofcharizma.com/products/an6-9
KJC-LU-CHR-12663,CHR,Charizma,LU,https://houseofcharizma.com/products/an6-08
KJC-LU-CHR-12664,CHR,Charizma,LU,https://houseofcharizma.com/products/an6-07
KJC-LU-CHR-12665,CHR,Charizma,LU,https://houseofcharizma.com/products/an6-06
KJC-LU-CHR-12666,CHR,Charizma,LU,https://houseofcharizma.com/products/an6-05
KJC-LU-CHR-12667,CHR,Charizma,LU,https://houseofcharizma.com/products/an6-03
KJC-LU-CHR-12668,CHR,Charizma,LU,https://houseofcharizma.com/products/an6-01
KJC-LU-CHR-12669,CHR,Charizma,LU,https://houseofcharizma.com/products/crb6-03
KJC-LU-CHR-12670,CHR,Charizma,LU,https://houseofcharizma.com/products/crb6-01
KJC-LU-CHR-12671,CHR,Charizma,LU,https://houseofcharizma.com/products/cc6-010
KJC-LU-CHR-12672,CHR,Charizma,LU,https://houseofcharizma.com/products/cc6-009
KJC-LU-CHR-12673,CHR,Charizma,LU,https://houseofcharizma.com/products/cc6-007
KJC-LU-CHR-12674,CHR,Charizma,LU,https://houseofcharizma.com/products/cc6-006
KJC-LU-CHR-12675,CHR,Charizma,LU,https://houseofcharizma.com/products/cc6-005
KJC-LU-CHR-12676,CHR,Charizma,LU,https://houseofcharizma.com/products/cc6-002
KJC-LU-CHR-12677,CHR,Charizma,LU,https://houseofcharizma.com/products/cc6-001
KJC-LU-CHR-12678,CHR,Charizma,LU,https://houseofcharizma.com/products/an5-16
KJC-LU-CHR-12679,CHR,Charizma,LU,https://houseofcharizma.com/products/an5-14
KJC-LU-CHR-12680,CHR,Charizma,LU,https://houseofcharizma.com/products/an5-13
KJC-LU-CHR-12681,CHR,Charizma,LU,https://houseofcharizma.com/products/an5-12
KJC-LU-CHR-12682,CHR,Charizma,LU,https://houseofcharizma.com/products/an5-11
KJC-LU-CHR-12683,CHR,Charizma,LU,https://houseofcharizma.com/products/an5-09
KJC-LU-CHR-12684,CHR,Charizma,LU,https://houseofcharizma.com/products/rm6-04
KJC-LU-CHR-12685,CHR,Charizma,LU,https://houseofcharizma.com/products/rm6-03
KJC-LU-CHR-12686,CHR,Charizma,LU,https://houseofcharizma.com/products/rm6-01
KJC-LU-CHR-12687,CHR,Charizma,LU,https://houseofcharizma.com/products/ag6-09
KJC-LU-CHR-12688,CHR,Charizma,LU,https://houseofcharizma.com/products/ag6-07
KJC-LU-CHR-12689,CHR,Charizma,LU,https://houseofcharizma.com/products/ag6-04
KJC-LU-CHR-12690,CHR,Charizma,LU,https://houseofcharizma.com/products/ag6-02
KJC-LU-CHR-12691,CHR,Charizma,LU,https://houseofcharizma.com/products/cz5-06
KJC-LU-CHR-12692,CHR,Charizma,LU,https://houseofcharizma.com/products/cz5-05
KJC-LU-CHR-12693,CHR,Charizma,LU,https://houseofcharizma.com/products/cz5-04
KJC-LU-CHR-12694,CHR,Charizma,LU,https://houseofcharizma.com/products/cz5-03
KJC-LU-CHR-12695,CHR,Charizma,LU,https://houseofcharizma.com/products/cz5-02
KJC-LU-CHR-12696,CHR,Charizma,LU,https://houseofcharizma.com/products/ch6-11
KJC-LU-CHR-12697,CHR,Charizma,LU,https://houseofcharizma.com/products/ch6-09
KJC-LU-CHR-12698,CHR,Charizma,LU,https://houseofcharizma.com/products/ch6-08
KJC-LU-CHR-12699,CHR,Charizma,LU,https://houseofcharizma.com/products/ch6-04
KJC-LU-CHR-12700,CHR,Charizma,LU,https://houseofcharizma.com/products/ch6-02
KJC-LU-CHR-12701,CHR,Charizma,LU,https://houseofcharizma.com/products/ch6-01
KJC-LU-CHR-12702,CHR,Charizma,LU,https://houseofcharizma.com/products/ase5-19
KJC-LU-CHR-12703,CHR,Charizma,LU,https://houseofcharizma.com/products/cp6-22
KJC-LU-CHR-12704,CHR,Charizma,LU,https://houseofcharizma.com/products/ccw7-03
KJC-LU-CHR-12705,CHR,Charizma,LU,https://houseofcharizma.com/products/ccw7-09
KJC-LU-CHR-12706,CHR,Charizma,LU,https://houseofcharizma.com/products/cpw6-08
KJC-LU-CHR-12707,CHR,Charizma,LU,https://houseofcharizma.com/products/cpw6-07
KJC-LU-CHR-12708,CHR,Charizma,LU,https://houseofcharizma.com/products/cpw6-06
KJC-LU-CHR-12709,CHR,Charizma,LU,https://houseofcharizma.com/products/cpw6-05
KJC-LU-CHR-12710,CHR,Charizma,LU,https://houseofcharizma.com/products/cpw6-02
KJC-LU-CHR-12711,CHR,Charizma,LU,https://houseofcharizma.com/products/ccw7-04
KJC-LU-CHR-12712,CHR,Charizma,LU,https://houseofcharizma.com/products/ccw7-06
KJC-LU-CHR-12713,CHR,Charizma,LU,https://houseofcharizma.com/products/cp6-30
KJC-LU-CHR-12714,CHR,Charizma,LU,https://houseofcharizma.com/products/in6-09
KJC-LU-CHR-12715,CHR,Charizma,LU,https://houseofcharizma.com/products/csn6-05
KJC-LU-CHR-12716,CHR,Charizma,LU,https://houseofcharizma.com/products/cp6-23
KJC-LU-CHR-12717,CHR,Charizma,LU,https://houseofcharizma.com/products/cpw6-04
KJC-LU-CHR-12718,CHR,Charizma,LU,https://houseofcharizma.com/products/cpw6-03
KJC-LU-CHR-12719,CHR,Charizma,LU,https://houseofcharizma.com/products/cpw6-01
KJC-LU-CHR-12720,CHR,Charizma,LU,https://houseofcharizma.com/products/cpw5-03
KJC-LU-CHR-12721,CHR,Charizma,LU,https://houseofcharizma.com/products/ccw7-01
KJC-LU-CHR-12722,CHR,Charizma,LU,https://houseofcharizma.com/products/ccw7-08
KJC-LU-CHR-12723,CHR,Charizma,LU,https://houseofcharizma.com/products/djw6-08
KJC-LU-CHR-12724,CHR,Charizma,LU,https://houseofcharizma.com/products/djw6-06
KJC-LU-CHR-12725,CHR,Charizma,LU,https://houseofcharizma.com/products/vslw6-11
KJC-LU-CHR-12726,CHR,Charizma,LU,https://houseofcharizma.com/products/vslw6-09
KJC-LU-CHR-12727,CHR,Charizma,LU,https://houseofcharizma.com/products/vsl6-13
KJC-LU-CHR-12728,CHR,Charizma,LU,https://houseofcharizma.com/products/vsl6-12
KJC-LU-CHR-12729,CHR,Charizma,LU,https://houseofcharizma.com/products/vsl6-11
KJC-LU-CHR-12730,CHR,Charizma,LU,https://houseofcharizma.com/products/vsl6-10
KJC-LU-CHR-12731,CHR,Charizma,LU,https://houseofcharizma.com/products/vsl6-08
KJC-LU-CHR-12732,CHR,Charizma,LU,https://houseofcharizma.com/products/vsl6-06
KJC-LU-CHR-12733,CHR,Charizma,LU,https://houseofcharizma.com/products/vsl6-05
KJC-LU-CHR-12734,CHR,Charizma,LU,https://houseofcharizma.com/products/cce6-06
KJC-LU-CHR-12735,CHR,Charizma,LU,https://houseofcharizma.com/products/cce6-05
KJC-LU-CHR-12736,CHR,Charizma,LU,https://houseofcharizma.com/products/cce6-04
KJC-LU-CHR-12737,CHR,Charizma,LU,https://houseofcharizma.com/products/cce6-03
KJC-LU-CHR-12738,CHR,Charizma,LU,https://houseofcharizma.com/products/cce6-02
KJC-LU-CHR-12739,CHR,Charizma,LU,https://houseofcharizma.com/products/cce6-01
KJC-LU-CHR-12740,CHR,Charizma,LU,https://houseofcharizma.com/products/css6-06
KJC-LU-CHR-12741,CHR,Charizma,LU,https://houseofcharizma.com/products/css6-05
KJC-LU-CHR-12742,CHR,Charizma,LU,https://houseofcharizma.com/products/css6-04
KJC-LU-CHR-12743,CHR,Charizma,LU,https://houseofcharizma.com/products/css6-03
KJC-LU-CHR-12744,CHR,Charizma,LU,https://houseofcharizma.com/products/css6-02
KJC-LU-CHR-12745,CHR,Charizma,LU,https://houseofcharizma.com/products/ca26-07
KJC-LU-CHR-12746,CHR,Charizma,LU,https://houseofcharizma.com/products/ca26-06
KJC-LU-CHR-12747,CHR,Charizma,LU,https://houseofcharizma.com/products/ca26-05
KJC-LU-CHR-12748,CHR,Charizma,LU,https://houseofcharizma.com/products/vsl25-46
KJC-LU-CHR-12749,CHR,Charizma,LU,https://houseofcharizma.com/products/ed6-05
KJC-LU-CHR-12750,CHR,Charizma,LU,https://houseofcharizma.com/products/wcs5-04
KJC-LU-CHR-12751,CHR,Charizma,LU,https://houseofcharizma.com/products/djw6-02
KJC-LU-CHR-12752,CHR,Charizma,LU,https://houseofcharizma.com/products/djw6-07
KJC-LU-CHR-12753,CHR,Charizma,LU,https://houseofcharizma.com/products/djw6-05
KJC-LU-CHR-12754,CHR,Charizma,LU,https://houseofcharizma.com/products/djw6-04
KJC-LU-CHR-12755,CHR,Charizma,LU,https://houseofcharizma.com/products/vslw6-08
KJC-LU-CHR-12756,CHR,Charizma,LU,https://houseofcharizma.com/products/vslw6-03
KJC-LU-CHR-12757,CHR,Charizma,LU,https://houseofcharizma.com/products/vslw6-05
KJC-LU-CHR-12758,CHR,Charizma,LU,https://houseofcharizma.com/products/vslw6-06
KJC-LU-CHR-12759,CHR,Charizma,LU,https://houseofcharizma.com/products/djw6-03
KJC-LU-CHR-12760,CHR,Charizma,LU,https://houseofcharizma.com/products/cpm-4-32s
KJC-LU-CHR-12761,CHR,Charizma,LU,https://houseofcharizma.com/products/cz5-05-01
KJC-LU-CHR-12762,CHR,Charizma,LU,https://houseofcharizma.com/products/vsl25-45
KJC-LU-CHR-12763,CHR,Charizma,LU,https://houseofcharizma.com/products/vsl25-44
KJC-LU-CHR-12764,CHR,Charizma,LU,https://houseofcharizma.com/products/vsl25-42
KJC-LU-CHR-12765,CHR,Charizma,LU,https://houseofcharizma.com/products/vsl25-40
KJC-LU-CRI-12766,CRI,Crimson,LU,https://crimson.com.pk/products/phulon-ki-dastaan
KJC-LU-CRI-12767,CRI,Crimson,LU,https://crimson.com.pk/products/meenakari
KJC-LU-CRI-12768,CRI,Crimson,LU,https://crimson.com.pk/products/musafir
KJC-LU-CRI-12769,CRI,Crimson,LU,https://crimson.com.pk/products/jurao-ka-kaam
KJC-LU-CRI-12770,CRI,Crimson,LU,https://crimson.com.pk/products/modern-memsaab
KJC-LU-CRI-12771,CRI,Crimson,LU,https://crimson.com.pk/products/gulbaan
KJC-LU-CRI-12772,CRI,Crimson,LU,https://crimson.com.pk/products/slovakian-reverie-ivory
KJC-LU-CRI-12773,CRI,Crimson,LU,https://crimson.com.pk/products/slovakian-reverie-onyx
KJC-LU-CRI-12774,CRI,Crimson,LU,https://crimson.com.pk/products/mandarin-summer-violet
KJC-LU-CRI-12775,CRI,Crimson,LU,https://crimson.com.pk/products/stories-of-the-land-parakeet
KJC-LU-CRI-12776,CRI,Crimson,LU,https://crimson.com.pk/products/stories-of-the-land-scarlet
KJC-LU-CRI-12777,CRI,Crimson,LU,https://crimson.com.pk/products/shikoku-emerald
KJC-LU-CRI-12778,CRI,Crimson,LU,https://crimson.com.pk/products/shikoku-orchid
KJC-LU-CRI-12779,CRI,Crimson,LU,https://crimson.com.pk/products/a-paisley-affair-tangerine
KJC-LU-CRI-12780,CRI,Crimson,LU,https://crimson.com.pk/products/a-paisley-affair-red
KJC-LU-CRI-12781,CRI,Crimson,LU,https://crimson.com.pk/products/solandra-canary-yellow
KJC-LU-CRI-12782,CRI,Crimson,LU,https://crimson.com.pk/products/solandra-sable
KJC-LU-CRI-12783,CRI,Crimson,LU,https://crimson.com.pk/products/deccan-boheme-chartreuse
KJC-LU-CRI-12784,CRI,Crimson,LU,https://crimson.com.pk/products/deccan-boheme-sangria
KJC-LU-CRI-12785,CRI,Crimson,LU,https://crimson.com.pk/products/soosi-and-gota-navy
KJC-LU-CRI-12786,CRI,Crimson,LU,https://crimson.com.pk/products/soosi-and-gota-scarlet
KJC-LU-CRI-12787,CRI,Crimson,LU,https://crimson.com.pk/products/serendipity-rose
KJC-LU-CRI-12788,CRI,Crimson,LU,https://crimson.com.pk/products/serendipity-midnight
KJC-LU-CRI-12789,CRI,Crimson,LU,https://crimson.com.pk/products/mandarin-summer-fuscia
KJC-LU-CRI-12790,CRI,Crimson,LU,https://crimson.com.pk/products/artisan-story
KJC-LU-CRI-12791,CRI,Crimson,LU,https://crimson.com.pk/products/sparkle-cascade
KJC-LU-CRI-12792,CRI,Crimson,LU,https://crimson.com.pk/products/art-deco-glitz
KJC-LU-CRI-12793,CRI,Crimson,LU,https://crimson.com.pk/products/crystal-chinoiserie
KJC-LU-CRI-12794,CRI,Crimson,LU,https://crimson.com.pk/products/stardust
KJC-LU-CRI-12795,CRI,Crimson,LU,https://crimson.com.pk/products/a-swarovski-affair
KJC-LU-CRI-12796,CRI,Crimson,LU,https://crimson.com.pk/products/chinoiserie-lehnga-online-exclusive
KJC-LU-CRI-12797,CRI,Crimson,LU,https://crimson.com.pk/products/majestic-cypress
KJC-LU-CRI-12798,CRI,Crimson,LU,https://crimson.com.pk/products/crimson-cobalt-3a
KJC-LU-CRI-12799,CRI,Crimson,LU,https://crimson.com.pk/products/crimson-jade-3b
KJC-LU-CRI-12800,CRI,Crimson,LU,https://crimson.com.pk/products/crimson-onyx-5b-1
KJC-LU-CRI-12801,CRI,Crimson,LU,https://crimson.com.pk/products/crimson-lime-4b-1
KJC-LU-CRI-12802,CRI,Crimson,LU,https://crimson.com.pk/products/crimson-blush-1a
KJC-LU-CRI-12803,CRI,Crimson,LU,https://crimson.com.pk/products/crimson-emerald-2b
KJC-LU-CRI-12804,CRI,Crimson,LU,https://crimson.com.pk/products/crimson-mint-1b
KJC-LU-CRI-12805,CRI,Crimson,LU,https://crimson.com.pk/products/crimson-rose-6b
KJC-LU-CRI-12806,CRI,Crimson,LU,https://crimson.com.pk/products/crimson-kayseri-4a
KJC-LU-CRI-12807,CRI,Crimson,LU,https://crimson.com.pk/products/crimson-scarlet-2a
KJC-LU-CRI-12808,CRI,Crimson,LU,https://crimson.com.pk/products/crimson-ivory-5a-1
KJC-LU-CRI-12809,CRI,Crimson,LU,https://crimson.com.pk/products/crimson-maya-6a
KJC-LU-ELA-12810,ELA,Elan,LU,https://elan.pk/products/elf-21783
KJC-LU-ELA-12811,ELA,Elan,LU,https://elan.pk/products/elf-21781
KJC-LU-ELA-12812,ELA,Elan,LU,https://elan.pk/products/elf-21780
KJC-LU-ELA-12813,ELA,Elan,LU,https://elan.pk/products/elf-21776
KJC-LU-ELA-12814,ELA,Elan,LU,https://elan.pk/products/elf-21782
KJC-LU-ELA-12815,ELA,Elan,LU,https://elan.pk/products/elf-21774
KJC-LU-ELA-12816,ELA,Elan,LU,https://elan.pk/products/elf-21777
KJC-LU-ELA-12817,ELA,Elan,LU,https://elan.pk/products/zerin-el26-11-b
KJC-LU-ELA-12818,ELA,Elan,LU,https://elan.pk/products/zerin-el26-11-a
KJC-LU-ELA-12819,ELA,Elan,LU,https://elan.pk/products/zevare-el26-07-b
KJC-LU-ELA-12820,ELA,Elan,LU,https://elan.pk/products/zevare-el26-07-a
KJC-LU-ELA-12821,ELA,Elan,LU,https://elan.pk/products/zabar-el26-01-b
KJC-LU-ELA-12822,ELA,Elan,LU,https://elan.pk/products/sozraag-el26-03-a
KJC-LU-ELA-12823,ELA,Elan,LU,https://elan.pk/products/sonamarg-el26-09-a
KJC-LU-ELA-12824,ELA,Elan,LU,https://elan.pk/products/rouhaan-el26-04-b
KJC-LU-ELA-12825,ELA,Elan,LU,https://elan.pk/products/rouhaan-el26-04-a
KJC-LU-ELA-12826,ELA,Elan,LU,https://elan.pk/products/noorai-el26-06-b
KJC-LU-ELA-12827,ELA,Elan,LU,https://elan.pk/products/noorai-el26-06-a
KJC-LU-ELA-12828,ELA,Elan,LU,https://elan.pk/products/neelune-el26-05-b
KJC-LU-ELA-12829,ELA,Elan,LU,https://elan.pk/products/neelune-el26-05-a
KJC-LU-ELA-12830,ELA,Elan,LU,https://elan.pk/products/mehrvaan-el26-10-b
KJC-LU-ELA-12831,ELA,Elan,LU,https://elan.pk/products/mehrvaan-el26-10-a
KJC-LU-ELA-12832,ELA,Elan,LU,https://elan.pk/products/gulraaz-el26-08-b
KJC-LU-ELA-12833,ELA,Elan,LU,https://elan.pk/products/deodar-el26-12-b
KJC-LU-ELA-12834,ELA,Elan,LU,https://elan.pk/products/deodar-el26-12-a
KJC-LU-ELA-12835,ELA,Elan,LU,https://elan.pk/products/brumine-el26-02-b
KJC-LU-ELA-12836,ELA,Elan,LU,https://elan.pk/products/brumine-el26-02-a
KJC-LU-ELA-12837,ELA,Elan,LU,https://elan.pk/products/etoile-rouge-elf-21416
KJC-LU-ELA-12838,ELA,Elan,LU,https://elan.pk/products/lune-blanche-elf-21419
KJC-LU-EMA-12839,EMA,Emaan Adeel,LU,https://emaanadeel.com/products/lustre
KJC-LU-EMA-12840,EMA,Emaan Adeel,LU,https://emaanadeel.com/products/dynastia
KJC-LU-EMA-12841,EMA,Emaan Adeel,LU,https://emaanadeel.com/products/cornet
KJC-LU-EMA-12842,EMA,Emaan Adeel,LU,https://emaanadeel.com/products/tara
KJC-LU-EMA-12843,EMA,Emaan Adeel,LU,https://emaanadeel.com/products/noir
KJC-LU-EMA-12844,EMA,Emaan Adeel,LU,https://emaanadeel.com/products/lunya
KJC-LU-EMA-12845,EMA,Emaan Adeel,LU,https://emaanadeel.com/products/flora
KJC-LU-EMA-12846,EMA,Emaan Adeel,LU,https://emaanadeel.com/products/cassandra
KJC-LU-EMA-12847,EMA,Emaan Adeel,LU,https://emaanadeel.com/products/amour
KJC-LU-EMA-12848,EMA,Emaan Adeel,LU,https://emaanadeel.com/products/sabian
KJC-LU-EMA-12849,EMA,Emaan Adeel,LU,https://emaanadeel.com/products/nashwa
KJC-LU-EMA-12850,EMA,Emaan Adeel,LU,https://emaanadeel.com/products/leela
KJC-LU-EMA-12851,EMA,Emaan Adeel,LU,https://emaanadeel.com/products/roshan-jahan
KJC-LU-EMA-12852,EMA,Emaan Adeel,LU,https://emaanadeel.com/products/meera
KJC-LU-EMA-12853,EMA,Emaan Adeel,LU,https://emaanadeel.com/products/esra
KJC-LU-EMA-12854,EMA,Emaan Adeel,LU,https://emaanadeel.com/products/salvia
KJC-LU-EMA-12855,EMA,Emaan Adeel,LU,https://emaanadeel.com/products/gh-08
KJC-LU-EMA-12856,EMA,Emaan Adeel,LU,https://emaanadeel.com/products/gh-05
KJC-LU-EMA-12857,EMA,Emaan Adeel,LU,https://emaanadeel.com/products/nr-08-ulfat
KJC-LU-EMA-12858,EMA,Emaan Adeel,LU,https://emaanadeel.com/products/at-06-farah
KJC-LU-EMA-12859,EMA,Emaan Adeel,LU,https://emaanadeel.com/products/nw-2
KJC-LU-EMA-12860,EMA,Emaan Adeel,LU,https://emaanadeel.com/products/nw-1
KJC-LU-EMA-12861,EMA,Emaan Adeel,LU,https://emaanadeel.com/products/rosaria
KJC-LU-EMA-12862,EMA,Emaan Adeel,LU,https://emaanadeel.com/products/veloria
KJC-LU-EMA-12863,EMA,Emaan Adeel,LU,https://emaanadeel.com/products/ishaan
KJC-LU-EMA-12864,EMA,Emaan Adeel,LU,https://emaanadeel.com/products/aqs
KJC-LU-EMA-12865,EMA,Emaan Adeel,LU,https://emaanadeel.com/products/gh-01
KJC-LU-EMA-12866,EMA,Emaan Adeel,LU,https://emaanadeel.com/products/falak
KJC-LU-EMA-12867,EMA,Emaan Adeel,LU,https://emaanadeel.com/products/at-01-gul-bano
KJC-LU-EMA-12868,EMA,Emaan Adeel,LU,https://emaanadeel.com/products/meher
KJC-LU-EMA-12869,EMA,Emaan Adeel,LU,https://emaanadeel.com/products/aliera
KJC-LU-EMA-12870,EMA,Emaan Adeel,LU,https://emaanadeel.com/products/opaline
KJC-LU-EMA-12871,EMA,Emaan Adeel,LU,https://emaanadeel.com/products/camelia
KJC-LU-EMA-12872,EMA,Emaan Adeel,LU,https://emaanadeel.com/products/aurelia
KJC-LU-EMA-12873,EMA,Emaan Adeel,LU,https://emaanadeel.com/products/roshni
KJC-LU-EMA-12874,EMA,Emaan Adeel,LU,https://emaanadeel.com/products/faatin
KJC-LU-EMA-12875,EMA,Emaan Adeel,LU,https://emaanadeel.com/products/nageena
KJC-LU-EMA-12876,EMA,Emaan Adeel,LU,https://emaanadeel.com/products/at-03-maisha
KJC-LU-EMA-12877,EMA,Emaan Adeel,LU,https://emaanadeel.com/products/elisia
KJC-LU-EMA-12878,EMA,Emaan Adeel,LU,https://emaanadeel.com/products/mirelle
KJC-LU-EMA-12879,EMA,Emaan Adeel,LU,https://emaanadeel.com/products/anika
KJC-LU-EMA-12880,EMA,Emaan Adeel,LU,https://emaanadeel.com/products/fiora
KJC-LU-EMA-12881,EMA,Emaan Adeel,LU,https://emaanadeel.com/products/elyra
KJC-LU-EMA-12882,EMA,Emaan Adeel,LU,https://emaanadeel.com/products/nishal
KJC-LU-EMA-12883,EMA,Emaan Adeel,LU,https://emaanadeel.com/products/baigam-bano
KJC-LU-EMA-12884,EMA,Emaan Adeel,LU,https://emaanadeel.com/products/zaarbakht
KJC-LU-EMA-12885,EMA,Emaan Adeel,LU,https://emaanadeel.com/products/azlin
KJC-LU-EMA-12886,EMA,Emaan Adeel,LU,https://emaanadeel.com/products/aruna
KJC-LU-EMA-12887,EMA,Emaan Adeel,LU,https://emaanadeel.com/products/zale
KJC-LU-EMA-12888,EMA,Emaan Adeel,LU,https://emaanadeel.com/products/bella
KJC-LU-EMA-12889,EMA,Emaan Adeel,LU,https://emaanadeel.com/products/gh-10
KJC-LU-EMA-12890,EMA,Emaan Adeel,LU,https://emaanadeel.com/products/gh-09
KJC-LU-EMA-12891,EMA,Emaan Adeel,LU,https://emaanadeel.com/products/gh-07
KJC-LU-EMA-12892,EMA,Emaan Adeel,LU,https://emaanadeel.com/products/gh-06
KJC-LU-EMA-12893,EMA,Emaan Adeel,LU,https://emaanadeel.com/products/gh-02
KJC-LU-EMA-12894,EMA,Emaan Adeel,LU,https://emaanadeel.com/products/nr-02-zebaish
KJC-LU-EMA-12895,EMA,Emaan Adeel,LU,https://emaanadeel.com/products/rm-10-iris
KJC-LU-EMA-12896,EMA,Emaan Adeel,LU,https://emaanadeel.com/products/rm-09-misha
KJC-LU-EMA-12897,EMA,Emaan Adeel,LU,https://emaanadeel.com/products/rm-05-miyasa
KJC-LU-EMA-12898,EMA,Emaan Adeel,LU,https://emaanadeel.com/products/rm-03-blue-lagoon
KJC-LU-EMA-12899,EMA,Emaan Adeel,LU,https://emaanadeel.com/products/at-07-fareeda
KJC-LU-EMA-12900,EMA,Emaan Adeel,LU,https://emaanadeel.com/products/at-02-roohi
KJC-LU-EMA-12901,EMA,Emaan Adeel,LU,https://emaanadeel.com/products/silvella
KJC-LU-EMA-12902,EMA,Emaan Adeel,LU,https://emaanadeel.com/products/lunelle
KJC-LU-EMA-12903,EMA,Emaan Adeel,LU,https://emaanadeel.com/products/amarae
KJC-LU-EMA-12904,EMA,Emaan Adeel,LU,https://emaanadeel.com/products/nisha-1
KJC-LU-EMA-12905,EMA,Emaan Adeel,LU,https://emaanadeel.com/products/aroosh
KJC-LU-EMA-12906,EMA,Emaan Adeel,LU,https://emaanadeel.com/products/tanish
KJC-LU-EMA-12907,EMA,Emaan Adeel,LU,https://emaanadeel.com/products/selina
KJC-LU-EMA-12908,EMA,Emaan Adeel,LU,https://emaanadeel.com/products/nova
KJC-LU-EMA-12909,EMA,Emaan Adeel,LU,https://emaanadeel.com/products/elle
KJC-LU-EMA-12910,EMA,Emaan Adeel,LU,https://emaanadeel.com/products/arista
KJC-LU-EMA-12911,EMA,Emaan Adeel,LU,https://emaanadeel.com/products/auset
KJC-LU-EMA-12912,EMA,Emaan Adeel,LU,https://emaanadeel.com/products/kaylin
KJC-LU-EMA-12913,EMA,Emaan Adeel,LU,https://emaanadeel.com/products/solene
KJC-LU-EMA-12914,EMA,Emaan Adeel,LU,https://emaanadeel.com/products/marina
KJC-LU-EMA-12915,EMA,Emaan Adeel,LU,https://emaanadeel.com/products/zafia
KJC-LU-EMA-12916,EMA,Emaan Adeel,LU,https://emaanadeel.com/products/roheen
KJC-LU-EMA-12917,EMA,Emaan Adeel,LU,https://emaanadeel.com/products/saleha
KJC-LU-EMA-12918,EMA,Emaan Adeel,LU,https://emaanadeel.com/products/najmeh
KJC-LU-EMA-12919,EMA,Emaan Adeel,LU,https://emaanadeel.com/products/rehani
KJC-LU-EMA-12920,EMA,Emaan Adeel,LU,https://emaanadeel.com/products/saanvi
KJC-LU-EMA-12921,EMA,Emaan Adeel,LU,https://emaanadeel.com/products/carmine
KJC-LU-EMA-12922,EMA,Emaan Adeel,LU,https://emaanadeel.com/products/felisa
KJC-LU-EMA-12923,EMA,Emaan Adeel,LU,https://emaanadeel.com/products/moonstone-gleam
KJC-LU-EMA-12924,EMA,Emaan Adeel,LU,https://emaanadeel.com/products/opulent-oasis
KJC-LU-EMA-12925,EMA,Emaan Adeel,LU,https://emaanadeel.com/products/starlight-sway
KJC-LU-EMA-12926,EMA,Emaan Adeel,LU,https://emaanadeel.com/products/misty-dawn
KJC-LU-EMA-12927,EMA,Emaan Adeel,LU,https://emaanadeel.com/products/astral
KJC-LU-EMA-12928,EMA,Emaan Adeel,LU,https://emaanadeel.com/products/scarlet
KJC-LU-EMA-12929,EMA,Emaan Adeel,LU,https://emaanadeel.com/products/amethyst
KJC-LU-EMA-12930,EMA,Emaan Adeel,LU,https://emaanadeel.com/products/amaranth
KJC-LU-EMA-12931,EMA,Emaan Adeel,LU,https://emaanadeel.com/products/ember
KJC-LU-EMA-12932,EMA,Emaan Adeel,LU,https://emaanadeel.com/products/elysian
KJC-LU-EMA-12933,EMA,Emaan Adeel,LU,https://emaanadeel.com/products/aurora
KJC-LU-EMA-12934,EMA,Emaan Adeel,LU,https://emaanadeel.com/products/marisol
KJC-LU-EMA-12935,EMA,Emaan Adeel,LU,https://emaanadeel.com/products/olivea
KJC-LU-EMA-12936,EMA,Emaan Adeel,LU,https://emaanadeel.com/products/aether
KJC-LU-EMA-12937,EMA,Emaan Adeel,LU,https://emaanadeel.com/products/beryl
KJC-LU-EMA-12938,EMA,Emaan Adeel,LU,https://emaanadeel.com/products/mistral
KJC-LU-EMA-12939,EMA,Emaan Adeel,LU,https://emaanadeel.com/products/dream
KJC-LU-EMA-12940,EMA,Emaan Adeel,LU,https://emaanadeel.com/products/chic
KJC-LU-EMA-12941,EMA,Emaan Adeel,LU,https://emaanadeel.com/products/ellie
KJC-LU-EMA-12942,EMA,Emaan Adeel,LU,https://emaanadeel.com/products/florida
KJC-LU-EMA-12943,EMA,Emaan Adeel,LU,https://emaanadeel.com/products/florist
KJC-LU-EMA-12944,EMA,Emaan Adeel,LU,https://emaanadeel.com/products/saraphine
KJC-LU-EMA-12945,EMA,Emaan Adeel,LU,https://emaanadeel.com/products/pearl-daisy
KJC-LU-EMA-12946,EMA,Emaan Adeel,LU,https://emaanadeel.com/products/lf-705
KJC-LU-EMA-12947,EMA,Emaan Adeel,LU,https://emaanadeel.com/products/mb-01
KJC-LU-EMA-12948,EMA,Emaan Adeel,LU,https://emaanadeel.com/products/lunara
KJC-LU-EMA-12949,EMA,Emaan Adeel,LU,https://emaanadeel.com/products/petal-soft
KJC-LU-EMA-12950,EMA,Emaan Adeel,LU,https://emaanadeel.com/products/giti
KJC-LU-EMA-12951,EMA,Emaan Adeel,LU,https://emaanadeel.com/products/gardenia-glow
KJC-LU-EMA-12952,EMA,Emaan Adeel,LU,https://emaanadeel.com/products/ruby-veil
KJC-LU-EMA-12953,EMA,Emaan Adeel,LU,https://emaanadeel.com/products/lemon-quartz
KJC-LU-EMA-12954,EMA,Emaan Adeel,LU,https://emaanadeel.com/products/lapis
KJC-LU-EMA-12955,EMA,Emaan Adeel,LU,https://emaanadeel.com/products/tourmaline
KJC-LU-EMA-12956,EMA,Emaan Adeel,LU,https://emaanadeel.com/products/pearl-essence
KJC-LU-EMA-12957,EMA,Emaan Adeel,LU,https://emaanadeel.com/products/zareenah-2
KJC-LU-EMA-12958,EMA,Emaan Adeel,LU,https://emaanadeel.com/products/hessonite
KJC-LU-EMA-12959,EMA,Emaan Adeel,LU,https://emaanadeel.com/products/lune
KJC-LU-EMA-12960,EMA,Emaan Adeel,LU,https://emaanadeel.com/products/howlite
KJC-LU-EMA-12961,EMA,Emaan Adeel,LU,https://emaanadeel.com/products/lumi
KJC-LU-EMA-12962,EMA,Emaan Adeel,LU,https://emaanadeel.com/products/eloise
KJC-LU-EMA-12963,EMA,Emaan Adeel,LU,https://emaanadeel.com/products/orla
KJC-LU-EMA-12964,EMA,Emaan Adeel,LU,https://emaanadeel.com/products/aria
KJC-LU-EMA-12965,EMA,Emaan Adeel,LU,https://emaanadeel.com/products/eira
KJC-LU-EMA-12966,EMA,Emaan Adeel,LU,https://emaanadeel.com/products/nola
KJC-LU-EMA-12967,EMA,Emaan Adeel,LU,https://emaanadeel.com/products/halo
KJC-LU-EMA-12968,EMA,Emaan Adeel,LU,https://emaanadeel.com/products/jewel
KJC-LU-EMA-12969,EMA,Emaan Adeel,LU,https://emaanadeel.com/products/solstice
KJC-LU-EMA-12970,EMA,Emaan Adeel,LU,https://emaanadeel.com/products/cyra
KJC-LU-EMA-12971,EMA,Emaan Adeel,LU,https://emaanadeel.com/products/reverie
KJC-LU-EMA-12972,EMA,Emaan Adeel,LU,https://emaanadeel.com/products/seraph
KJC-LU-EMA-12973,EMA,Emaan Adeel,LU,https://emaanadeel.com/products/orchid-royale
KJC-LU-EMA-12974,EMA,Emaan Adeel,LU,https://emaanadeel.com/products/isolde
KJC-LU-EMA-12975,EMA,Emaan Adeel,LU,https://emaanadeel.com/products/floraison
KJC-LU-EMA-12976,EMA,Emaan Adeel,LU,https://emaanadeel.com/products/summer-sorbet
KJC-LU-EMA-12977,EMA,Emaan Adeel,LU,https://emaanadeel.com/products/sunkissed
KJC-LU-EMA-12978,EMA,Emaan Adeel,LU,https://emaanadeel.com/products/radiant-rose
KJC-LU-EMA-12979,EMA,Emaan Adeel,LU,https://emaanadeel.com/products/floral-frenzy
KJC-LU-EMA-12980,EMA,Emaan Adeel,LU,https://emaanadeel.com/products/mehves
KJC-LU-EMA-12981,EMA,Emaan Adeel,LU,https://emaanadeel.com/products/elara
KJC-LU-EMA-12982,EMA,Emaan Adeel,LU,https://emaanadeel.com/products/ayzel
KJC-LU-EMA-12983,EMA,Emaan Adeel,LU,https://emaanadeel.com/products/aisha
KJC-LU-EMA-12984,EMA,Emaan Adeel,LU,https://emaanadeel.com/products/mahgul
KJC-LU-EMA-12985,EMA,Emaan Adeel,LU,https://emaanadeel.com/products/nuvra
KJC-LU-EMA-12986,EMA,Emaan Adeel,LU,https://emaanadeel.com/products/aurea
KJC-LU-EMA-12987,EMA,Emaan Adeel,LU,https://emaanadeel.com/products/solin
KJC-LU-EMA-12988,EMA,Emaan Adeel,LU,https://emaanadeel.com/products/celestial
KJC-LU-EMA-12989,EMA,Emaan Adeel,LU,https://emaanadeel.com/products/zareen
KJC-LU-EMA-12990,EMA,Emaan Adeel,LU,https://emaanadeel.com/products/aarzo
KJC-LU-EMA-12991,EMA,Emaan Adeel,LU,https://emaanadeel.com/products/laleh-1
KJC-LU-EMA-12992,EMA,Emaan Adeel,LU,https://emaanadeel.com/products/rukhsar
KJC-LU-EMA-12993,EMA,Emaan Adeel,LU,https://emaanadeel.com/products/velanis
KJC-LU-EMA-12994,EMA,Emaan Adeel,LU,https://emaanadeel.com/products/rosmyn
KJC-LU-EMA-12995,EMA,Emaan Adeel,LU,https://emaanadeel.com/products/aurevia
KJC-LU-EMA-12996,EMA,Emaan Adeel,LU,https://emaanadeel.com/products/oraya
KJC-LU-EMA-12997,EMA,Emaan Adeel,LU,https://emaanadeel.com/products/cealina
KJC-LU-EMA-12998,EMA,Emaan Adeel,LU,https://emaanadeel.com/products/avoria
KJC-LU-EMA-12999,EMA,Emaan Adeel,LU,https://emaanadeel.com/products/cirel
KJC-LU-EMA-13000,EMA,Emaan Adeel,LU,https://emaanadeel.com/products/calais
KJC-LU-EMA-13001,EMA,Emaan Adeel,LU,https://emaanadeel.com/products/avoir
KJC-LU-EMA-13002,EMA,Emaan Adeel,LU,https://emaanadeel.com/products/mh-205
KJC-LU-EMA-13003,EMA,Emaan Adeel,LU,https://emaanadeel.com/products/mh-208
KJC-LU-EMA-13004,EMA,Emaan Adeel,LU,https://emaanadeel.com/products/mh-201
KJC-LU-EMA-13005,EMA,Emaan Adeel,LU,https://emaanadeel.com/products/onyx-muse
KJC-LU-EMA-13006,EMA,Emaan Adeel,LU,https://emaanadeel.com/products/azure-sapphire
KJC-LU-EMA-13007,EMA,Emaan Adeel,LU,https://emaanadeel.com/products/luce
KJC-LU-EMA-13008,EMA,Emaan Adeel,LU,https://emaanadeel.com/products/venezia
KJC-LU-EMA-13009,EMA,Emaan Adeel,LU,https://emaanadeel.com/products/poise-1
KJC-LU-EMA-13010,EMA,Emaan Adeel,LU,https://emaanadeel.com/products/vesper
KJC-LU-EMA-13011,EMA,Emaan Adeel,LU,https://emaanadeel.com/products/noemie
KJC-LU-EMA-13012,EMA,Emaan Adeel,LU,https://emaanadeel.com/products/zelie
KJC-LU-EMA-13013,EMA,Emaan Adeel,LU,https://emaanadeel.com/products/veloura
KJC-LU-FLO-13014,FLO,Florent,LU,https://florentpakistan.com/products/feo-1b
KJC-LU-FLO-13015,FLO,Florent,LU,https://florentpakistan.com/products/feo-1a
KJC-LU-FLO-13016,FLO,Florent,LU,https://florentpakistan.com/products/feo-3b
KJC-LU-FLO-13017,FLO,Florent,LU,https://florentpakistan.com/products/feo-3a
KJC-LU-FLO-13018,FLO,Florent,LU,https://florentpakistan.com/products/feo-2b
KJC-LU-FLO-13019,FLO,Florent,LU,https://florentpakistan.com/products/feo-2a
KJC-LU-FLO-13020,FLO,Florent,LU,https://florentpakistan.com/products/feo-5b
KJC-LU-FLO-13021,FLO,Florent,LU,https://florentpakistan.com/products/feo-5a
KJC-LU-FLO-13022,FLO,Florent,LU,https://florentpakistan.com/products/feo-4b
KJC-LU-FLO-13023,FLO,Florent,LU,https://florentpakistan.com/products/feo-4a
KJC-LU-FLO-13024,FLO,Florent,LU,https://florentpakistan.com/products/feo-7b
KJC-LU-FLO-13025,FLO,Florent,LU,https://florentpakistan.com/products/feo-7a
KJC-LU-FLO-13026,FLO,Florent,LU,https://florentpakistan.com/products/feo-6b
KJC-LU-FLO-13027,FLO,Florent,LU,https://florentpakistan.com/products/feo-6a
KJC-LU-FLO-13028,FLO,Florent,LU,https://florentpakistan.com/products/feo-9b
KJC-LU-FLO-13029,FLO,Florent,LU,https://florentpakistan.com/products/feo-9a
KJC-LU-FLO-13030,FLO,Florent,LU,https://florentpakistan.com/products/feo-8b
KJC-LU-FLO-13031,FLO,Florent,LU,https://florentpakistan.com/products/feo-8a
KJC-LU-FLO-13032,FLO,Florent,LU,https://florentpakistan.com/products/fzf-8b
KJC-LU-FLO-13033,FLO,Florent,LU,https://florentpakistan.com/products/fzf-8a
KJC-LU-FLO-13034,FLO,Florent,LU,https://florentpakistan.com/products/fzf-7b
KJC-LU-FLO-13035,FLO,Florent,LU,https://florentpakistan.com/products/fzf-7a
KJC-LU-FLO-13036,FLO,Florent,LU,https://florentpakistan.com/products/fzf-6b
KJC-LU-FLO-13037,FLO,Florent,LU,https://florentpakistan.com/products/fzf-6a
KJC-LU-FLO-13038,FLO,Florent,LU,https://florentpakistan.com/products/fzf-5b
KJC-LU-FLO-13039,FLO,Florent,LU,https://florentpakistan.com/products/fzf-5a
KJC-LU-FLO-13040,FLO,Florent,LU,https://florentpakistan.com/products/fzf-4b
KJC-LU-FLO-13041,FLO,Florent,LU,https://florentpakistan.com/products/fzf-4a
KJC-LU-FLO-13042,FLO,Florent,LU,https://florentpakistan.com/products/fzf-3b
KJC-LU-FLO-13043,FLO,Florent,LU,https://florentpakistan.com/products/fzf-3a
KJC-LU-FLO-13044,FLO,Florent,LU,https://florentpakistan.com/products/fzf-2b
KJC-LU-FLO-13045,FLO,Florent,LU,https://florentpakistan.com/products/fzf-2a
KJC-LU-FLO-13046,FLO,Florent,LU,https://florentpakistan.com/products/fzf-1b
KJC-LU-FLO-13047,FLO,Florent,LU,https://florentpakistan.com/products/fzf-1a
KJC-LU-FLO-13048,FLO,Florent,LU,https://florentpakistan.com/products/fed-8b
KJC-LU-FLO-13049,FLO,Florent,LU,https://florentpakistan.com/products/fed-8a
KJC-LU-FLO-13050,FLO,Florent,LU,https://florentpakistan.com/products/fed-7b
KJC-LU-FLO-13051,FLO,Florent,LU,https://florentpakistan.com/products/fed-7a
KJC-LU-FLO-13052,FLO,Florent,LU,https://florentpakistan.com/products/fed-6b
KJC-LU-FLO-13053,FLO,Florent,LU,https://florentpakistan.com/products/fed-6a
KJC-LU-FLO-13054,FLO,Florent,LU,https://florentpakistan.com/products/fed-5b
KJC-LU-FLO-13055,FLO,Florent,LU,https://florentpakistan.com/products/fed-5a
KJC-LU-FLO-13056,FLO,Florent,LU,https://florentpakistan.com/products/fed-4b
KJC-LU-FLO-13057,FLO,Florent,LU,https://florentpakistan.com/products/fed-4a
KJC-LU-FLO-13058,FLO,Florent,LU,https://florentpakistan.com/products/fed-3b
KJC-LU-FLO-13059,FLO,Florent,LU,https://florentpakistan.com/products/fed-3a
KJC-LU-FLO-13060,FLO,Florent,LU,https://florentpakistan.com/products/fed-2b
KJC-LU-FLO-13061,FLO,Florent,LU,https://florentpakistan.com/products/fed-2a
KJC-LU-FLO-13062,FLO,Florent,LU,https://florentpakistan.com/products/fed-1b
KJC-LU-FLO-13063,FLO,Florent,LU,https://florentpakistan.com/products/fed
KJC-LU-FLO-13064,FLO,Florent,LU,https://florentpakistan.com/products/fzl-8b
KJC-LU-FLO-13065,FLO,Florent,LU,https://florentpakistan.com/products/fzl-8a
KJC-LU-FLO-13066,FLO,Florent,LU,https://florentpakistan.com/products/fzl-7b
KJC-LU-FLO-13067,FLO,Florent,LU,https://florentpakistan.com/products/fzl-7a
KJC-LU-FLO-13068,FLO,Florent,LU,https://florentpakistan.com/products/fzl-6b
KJC-LU-FLO-13069,FLO,Florent,LU,https://florentpakistan.com/products/fzl-6a
KJC-LU-FLO-13070,FLO,Florent,LU,https://florentpakistan.com/products/fzl-5b-1
KJC-LU-FLO-13071,FLO,Florent,LU,https://florentpakistan.com/products/fzl-5a
KJC-LU-FLO-13072,FLO,Florent,LU,https://florentpakistan.com/products/fzl-5b
KJC-LU-FLO-13073,FLO,Florent,LU,https://florentpakistan.com/products/fzl-4a
KJC-LU-FLO-13074,FLO,Florent,LU,https://florentpakistan.com/products/fzl-3b
KJC-LU-FLO-13075,FLO,Florent,LU,https://florentpakistan.com/products/fzl-3a
KJC-LU-FLO-13076,FLO,Florent,LU,https://florentpakistan.com/products/fzl-2b
KJC-LU-FLO-13077,FLO,Florent,LU,https://florentpakistan.com/products/fzl-2a
KJC-LU-FLO-13078,FLO,Florent,LU,https://florentpakistan.com/products/fzl-1b
KJC-LU-FLO-13079,FLO,Florent,LU,https://florentpakistan.com/products/fzl-1a
KJC-LU-FLO-13080,FLO,Florent,LU,https://florentpakistan.com/products/luxury-lawn-fee-3b
KJC-LU-FLO-13081,FLO,Florent,LU,https://florentpakistan.com/products/luxury-lawn-fee-4a
KJC-LU-FLO-13082,FLO,Florent,LU,https://florentpakistan.com/products/luxury-lawn-fee-4b
KJC-LU-FLO-13083,FLO,Florent,LU,https://florentpakistan.com/products/luxury-lawn-fee-5a
KJC-LU-FLO-13084,FLO,Florent,LU,https://florentpakistan.com/products/luxury-lawn-fee-5b
KJC-LU-FLO-13085,FLO,Florent,LU,https://florentpakistan.com/products/luxury-lawn-fee-6a
KJC-LU-FLO-13086,FLO,Florent,LU,https://florentpakistan.com/products/luxury-lawn-fee-6b
KJC-LU-FLO-13087,FLO,Florent,LU,https://florentpakistan.com/products/luxury-lawn-fee-7
KJC-LU-FLO-13088,FLO,Florent,LU,https://florentpakistan.com/products/luxury-lawn-fee-8
KJC-LU-FLO-13089,FLO,Florent,LU,https://florentpakistan.com/products/luxury-lawn-fee-9
KJC-LU-FLO-13090,FLO,Florent,LU,https://florentpakistan.com/products/fee-10
KJC-LU-FLO-13091,FLO,Florent,LU,https://florentpakistan.com/products/luxury-lawn-fee-3a
KJC-LU-FLO-13092,FLO,Florent,LU,https://florentpakistan.com/products/luxury-lawn-fee-2b
KJC-LU-FLO-13093,FLO,Florent,LU,https://florentpakistan.com/products/luxury-lawn-fee-2a
KJC-LU-FLO-13094,FLO,Florent,LU,https://florentpakistan.com/products/luxury-lawn-fee-1b
KJC-LU-GUL-13095,GUL,Gulaal,LU,https://gulaal.pk/products/elaria
KJC-LU-GUL-13096,GUL,Gulaal,LU,https://gulaal.pk/products/zahira
KJC-LU-GUL-13097,GUL,Gulaal,LU,https://gulaal.pk/products/zaffera
KJC-LU-GUL-13098,GUL,Gulaal,LU,https://gulaal.pk/products/nysira
KJC-LU-GUL-13099,GUL,Gulaal,LU,https://gulaal.pk/products/aureva
KJC-LU-GUL-13100,GUL,Gulaal,LU,https://gulaal.pk/products/amisra
KJC-LU-GUL-13101,GUL,Gulaal,LU,https://gulaal.pk/products/delina
KJC-LU-GUL-13102,GUL,Gulaal,LU,https://gulaal.pk/products/laira
KJC-LU-GUL-13103,GUL,Gulaal,LU,https://gulaal.pk/products/noir-gl-ec-23v1-06-embroidered-chiffon-2023-volume-1-by-gulaal
KJC-LU-GUL-13104,GUL,Gulaal,LU,https://gulaal.pk/products/amayah
KJC-LU-GUL-13105,GUL,Gulaal,LU,https://gulaal.pk/products/isabella-01-embroidered-chiffon-eid-collection-by-gulaal
KJC-LU-GUL-13106,GUL,Gulaal,LU,https://gulaal.pk/products/viviana-gl-ec-24v2-01
KJC-LU-GUL-13107,GUL,Gulaal,LU,https://gulaal.pk/products/jahaan
KJC-LU-GUL-13108,GUL,Gulaal,LU,https://gulaal.pk/products/mahiri
KJC-LU-GUL-13109,GUL,Gulaal,LU,https://gulaal.pk/products/diya-gl-wu-23v1-01
KJC-LU-GUL-13110,GUL,Gulaal,LU,https://gulaal.pk/products/meher
KJC-LU-GUL-13111,GUL,Gulaal,LU,https://gulaal.pk/products/wisteria-embroidered-net-4-piece-suit-mg-01-mirabella-collection
KJC-LU-GUL-13112,GUL,Gulaal,LU,https://gulaal.pk/products/marleen-gl-ec-23v1-08-embroidered-chiffon-2023-volume-1-by-gulaal
KJC-LU-GUL-13113,GUL,Gulaal,LU,https://gulaal.pk/products/cemile-03-embroidered-chiffon-eid-collection-by-gulaal
KJC-LU-GUL-13114,GUL,Gulaal,LU,https://gulaal.pk/products/zuria
KJC-LU-GUL-13115,GUL,Gulaal,LU,https://gulaal.pk/products/maahru
KJC-LU-GUL-13116,GUL,Gulaal,LU,https://gulaal.pk/products/crystalline-embroidered-net-4-piece-suit-mg-05-mirabella-collection
KJC-LU-GUL-13117,GUL,Gulaal,LU,https://gulaal.pk/products/zerane
KJC-LU-GUL-13118,GUL,Gulaal,LU,https://gulaal.pk/products/cassia
KJC-LU-GUL-13119,GUL,Gulaal,LU,https://gulaal.pk/products/leesha
KJC-LU-GUL-13120,GUL,Gulaal,LU,https://gulaal.pk/products/parizay
KJC-LU-GUL-13121,GUL,Gulaal,LU,https://gulaal.pk/products/blanca-gl-ec-24v2-04
KJC-LU-GUL-13122,GUL,Gulaal,LU,https://gulaal.pk/products/majestic-mosaic
KJC-LU-GUL-13123,GUL,Gulaal,LU,https://gulaal.pk/products/sohina
KJC-LU-GUL-13124,GUL,Gulaal,LU,https://gulaal.pk/products/nazmil
KJC-LU-GUL-13125,GUL,Gulaal,LU,https://gulaal.pk/products/zoia
KJC-LU-GUL-13126,GUL,Gulaal,LU,https://gulaal.pk/products/satrangi-01-3-piece-embroidered-wedding-collection-2022-by-gulaal
KJC-LU-GUL-13127,GUL,Gulaal,LU,https://gulaal.pk/products/nehir-gl-wu-23v1-04
KJC-LU-GUL-13128,GUL,Gulaal,LU,https://gulaal.pk/products/nayaara
KJC-LU-GUL-13129,GUL,Gulaal,LU,https://gulaal.pk/products/gul-afshan-embroidered-net-3-piece-suit-gwf-01-zohra-by-gulaal-wedding-collection
KJC-LU-GUL-13130,GUL,Gulaal,LU,https://gulaal.pk/products/meena
KJC-LU-GUL-13131,GUL,Gulaal,LU,https://gulaal.pk/products/sanaiyah-06-3-piece-embroidered-wedding-collection-2022-by-gulaal
KJC-LU-GUL-13132,GUL,Gulaal,LU,https://gulaal.pk/products/zaariya-01-embroidered-chiffon-2022-by-gulaal
KJC-LU-GUL-13133,GUL,Gulaal,LU,https://gulaal.pk/products/rustic-regalia
KJC-LU-GUL-13134,GUL,Gulaal,LU,https://gulaal.pk/products/vezeen
KJC-LU-GUL-13135,GUL,Gulaal,LU,https://gulaal.pk/products/onyxa
KJC-LU-GUL-13136,GUL,Gulaal,LU,https://gulaal.pk/products/ruby-gl-ec-23v1-02-embroidered-chiffon-2023-volume-1-by-gulaal
KJC-LU-GUL-13137,GUL,Gulaal,LU,https://gulaal.pk/products/soleil
KJC-LU-GUL-13138,GUL,Gulaal,LU,https://gulaal.pk/products/zayra
KJC-LU-GUL-13139,GUL,Gulaal,LU,https://gulaal.pk/products/sorayae
KJC-LU-GUL-13140,GUL,Gulaal,LU,https://gulaal.pk/products/shabnam
KJC-LU-GUL-13141,GUL,Gulaal,LU,https://gulaal.pk/products/coral-eclat
KJC-LU-GUL-13142,GUL,Gulaal,LU,https://gulaal.pk/products/reva
KJC-LU-GUL-13143,GUL,Gulaal,LU,https://gulaal.pk/products/nareena-gl-wu-23v1-06
KJC-LU-GUL-13144,GUL,Gulaal,LU,https://gulaal.pk/products/vela
KJC-LU-GUL-13145,GUL,Gulaal,LU,https://gulaal.pk/products/nyra
KJC-LU-GUL-13146,GUL,Gulaal,LU,https://gulaal.pk/products/ezrah-uc-03-embroidered-chiffon-2023-by-gulaal-ezrah-uc-03
KJC-LU-GUL-13147,GUL,Gulaal,LU,https://gulaal.pk/products/eclissa
KJC-LU-GUL-13148,GUL,Gulaal,LU,https://gulaal.pk/products/rosewood-majesty
KJC-LU-GUL-13149,GUL,Gulaal,LU,https://gulaal.pk/products/leena-gl-wu-23v1-07
KJC-LU-GUL-13150,GUL,Gulaal,LU,https://gulaal.pk/products/imperial-plum
KJC-LU-GUL-13151,GUL,Gulaal,LU,https://gulaal.pk/products/dinara
KJC-LU-GUL-13152,GUL,Gulaal,LU,https://gulaal.pk/products/twilight-elegance
KJC-LU-GUL-13153,GUL,Gulaal,LU,https://gulaal.pk/products/deenah
KJC-LU-GUL-13154,GUL,Gulaal,LU,https://gulaal.pk/products/ulmaria
KJC-LU-GUL-13155,GUL,Gulaal,LU,https://gulaal.pk/products/calira
KJC-LU-GUL-13156,GUL,Gulaal,LU,https://gulaal.pk/products/mahjabeen-uc-01-embroidered-chiffon-2023-by-gulaal-mahjabeen-uc-01
KJC-LU-GUL-13157,GUL,Gulaal,LU,https://gulaal.pk/products/layana
KJC-LU-GUL-13158,GUL,Gulaal,LU,https://gulaal.pk/products/sheyza
KJC-LU-GUL-13159,GUL,Gulaal,LU,https://gulaal.pk/products/morena
KJC-LU-GUL-13160,GUL,Gulaal,LU,https://gulaal.pk/products/evana
KJC-LU-GUL-13161,GUL,Gulaal,LU,https://gulaal.pk/products/ardora
KJC-LU-GUL-13162,GUL,Gulaal,LU,https://gulaal.pk/products/sitara
KJC-LU-GUL-13163,GUL,Gulaal,LU,https://gulaal.pk/products/raniya
KJC-LU-GUL-13164,GUL,Gulaal,LU,https://gulaal.pk/products/shanaya
KJC-LU-GUL-13165,GUL,Gulaal,LU,https://gulaal.pk/products/orra
KJC-LU-GUL-13166,GUL,Gulaal,LU,https://gulaal.pk/products/ayla
KJC-LU-GUL-13167,GUL,Gulaal,LU,https://gulaal.pk/products/esme
KJC-LU-GUL-13168,GUL,Gulaal,LU,https://gulaal.pk/products/sia
KJC-LU-GUL-13169,GUL,Gulaal,LU,https://gulaal.pk/products/isla
KJC-LU-GUL-13170,GUL,Gulaal,LU,https://gulaal.pk/products/elys
KJC-LU-GUL-13171,GUL,Gulaal,LU,https://gulaal.pk/products/hilyn
KJC-LU-GUL-13172,GUL,Gulaal,LU,https://gulaal.pk/products/alma
KJC-LU-GUL-13173,GUL,Gulaal,LU,https://gulaal.pk/products/eidra
KJC-LU-GUL-13174,GUL,Gulaal,LU,https://gulaal.pk/products/roselyn-embroidered-net-3-piece-suit-d-5-gulaal-unstitched-luxury-formals-eid-collection
KJC-LU-GUL-13175,GUL,Gulaal,LU,https://gulaal.pk/products/etincelle
KJC-LU-GUL-13176,GUL,Gulaal,LU,https://gulaal.pk/products/desir
KJC-LU-GUL-13177,GUL,Gulaal,LU,https://gulaal.pk/products/perle
KJC-LU-GUL-13178,GUL,Gulaal,LU,https://gulaal.pk/products/lueur
KJC-LU-GUL-13179,GUL,Gulaal,LU,https://gulaal.pk/products/mirage
KJC-LU-GUL-13180,GUL,Gulaal,LU,https://gulaal.pk/products/crimson
KJC-LU-GUL-13181,GUL,Gulaal,LU,https://gulaal.pk/products/soir
KJC-LU-GUL-13182,GUL,Gulaal,LU,https://gulaal.pk/products/mist
KJC-LU-GUL-13183,GUL,Gulaal,LU,https://gulaal.pk/products/pareesa
KJC-LU-GUL-13184,GUL,Gulaal,LU,https://gulaal.pk/products/coralyn
KJC-LU-GUL-13185,GUL,Gulaal,LU,https://gulaal.pk/products/chiragh
KJC-LU-GUL-13186,GUL,Gulaal,LU,https://gulaal.pk/products/seryne
KJC-LU-GUL-13187,GUL,Gulaal,LU,https://gulaal.pk/products/aeris
KJC-LU-GUL-13188,GUL,Gulaal,LU,https://gulaal.pk/products/saphira
KJC-LU-GUL-13189,GUL,Gulaal,LU,https://gulaal.pk/products/sorelia
KJC-LU-GUL-13190,GUL,Gulaal,LU,https://gulaal.pk/products/serosia
KJC-LU-GUL-13191,GUL,Gulaal,LU,https://gulaal.pk/products/seraphine
KJC-LU-GUL-13192,GUL,Gulaal,LU,https://gulaal.pk/products/ciora
KJC-LU-GUL-13193,GUL,Gulaal,LU,https://gulaal.pk/products/inaara
KJC-LU-GUL-13194,GUL,Gulaal,LU,https://gulaal.pk/products/nael
KJC-LU-GUL-13195,GUL,Gulaal,LU,https://gulaal.pk/products/floren
KJC-LU-GUL-13196,GUL,Gulaal,LU,https://gulaal.pk/products/vantae
KJC-LU-GUL-13197,GUL,Gulaal,LU,https://gulaal.pk/products/vaila
KJC-LU-GUL-13198,GUL,Gulaal,LU,https://gulaal.pk/products/elina
KJC-LU-GUL-13199,GUL,Gulaal,LU,https://gulaal.pk/products/nerine
KJC-LU-GUL-13200,GUL,Gulaal,LU,https://gulaal.pk/products/calyx
KJC-LU-GUL-13201,GUL,Gulaal,LU,https://gulaal.pk/products/aluxe
KJC-LU-GUL-13202,GUL,Gulaal,LU,https://gulaal.pk/products/zafielle
KJC-LU-GUL-13203,GUL,Gulaal,LU,https://gulaal.pk/products/mirevra
KJC-LU-GUL-13204,GUL,Gulaal,LU,https://gulaal.pk/products/aziele
KJC-LU-GUL-13205,GUL,Gulaal,LU,https://gulaal.pk/products/noirea
KJC-LU-GUL-13206,GUL,Gulaal,LU,https://gulaal.pk/products/selore
KJC-LU-GUL-13207,GUL,Gulaal,LU,https://gulaal.pk/products/florence-gl-l-24v2-02
KJC-LU-GUL-13208,GUL,Gulaal,LU,https://gulaal.pk/products/alessia-gl-11-24v1-06
KJC-LU-GUL-13209,GUL,Gulaal,LU,https://gulaal.pk/products/hestia-gl-l-24v1-12
KJC-LU-GUL-13210,GUL,Gulaal,LU,https://gulaal.pk/products/amaryllis-gl-l-24v1-09
KJC-LU-GUL-13211,GUL,Gulaal,LU,https://gulaal.pk/products/solene
KJC-LU-GUL-13212,GUL,Gulaal,LU,https://gulaal.pk/products/alira
KJC-LU-GUL-13213,GUL,Gulaal,LU,https://gulaal.pk/products/velmira
KJC-LU-GUL-13214,GUL,Gulaal,LU,https://gulaal.pk/products/liyanah
KJC-LU-GUL-13215,GUL,Gulaal,LU,https://gulaal.pk/products/rosalee
KJC-LU-GUL-13216,GUL,Gulaal,LU,https://gulaal.pk/products/terrie
KJC-LU-GUL-13217,GUL,Gulaal,LU,https://gulaal.pk/products/evra
KJC-LU-GUL-13218,GUL,Gulaal,LU,https://gulaal.pk/products/faye
KJC-LU-GUL-13219,GUL,Gulaal,LU,https://gulaal.pk/products/meadowe
KJC-LU-GUL-13220,GUL,Gulaal,LU,https://gulaal.pk/products/zeirin
KJC-LU-GUL-13221,GUL,Gulaal,LU,https://gulaal.pk/products/quince
KJC-LU-GUL-13222,GUL,Gulaal,LU,https://gulaal.pk/products/blossom
KJC-LU-GUL-13223,GUL,Gulaal,LU,https://gulaal.pk/products/cerise
KJC-LU-GUL-13224,GUL,Gulaal,LU,https://gulaal.pk/products/honey-dew
KJC-LU-GUL-13225,GUL,Gulaal,LU,https://gulaal.pk/products/aster
KJC-LU-GUL-13226,GUL,Gulaal,LU,https://gulaal.pk/products/fleuron
KJC-LU-GUL-13227,GUL,Gulaal,LU,https://gulaal.pk/products/elaris
KJC-LU-GUL-13228,GUL,Gulaal,LU,https://gulaal.pk/products/serenade
KJC-LU-GUL-13229,GUL,Gulaal,LU,https://gulaal.pk/products/celia
KJC-LU-GUL-13230,GUL,Gulaal,LU,https://gulaal.pk/products/amora
KJC-LU-GUL-13231,GUL,Gulaal,LU,https://gulaal.pk/products/aurelia
KJC-LU-GUL-13232,GUL,Gulaal,LU,https://gulaal.pk/products/solara
KJC-LU-GUL-13233,GUL,Gulaal,LU,https://gulaal.pk/products/ira-1
KJC-LU-GUL-13234,GUL,Gulaal,LU,https://gulaal.pk/products/nehal
KJC-LU-GUL-13235,GUL,Gulaal,LU,https://gulaal.pk/products/ura
KJC-LU-GUL-13236,GUL,Gulaal,LU,https://gulaal.pk/products/faina
KJC-LU-GUL-13237,GUL,Gulaal,LU,https://gulaal.pk/products/kaia-1
KJC-LU-GUL-13238,GUL,Gulaal,LU,https://gulaal.pk/products/olvera-gl-l-24v2-07
KJC-LU-GUL-13239,GUL,Gulaal,LU,https://gulaal.pk/products/midnight-reverie
KJC-LU-GUL-13240,GUL,Gulaal,LU,https://gulaal.pk/products/blush-royale
KJC-LU-GUL-13241,GUL,Gulaal,LU,https://gulaal.pk/products/avenir-embroidered-net-3-piece-suit-ws-01-fleur-de-rose-wedding-formals
KJC-LU-GUL-13242,GUL,Gulaal,LU,https://gulaal.pk/products/jeune-embroidered-net-3-piece-suit-ws-02-fleur-de-rose-wedding-formals
KJC-LU-GUL-13243,GUL,Gulaal,LU,https://gulaal.pk/products/joli-embroidered-net-3-piece-suit-ws-03-fleur-de-rose-wedding-formals
KJC-LU-GUL-13244,GUL,Gulaal,LU,https://gulaal.pk/products/cher-embroidered-net-3-piece-suit-ws-04-fleur-de-rose-wedding-formals
KJC-LU-GUL-13245,GUL,Gulaal,LU,https://gulaal.pk/products/clair-embroidered-net-3-piece-suit-ws-05-fleur-de-rose-wedding-formals
KJC-LU-GUL-13246,GUL,Gulaal,LU,https://gulaal.pk/products/rouge-embroidered-net-3-piece-suit-ws-06-fleur-de-rose-wedding-formals
KJC-LU-GUL-13247,GUL,Gulaal,LU,https://gulaal.pk/products/voir-embroidered-net-3-piece-suit-ws-07-fleur-de-rose-wedding-formals
KJC-LU-GUL-13248,GUL,Gulaal,LU,https://gulaal.pk/products/pois-embroidered-net-3-piece-suit-ws-08-fleur-de-rose-wedding-formals
KJC-LU-GUL-13249,GUL,Gulaal,LU,https://gulaal.pk/products/naaz-embroidered-net-3-piece-suit-ws-09-meherma-wedding-formals-collection
KJC-LU-GUL-13250,GUL,Gulaal,LU,https://gulaal.pk/products/shehnaz-embroidered-net-3-piece-suit-ws-11-meherma-wedding-formals-collection
KJC-LU-GUL-13251,GUL,Gulaal,LU,https://gulaal.pk/products/tamanah-embroidered-net-3-piece-suit-ws-12-meherma-wedding-formals-collection
KJC-LU-GUL-13252,GUL,Gulaal,LU,https://gulaal.pk/products/mehnaaz-embroidered-net-3-piece-suit-ws-13-meherma-wedding-formals-collection
KJC-LU-GUL-13253,GUL,Gulaal,LU,https://gulaal.pk/products/kehkshan-embroidered-net-3-piece-suit-ws-14-meherma-wedding-formals-collection
KJC-LU-GUL-13254,GUL,Gulaal,LU,https://gulaal.pk/products/arjumand-embroidered-net-3-piece-suit-ws-15-meherma-wedding-formals-collection
KJC-LU-GUL-13255,GUL,Gulaal,LU,https://gulaal.pk/products/mahjabeen-embroidered-net-3-piece-suit-ws-17-meherma-wedding-formals-collection
KJC-LU-GUL-13256,GUL,Gulaal,LU,https://gulaal.pk/products/gulnoor-embroidered-net-3-piece-suit-ws-18-meherma-wedding-formals-collection
KJC-LU-GUL-13257,GUL,Gulaal,LU,https://gulaal.pk/products/mehr-embroidered-net-3-piece-suit-ws-19-meherma-wedding-formals-collection
KJC-LU-GUL-13258,GUL,Gulaal,LU,https://gulaal.pk/products/zeba-embroidered-net-3-piece-suit-ws-21-meherma-wedding-formals-collection
KJC-LU-GUL-13259,GUL,Gulaal,LU,https://gulaal.pk/products/meeral-embroidered-net-3-piece-suit-ws-22-meherma-wedding-formals-collection
KJC-LU-GUL-13260,GUL,Gulaal,LU,https://gulaal.pk/products/chameli-embroidered-net-3-piece-suit-ws-10-meherma-wedding-formals-collection
KJC-LU-GUL-13261,GUL,Gulaal,LU,https://gulaal.pk/products/qayinaat-embroidered-net-3-piece-suit-ws-16-meherma-wedding-formals-collection
KJC-LU-GUL-13262,GUL,Gulaal,LU,https://gulaal.pk/products/saika-embroidered-net-3-piece-suit-ws-20-meherma-wedding-formals-collection
KJC-LU-GUL-13263,GUL,Gulaal,LU,https://gulaal.pk/products/serina-gl-ws-22v1-23-zaryaab-wedding-formals-collection-by-gulaal
KJC-LU-GUL-13264,GUL,Gulaal,LU,https://gulaal.pk/products/shandana-gl-ws-22v1-24-zaryaab-wedding-formals-collection-by-gulaal
KJC-LU-GUL-13265,GUL,Gulaal,LU,https://gulaal.pk/products/parkha-gl-ws-22v1-25-zaryaab-wedding-formals-collection-by-gulaal
KJC-LU-GUL-13266,GUL,Gulaal,LU,https://gulaal.pk/products/ayzel-gl-ws-22v1-27-pishwas-and-lehnga-zaryaab-wedding-formals-collection-by-gulaal
KJC-LU-GUL-13267,GUL,Gulaal,LU,https://gulaal.pk/products/anshah-gl-ws-22v1-28-ivory-white-lehnga-choli-zaryaab-wedding-formals-collection-by-gulaal
KJC-LU-GUL-13268,GUL,Gulaal,LU,https://gulaal.pk/products/zaira-gl-ws-22v1-30-rust-angrakha-zaryaab-wedding-formals-collection-by-gulaal
KJC-LU-GUL-13269,GUL,Gulaal,LU,https://gulaal.pk/products/shazminah-gl-ws-22v1-31-lehnga-and-choli-zaryaab-wedding-formals-collection-by-gulaal
KJC-LU-GUL-13270,GUL,Gulaal,LU,https://gulaal.pk/products/mayal-gl-ws-22v1-32-lehnga-and-choli-zaryaab-wedding-formals-collection-by-gulaal
KJC-LU-GUL-13271,GUL,Gulaal,LU,https://gulaal.pk/products/afreen-gl-ws-22v1-29-peach-lehnga-choli-zaryaab-wedding-formals-collection-by-gulaal
KJC-LU-GUL-13272,GUL,Gulaal,LU,https://gulaal.pk/products/gl-ws-22v1-33-shirt-and-gharara-zaryaab-wedding-formals-collection-by-gulaal
KJC-LU-GUL-13273,GUL,Gulaal,LU,https://gulaal.pk/products/gl-ws-22v1-34-pishwas-and-chooridaar-pyjama-zaryaab-wedding-formals-collection-by-gulaal
KJC-LU-GUL-13274,GUL,Gulaal,LU,https://gulaal.pk/products/miraas-gl-ws-23v1-35
KJC-LU-GUL-13275,GUL,Gulaal,LU,https://gulaal.pk/products/ashmiza-gl-ws-23v1-36
KJC-LU-GUL-13276,GUL,Gulaal,LU,https://gulaal.pk/products/nigar-gl-ws-23v1-37
KJC-LU-GUL-13277,GUL,Gulaal,LU,https://gulaal.pk/products/noor-gl-ws-38
KJC-LU-GUL-13278,GUL,Gulaal,LU,https://gulaal.pk/products/nawazish-gl-ws-23v1-39
KJC-LU-GUL-13279,GUL,Gulaal,LU,https://gulaal.pk/products/amirah-gl-ws-23v1-40
KJC-LU-GUL-13280,GUL,Gulaal,LU,https://gulaal.pk/products/shehnaz-gl-ws-23v1-41
KJC-LU-GUL-13281,GUL,Gulaal,LU,https://gulaal.pk/products/ghazal-gl-ws-23v1-42
KJC-LU-GUL-13282,GUL,Gulaal,LU,https://gulaal.pk/products/yaram-gl-lp-22v1-06-luxury-volume-1-2022-by-gulaal
KJC-LU-GUL-13283,GUL,Gulaal,LU,https://gulaal.pk/products/ariana-gl-lp-v2-12-luxury-pret-volume-2-ariana-gl-lp-v2-12
KJC-LU-GUL-13284,GUL,Gulaal,LU,https://gulaal.pk/products/aysel-gl-lp-v2-11-luxury-pret-volume-2-aysel-gl-lp-v2-11
KJC-LU-GUL-13285,GUL,Gulaal,LU,https://gulaal.pk/products/liana-gl-lp-v2-17-luxury-pret-volume-2-liana-gl-lp-v2-17
KJC-LU-GUL-13286,GUL,Gulaal,LU,https://gulaal.pk/products/samara-gl-lp-v2-16-luxury-pret-volume-2-samara-gl-lp-v2-16
KJC-LU-GUL-13287,GUL,Gulaal,LU,https://gulaal.pk/products/sabela-gl-lp-v2-15-luxury-pret-volume-2-by-gulaal-sabela-gl-lp-v2-15
KJC-LU-GUL-13288,GUL,Gulaal,LU,https://gulaal.pk/products/aurora-gl-lp-v2-18-luxury-pret-volume-2-by-gulaal-aurora-gl-lp-v2-18
KJC-LU-GUL-13289,GUL,Gulaal,LU,https://gulaal.pk/products/almendra-gl-ec-24v2-05
KJC-LU-GUL-13290,GUL,Gulaal,LU,https://gulaal.pk/products/izar-gl-lp-24v2-36
KJC-LU-GUL-13291,GUL,Gulaal,LU,https://gulaal.pk/products/eileen
KJC-LU-GUL-13292,GUL,Gulaal,LU,https://gulaal.pk/products/sofiya
KJC-LU-GUL-13293,GUL,Gulaal,LU,https://gulaal.pk/products/evaa
KJC-LU-GUL-13294,GUL,Gulaal,LU,https://gulaal.pk/products/jinaan
KJC-LU-GUL-13295,GUL,Gulaal,LU,https://gulaal.pk/products/niaa
KJC-LU-GUL-13296,GUL,Gulaal,LU,https://gulaal.pk/products/julian
KJC-LU-GUL-13297,GUL,Gulaal,LU,https://gulaal.pk/products/gianna
KJC-LU-GUL-13298,GUL,Gulaal,LU,https://gulaal.pk/products/roselle
KJC-LU-GUL-13299,GUL,Gulaal,LU,https://gulaal.pk/products/lisse
KJC-LU-GUL-13300,GUL,Gulaal,LU,https://gulaal.pk/products/elia
KJC-LU-GUL-13301,GUL,Gulaal,LU,https://gulaal.pk/products/etta
KJC-LU-GUL-13302,GUL,Gulaal,LU,https://gulaal.pk/products/noa
KJC-LU-GUL-13303,GUL,Gulaal,LU,https://gulaal.pk/products/aina
KJC-LU-GUL-13304,GUL,Gulaal,LU,https://gulaal.pk/products/iyla
KJC-LU-GUL-13305,GUL,Gulaal,LU,https://gulaal.pk/products/aeva
KJC-LU-GUL-13306,GUL,Gulaal,LU,https://gulaal.pk/products/areeman
KJC-LU-GUL-13307,GUL,Gulaal,LU,https://gulaal.pk/products/aysana
KJC-LU-GUL-13308,GUL,Gulaal,LU,https://gulaal.pk/products/jahari
KJC-LU-GUL-13309,GUL,Gulaal,LU,https://gulaal.pk/products/sera
KJC-LU-GUL-13310,GUL,Gulaal,LU,https://gulaal.pk/products/raeha
KJC-LU-GUL-13311,GUL,Gulaal,LU,https://gulaal.pk/products/solin
KJC-LU-GUL-13312,GUL,Gulaal,LU,https://gulaal.pk/products/evara-gl-ec-24v2-03
KJC-LU-GUL-13313,GUL,Gulaal,LU,https://gulaal.pk/products/aysa-gl-ec-23v1-07-embroidered-chiffon-2023-volume-1-by-gulaal
KJC-LU-GUL-13314,GUL,Gulaal,LU,https://gulaal.pk/products/royale-gl-ec-23v1-01-embroidered-chiffon-2023-volume-1-by-gulaal
KJC-LU-GUL-13315,GUL,Gulaal,LU,https://gulaal.pk/products/calypso-gl-ec-23v1-05-embroidered-chiffon-2023-volume-1-by-gulaal
KJC-LU-GUL-13316,GUL,Gulaal,LU,https://gulaal.pk/products/roheen-gl-ec-23v1-04-embroidered-chiffon-2023-volume-1-by-gulaal
KJC-LU-GUL-13317,GUL,Gulaal,LU,https://gulaal.pk/products/lumeva
KJC-LU-GUL-13318,GUL,Gulaal,LU,https://gulaal.pk/products/ismer
KJC-LU-GUL-13319,GUL,Gulaal,LU,https://gulaal.pk/products/selvara
KJC-LU-GUL-13320,GUL,Gulaal,LU,https://gulaal.pk/products/milica-gl-lp-22v1-04-luxury-volume-1-2022-by-gulaal
KJC-LU-GUL-13321,GUL,Gulaal,LU,https://gulaal.pk/products/estirah-gl-lp-22v1-02-luxury-volume-1-2022-by-gulaal
KJC-LU-GUL-13322,GUL,Gulaal,LU,https://gulaal.pk/products/orissa-gl-lp-22v1-03-luxury-volume-1-2022-by-gulaal
KJC-LU-GUL-13323,GUL,Gulaal,LU,https://gulaal.pk/products/warina-gl-lp-22v1-05-luxury-volume-1-2022-by-gulaal
KJC-LU-GUL-13324,GUL,Gulaal,LU,https://gulaal.pk/products/charlotte-gl-lp-24v1-24
KJC-LU-GUL-13325,GUL,Gulaal,LU,https://gulaal.pk/products/aethira-gl-lp-22v1-01-luxury-volume-1-2022-by-gulaal
KJC-LU-GUL-13326,GUL,Gulaal,LU,https://gulaal.pk/products/siara-gl-lp-24v2-29
KJC-LU-GUL-13327,GUL,Gulaal,LU,https://gulaal.pk/products/adelia
KJC-LU-GUL-13328,GUL,Gulaal,LU,https://gulaal.pk/products/maryse-gl-lp-24v1-23
KJC-LU-GUL-13329,GUL,Gulaal,LU,https://gulaal.pk/products/zeva-gl-lp-24v2-34
KJC-LU-GUL-13330,GUL,Gulaal,LU,https://gulaal.pk/products/karine
KJC-LU-GUL-13331,GUL,Gulaal,LU,https://gulaal.pk/products/ciel-gl-lp-24v2-28
KJC-LU-GUL-13332,GUL,Gulaal,LU,https://gulaal.pk/products/naimaah-gl-lp-22v1-07-luxury-volume-1-2022-by-gulaal
KJC-LU-GUL-13333,GUL,Gulaal,LU,https://gulaal.pk/products/valentina-gl-lp-24v1-20
KJC-LU-GUL-13334,GUL,Gulaal,LU,https://gulaal.pk/products/miray-gl-lp-22v1-08-luxury-volume-1-2022-by-gulaal
KJC-LU-GUL-13335,GUL,Gulaal,LU,https://gulaal.pk/products/celia-gl-lp-24v2-30
KJC-LU-GUL-13336,GUL,Gulaal,LU,https://gulaal.pk/products/aniya-gl-lp-v2-10-luxury-pret-volume-2-aniya-gl-lp-v2-10
KJC-LU-GUL-13337,GUL,Gulaal,LU,https://gulaal.pk/products/aviana-gl-lp-24v1-25
KJC-LU-GUL-13338,GUL,Gulaal,LU,https://gulaal.pk/products/marian-gl-lp-24v1-19
KJC-LU-GUL-13339,GUL,Gulaal,LU,https://gulaal.pk/products/zaina
KJC-LU-GUL-13340,GUL,Gulaal,LU,https://gulaal.pk/products/stella-gl-lp-v2-13-luxury-pret-volume-2-by-gulaal-stella-gl-lp-v2-13
KJC-LU-GUL-13341,GUL,Gulaal,LU,https://gulaal.pk/products/rochelle-gl-lp-24v1-21
KJC-LU-GUL-13342,GUL,Gulaal,LU,https://gulaal.pk/products/zimria
KJC-LU-GUL-13343,GUL,Gulaal,LU,https://gulaal.pk/products/kalisa-gl-lp-24v2-27
KJC-LU-GUL-13344,GUL,Gulaal,LU,https://gulaal.pk/products/azrina-gl-lp-24v2-33
KJC-LU-GUL-13345,GUL,Gulaal,LU,https://gulaal.pk/products/emilia-gl-lp-v2-14-luxury-pret-volume-2-by-gulaal-emilia-gl-lp-v2-14
KJC-LU-GUL-13346,GUL,Gulaal,LU,https://gulaal.pk/products/juliette-gl-lp-v2-09-luxury-pret-volume-2-by-gulaal-juliette-gl-lp-v2-09
KJC-LU-GUL-13347,GUL,Gulaal,LU,https://gulaal.pk/products/zora-gl-lp-24v2-32
KJC-LU-GUL-13348,GUL,Gulaal,LU,https://gulaal.pk/products/noura-gl-lp-24v2-35
KJC-LU-GUL-13349,GUL,Gulaal,LU,https://gulaal.pk/products/zarla-gl-lp-24v2-31
KJC-LU-GUL-13350,GUL,Gulaal,LU,https://gulaal.pk/products/inaaya-embroidered-organza-3-piece-suit-d-01-unstitched-luxury-formals-2021
KJC-LU-GUL-13351,GUL,Gulaal,LU,https://gulaal.pk/products/zareen-embroidered-net-3-piece-suit-d-06-unstitched-luxury-formals-2021
KJC-LU-GUL-13352,GUL,Gulaal,LU,https://gulaal.pk/products/aleen-gl-wu-23v1-03
KJC-LU-IZI-13353,IZI,Izinek,LU,https://iznikfashions.com/products/ue-727-pure-ramen-silk
KJC-LU-IZI-13354,IZI,Izinek,LU,https://iznikfashions.com/products/ue-728-embroidered-pure-ramen-silk
KJC-LU-IZI-13355,IZI,Izinek,LU,https://iznikfashions.com/products/ue-736-embroidered-sheesha-silk
KJC-LU-IZI-13356,IZI,Izinek,LU,https://iznikfashions.com/products/cc-104-embroidered-chiffon
KJC-LU-IZI-13357,IZI,Izinek,LU,https://iznikfashions.com/products/ue-615-textured-silk
KJC-LU-IZI-13358,IZI,Izinek,LU,https://iznikfashions.com/products/ue-695-embroidered-lawn
KJC-LU-IZI-13359,IZI,Izinek,LU,https://iznikfashions.com/products/ue-738-dyed-pure-ramen-silk
KJC-LU-IZI-13360,IZI,Izinek,LU,https://iznikfashions.com/products/ue-732-embroidered-ramen-silk
KJC-LU-IZI-13361,IZI,Izinek,LU,https://iznikfashions.com/products/ue-731-embroidered-ramen-silk
KJC-LU-IZI-13362,IZI,Izinek,LU,https://iznikfashions.com/products/cc-103-plain-chiffon
KJC-LU-IZI-13363,IZI,Izinek,LU,https://iznikfashions.com/products/el-05
KJC-LU-IZI-13364,IZI,Izinek,LU,https://iznikfashions.com/products/iv-73-embroidered-velvet
KJC-LU-IZI-13365,IZI,Izinek,LU,https://iznikfashions.com/products/ue-734-embroidered-ramen-silk
KJC-LU-IZI-13366,IZI,Izinek,LU,https://iznikfashions.com/products/ue-733-embroidered-ramen-silk
KJC-LU-IZI-13367,IZI,Izinek,LU,https://iznikfashions.com/products/ue-735-embroidered-ramen-silk
KJC-LU-IZI-13368,IZI,Izinek,LU,https://iznikfashions.com/products/ue-604-embroidered-lawn
KJC-LU-IZI-13369,IZI,Izinek,LU,https://iznikfashions.com/products/ue-257-embroidered-lawn
KJC-LU-IZI-13370,IZI,Izinek,LU,https://iznikfashions.com/products/cc-102-embroidered-chiffon
KJC-LU-IZI-13371,IZI,Izinek,LU,https://iznikfashions.com/products/ue-729-pure-dyed-ramen-silk
KJC-LU-IZI-13372,IZI,Izinek,LU,https://iznikfashions.com/products/ue-730-embroidered-ramen-silk
KJC-LU-IZI-13373,IZI,Izinek,LU,https://iznikfashions.com/products/ue-737-dyed-textured-sheesha-silk
KJC-LU-IZI-13374,IZI,Izinek,LU,https://iznikfashions.com/products/ue-689-embroidered-lawn
KJC-LU-IZI-13375,IZI,Izinek,LU,https://iznikfashions.com/products/ue-711-embroidered-lawn
KJC-LU-IZI-13376,IZI,Izinek,LU,https://iznikfashions.com/products/el-01
KJC-LU-IZI-13377,IZI,Izinek,LU,https://iznikfashions.com/products/cc-112-embroidered-chiffon
KJC-LU-IZI-13378,IZI,Izinek,LU,https://iznikfashions.com/products/ue-605-embroidered-lawn
KJC-LU-IZI-13379,IZI,Izinek,LU,https://iznikfashions.com/products/iv-62-embroidered-velvet
KJC-LU-IZI-13380,IZI,Izinek,LU,https://iznikfashions.com/products/cc-97-embroidered-chiffon
KJC-LU-IZI-13381,IZI,Izinek,LU,https://iznikfashions.com/products/ue-649-ramen-silk
KJC-LU-IZI-13382,IZI,Izinek,LU,https://iznikfashions.com/products/ue-477-embroidered-lawn
KJC-LU-IZI-13383,IZI,Izinek,LU,https://iznikfashions.com/products/cc-110-embroidered-chiffon
KJC-LU-IZI-13384,IZI,Izinek,LU,https://iznikfashions.com/products/ibe-10-embroidered-lawn
KJC-LU-IZI-13385,IZI,Izinek,LU,https://iznikfashions.com/products/ue-612-ramen-silk
KJC-LU-IZI-13386,IZI,Izinek,LU,https://iznikfashions.com/products/iv-57-embroidered-velvet
KJC-LU-IZI-13387,IZI,Izinek,LU,https://iznikfashions.com/products/ue-593-embroidered-textured-lawn
KJC-LU-IZI-13388,IZI,Izinek,LU,https://iznikfashions.com/products/ue-481-embroidered-lawn
KJC-LU-IZI-13389,IZI,Izinek,LU,https://iznikfashions.com/products/ue-654-ramen-silk
KJC-LU-IZI-13390,IZI,Izinek,LU,https://iznikfashions.com/products/ue-608-embroidered-lawn
KJC-LU-IZI-13391,IZI,Izinek,LU,https://iznikfashions.com/products/ue-701-embroidered-lawn
KJC-LU-IZI-13392,IZI,Izinek,LU,https://iznikfashions.com/products/ue-653-ramen-silk
KJC-LU-IZI-13393,IZI,Izinek,LU,https://iznikfashions.com/products/ue-596-embroidered-lawn
KJC-LU-IZI-13394,IZI,Izinek,LU,https://iznikfashions.com/products/ue-260-embroidered-lawn
KJC-LU-IZI-13395,IZI,Izinek,LU,https://iznikfashions.com/products/cc-101-embroidered-chiffon
KJC-LU-IZI-13396,IZI,Izinek,LU,https://iznikfashions.com/products/ue-599-embroidered-lawn
KJC-LU-IZI-13397,IZI,Izinek,LU,https://iznikfashions.com/products/el-06
KJC-LU-IZI-13398,IZI,Izinek,LU,https://iznikfashions.com/products/ue-655-ramen-silk
KJC-LU-IZI-13399,IZI,Izinek,LU,https://iznikfashions.com/products/ue-707-embroidered-lawn
KJC-LU-IZI-13400,IZI,Izinek,LU,https://iznikfashions.com/products/ue-602-embroidered-lawn
KJC-LU-IZI-13401,IZI,Izinek,LU,https://iznikfashions.com/products/ue-413-embroidered-chiffon
KJC-LU-IZI-13402,IZI,Izinek,LU,https://iznikfashions.com/products/ue-650-ramen-silk
KJC-LU-IZI-13403,IZI,Izinek,LU,https://iznikfashions.com/products/ue-671-printed-lawn
KJC-LU-IZI-13404,IZI,Izinek,LU,https://iznikfashions.com/products/ue-268-printed-lawn
KJC-LU-IZI-13405,IZI,Izinek,LU,https://iznikfashions.com/products/cc-91-plain-chiffon
KJC-LU-IZI-13406,IZI,Izinek,LU,https://iznikfashions.com/products/ue-670-printed-lawn
KJC-LU-IZI-13407,IZI,Izinek,LU,https://iznikfashions.com/products/cc-46-embroidered-chiffon
KJC-LU-IZI-13408,IZI,Izinek,LU,https://iznikfashions.com/products/ue-681-embroidered-lawn
KJC-LU-IZI-13409,IZI,Izinek,LU,https://iznikfashions.com/products/el-07
KJC-LU-IZI-13410,IZI,Izinek,LU,https://iznikfashions.com/products/ue-543-printed-raw-silk
KJC-LU-IZI-13411,IZI,Izinek,LU,https://iznikfashions.com/products/ife-04-embroidered-lawn
KJC-LU-IZI-13412,IZI,Izinek,LU,https://iznikfashions.com/products/ue-628-embroidered-lawn
KJC-LU-IZI-13413,IZI,Izinek,LU,https://iznikfashions.com/products/cc-78-embroidered-chiffon
KJC-LU-IZI-13414,IZI,Izinek,LU,https://iznikfashions.com/products/ipf-02-printed-linen
KJC-LU-IZI-13415,IZI,Izinek,LU,https://iznikfashions.com/products/ipf-01-embroidered-printed-linen
KJC-LU-IZI-13416,IZI,Izinek,LU,https://iznikfashions.com/products/ue-595-embroidered-lawn
KJC-LU-IZI-13417,IZI,Izinek,LU,https://iznikfashions.com/products/ue-704-printed-lawn
KJC-LU-IZI-13418,IZI,Izinek,LU,https://iznikfashions.com/products/ue-537-printed-raw-silk
KJC-LU-IZI-13419,IZI,Izinek,LU,https://iznikfashions.com/products/ss-09-embroidered-lawn
KJC-LU-IZI-13420,IZI,Izinek,LU,https://iznikfashions.com/products/cc-73-embroidered-net
KJC-LU-IZI-13421,IZI,Izinek,LU,https://iznikfashions.com/products/ibe-05-embroidered-lawn
KJC-LU-IZI-13422,IZI,Izinek,LU,https://iznikfashions.com/products/ue-662-printed-lawn
KJC-LU-IZI-13423,IZI,Izinek,LU,https://iznikfashions.com/products/ue-648-ramen-silk
KJC-LU-IZI-13424,IZI,Izinek,LU,https://iznikfashions.com/products/ss-03-embroidered-lawn
KJC-LU-IZI-13425,IZI,Izinek,LU,https://iznikfashions.com/products/el-04
KJC-LU-IZI-13426,IZI,Izinek,LU,https://iznikfashions.com/products/ue-253-embroidered-lawn
KJC-LU-IZI-13427,IZI,Izinek,LU,https://iznikfashions.com/products/ss-01-embroidered-lawn
KJC-LU-IZI-13428,IZI,Izinek,LU,https://iznikfashions.com/products/ue-512-embroidered-lawn
KJC-LU-IZI-13429,IZI,Izinek,LU,https://iznikfashions.com/products/ue-501-embroidered-lawn
KJC-LU-IZI-13430,IZI,Izinek,LU,https://iznikfashions.com/products/ue-673-printed-lawn
KJC-LU-IZI-13431,IZI,Izinek,LU,https://iznikfashions.com/products/ue-515
KJC-LU-IZI-13432,IZI,Izinek,LU,https://iznikfashions.com/products/ss-06-embroidered-lawn
KJC-LU-IZI-13433,IZI,Izinek,LU,https://iznikfashions.com/products/ss-07-embroidered-lawn
KJC-LU-IZI-13434,IZI,Izinek,LU,https://iznikfashions.com/products/ue-637-printed-lawn
KJC-LU-IZI-13435,IZI,Izinek,LU,https://iznikfashions.com/products/ue-646-printed-lawn
KJC-LU-IZI-13436,IZI,Izinek,LU,https://iznikfashions.com/products/ue-402-printed-lawn
KJC-LU-IZI-13437,IZI,Izinek,LU,https://iznikfashions.com/products/ue-626-embroidered-lawn
KJC-LU-IZI-13438,IZI,Izinek,LU,https://iznikfashions.com/products/ue-683-embroidered-lawn
KJC-LU-IZI-13439,IZI,Izinek,LU,https://iznikfashions.com/products/ue-627-embroidered-lawn
KJC-LU-IZI-13440,IZI,Izinek,LU,https://iznikfashions.com/products/ue-714-printed-lawn
KJC-LU-IZI-13441,IZI,Izinek,LU,https://iznikfashions.com/products/ue-332-embroidered-chiffon
KJC-LU-IZI-13442,IZI,Izinek,LU,https://iznikfashions.com/products/ue-446-borer-embroidered-printed-lawn
KJC-LU-IZI-13443,IZI,Izinek,LU,https://iznikfashions.com/products/ue-496-printed-lawn
KJC-LU-IZI-13444,IZI,Izinek,LU,https://iznikfashions.com/products/cc-93-embroidered-chiffon
KJC-LU-IZI-13445,IZI,Izinek,LU,https://iznikfashions.com/products/ue-473-embroidered-lawn
KJC-LU-IZI-13446,IZI,Izinek,LU,https://iznikfashions.com/products/el-09
KJC-LU-IZI-13447,IZI,Izinek,LU,https://iznikfashions.com/products/ue-696-embroidered-lawn
KJC-LU-IZI-13448,IZI,Izinek,LU,https://iznikfashions.com/products/ue-688-embroidered-lawn
KJC-LU-IZI-13449,IZI,Izinek,LU,https://iznikfashions.com/products/ue-270-printed-lawn
KJC-LU-IZI-13450,IZI,Izinek,LU,https://iznikfashions.com/products/ue-691-embroidered-lawn
KJC-LU-IZI-13451,IZI,Izinek,LU,https://iznikfashions.com/products/ue-638-printed-lawn
KJC-LU-IZI-13452,IZI,Izinek,LU,https://iznikfashions.com/products/ue-500-printed-lawn
KJC-LU-IZI-13453,IZI,Izinek,LU,https://iznikfashions.com/products/ue-510-printed-lawn
KJC-LU-IZI-13454,IZI,Izinek,LU,https://iznikfashions.com/products/cc-96-plain-chiffon
KJC-LU-IZI-13455,IZI,Izinek,LU,https://iznikfashions.com/products/ue-713-printed-lawn
KJC-LU-IZI-13456,IZI,Izinek,LU,https://iznikfashions.com/products/ue-698-embroidered-lawn
KJC-LU-IZI-13457,IZI,Izinek,LU,https://iznikfashions.com/products/ue-644-printed-lawn
KJC-LU-IZI-13458,IZI,Izinek,LU,https://iznikfashions.com/products/ue-594-embroidered-lawn
KJC-LU-IZI-13459,IZI,Izinek,LU,https://iznikfashions.com/products/ue-469-printed-lawn
KJC-LU-IZI-13460,IZI,Izinek,LU,https://iznikfashions.com/products/ue-703-embroidered-lawn
KJC-LU-IZI-13461,IZI,Izinek,LU,https://iznikfashions.com/products/ibe-08-embroidered-lawn
KJC-LU-IZI-13462,IZI,Izinek,LU,https://iznikfashions.com/products/cc-108-embroidered-chiffon
KJC-LU-IZI-13463,IZI,Izinek,LU,https://iznikfashions.com/products/ue-287-embroidered-net
KJC-LU-IZI-13464,IZI,Izinek,LU,https://iznikfashions.com/products/ue-483-embroidered-lawn
KJC-LU-IZI-13465,IZI,Izinek,LU,https://iznikfashions.com/products/ue-277-printed-lawn
KJC-LU-IZI-13466,IZI,Izinek,LU,https://iznikfashions.com/products/cc-113-embroidered-chiffon
KJC-LU-IZI-13467,IZI,Izinek,LU,https://iznikfashions.com/products/ue-705-printed-lawn
KJC-LU-IZI-13468,IZI,Izinek,LU,https://iznikfashions.com/products/ibe-02-embroidered-lawn
KJC-LU-IZI-13469,IZI,Izinek,LU,https://iznikfashions.com/products/ue-686-embroidered-lawn
KJC-LU-IZI-13470,IZI,Izinek,LU,https://iznikfashions.com/products/cc-94-embroidered-chiffon
KJC-LU-IZI-13471,IZI,Izinek,LU,https://iznikfashions.com/products/ue-641-printed-lawn
KJC-LU-IZI-13472,IZI,Izinek,LU,https://iznikfashions.com/products/ue-680-embroidered-lawn
KJC-LU-IZI-13473,IZI,Izinek,LU,https://iznikfashions.com/products/ue-542-printed-raw-silk
KJC-LU-IZI-13474,IZI,Izinek,LU,https://iznikfashions.com/products/el-12
KJC-LU-IZI-13475,IZI,Izinek,LU,https://iznikfashions.com/products/ibe-12-embroidered-lawn
KJC-LU-IZI-13476,IZI,Izinek,LU,https://iznikfashions.com/products/cc-98-embroidered-chiffon
KJC-LU-IZI-13477,IZI,Izinek,LU,https://iznikfashions.com/products/cc-111-embroidered-chiffon
KJC-LU-IZI-13478,IZI,Izinek,LU,https://iznikfashions.com/products/ue-682-embroidered-lawn
KJC-LU-IZI-13479,IZI,Izinek,LU,https://iznikfashions.com/products/ibe-03-embroidered-lawn
KJC-LU-IZI-13480,IZI,Izinek,LU,https://iznikfashions.com/products/ue-603-embroidered-lawn
KJC-LU-IZI-13481,IZI,Izinek,LU,https://iznikfashions.com/products/ue-490-printed-lawn
KJC-LU-IZI-13482,IZI,Izinek,LU,https://iznikfashions.com/products/cc-70-embroidered-chiffon
KJC-LU-IZI-13483,IZI,Izinek,LU,https://iznikfashions.com/products/ue-697-embroidered-lawn
KJC-LU-IZI-13484,IZI,Izinek,LU,https://iznikfashions.com/products/ue-610-embroidered-lawn
KJC-LU-IZI-13485,IZI,Izinek,LU,https://iznikfashions.com/products/ue-601-embroidered-lawn
KJC-LU-IZI-13486,IZI,Izinek,LU,https://iznikfashions.com/products/ue-614-embroidered-ramen-silk
KJC-LU-IZI-13487,IZI,Izinek,LU,https://iznikfashions.com/products/ue-661-printed-lawn
KJC-LU-IZI-13488,IZI,Izinek,LU,https://iznikfashions.com/products/ue-677-printed-lawn
KJC-LU-IZI-13489,IZI,Izinek,LU,https://iznikfashions.com/products/ue-668-printed-lawn
KJC-LU-IZI-13490,IZI,Izinek,LU,https://iznikfashions.com/products/ue-538-printed-raw-silk
KJC-LU-IZI-13491,IZI,Izinek,LU,https://iznikfashions.com/products/ue-508-printed-lawn
KJC-LU-IZI-13492,IZI,Izinek,LU,https://iznikfashions.com/products/ue-278
KJC-LU-IZI-13493,IZI,Izinek,LU,https://iznikfashions.com/products/ue-651-ramen-silk
KJC-LU-IZI-13494,IZI,Izinek,LU,https://iznikfashions.com/products/ss-11-embroidered-lawn
KJC-LU-IZI-13495,IZI,Izinek,LU,https://iznikfashions.com/products/cc-95-embroidered-chiffon
KJC-LU-IZI-13496,IZI,Izinek,LU,https://iznikfashions.com/products/cc-105-embroidered-chiffon
KJC-LU-IZI-13497,IZI,Izinek,LU,https://iznikfashions.com/products/ue-506-embroidered-lawn
KJC-LU-IZI-13498,IZI,Izinek,LU,https://iznikfashions.com/products/ife-01-embroidered-lawn
KJC-LU-IZI-13499,IZI,Izinek,LU,https://iznikfashions.com/products/ue-669-printed-lawn
KJC-LU-IZI-13500,IZI,Izinek,LU,https://iznikfashions.com/products/ue-606-embroidered-lawn
KJC-LU-IZI-13501,IZI,Izinek,LU,https://iznikfashions.com/products/ue-663-printed-lawn
KJC-LU-IZI-13502,IZI,Izinek,LU,https://iznikfashions.com/products/ue-600-texture-lawn
KJC-LU-IZI-13503,IZI,Izinek,LU,https://iznikfashions.com/products/ue-617-sheesha-silk
KJC-LU-IZI-13504,IZI,Izinek,LU,https://iznikfashions.com/products/cc-58-embroidered-chiffon
KJC-LU-IZI-13505,IZI,Izinek,LU,https://iznikfashions.com/products/ue-295-embroidered-net
KJC-LU-IZI-13506,IZI,Izinek,LU,https://iznikfashions.com/products/ue-710-printed-lawn
KJC-LU-IZI-13507,IZI,Izinek,LU,https://iznikfashions.com/products/cc-99-embroidered-chiffon
KJC-LU-IZI-13508,IZI,Izinek,LU,https://iznikfashions.com/products/cc-107-embroidered-chiffon
KJC-LU-IZI-13509,IZI,Izinek,LU,https://iznikfashions.com/products/ue-702-embroidered-lawn
KJC-LU-IZI-13510,IZI,Izinek,LU,https://iznikfashions.com/products/ue-613-ramen-silk
KJC-LU-IZI-13511,IZI,Izinek,LU,https://iznikfashions.com/products/cc-90-plain-chiffon
KJC-LU-IZI-13512,IZI,Izinek,LU,https://iznikfashions.com/products/ue-700-embroidered-lawn
KJC-LU-IZI-13513,IZI,Izinek,LU,https://iznikfashions.com/products/ue-667-printed-lawn
KJC-LU-IZI-13514,IZI,Izinek,LU,https://iznikfashions.com/products/ue-454-printed-lawn
KJC-LU-IZI-13515,IZI,Izinek,LU,https://iznikfashions.com/products/ue-709-embroidered-lawn
KJC-LU-IZI-13516,IZI,Izinek,LU,https://iznikfashions.com/products/ue-643-printed-lawn
KJC-LU-IZI-13517,IZI,Izinek,LU,https://iznikfashions.com/products/ue-693-embroidered-lawn
KJC-LU-IZI-13518,IZI,Izinek,LU,https://iznikfashions.com/products/ue-620-embroidered-chiffon
KJC-LU-IZI-13519,IZI,Izinek,LU,https://iznikfashions.com/products/ue-645-printed-lawn
KJC-LU-IZI-13520,IZI,Izinek,LU,https://iznikfashions.com/products/ue-692-embroidered-lawn
KJC-LU-IZI-13521,IZI,Izinek,LU,https://iznikfashions.com/products/ue-699-embroidered-lawn
KJC-LU-IZI-13522,IZI,Izinek,LU,https://iznikfashions.com/products/cc-64-embroidered-net
KJC-LU-IZI-13523,IZI,Izinek,LU,https://iznikfashions.com/products/cc-109-embroidered-chiffon
KJC-LU-IZI-13524,IZI,Izinek,LU,https://iznikfashions.com/products/cc-106-embroidered-chiffon
KJC-LU-IZI-13525,IZI,Izinek,LU,https://iznikfashions.com/products/ue-420-textured-lawn
KJC-LU-IZI-13526,IZI,Izinek,LU,https://iznikfashions.com/products/ss-08-embroidered-lawn
KJC-LU-IZI-13527,IZI,Izinek,LU,https://iznikfashions.com/products/ue-546-embroidered-chiffon
KJC-LU-IZI-13528,IZI,Izinek,LU,https://iznikfashions.com/products/ue-636-printed-lawn
KJC-LU-JHO-13529,JHO,Jhora,LU,https://johra.pk/products/jh-244
KJC-LU-JHO-13530,JHO,Jhora,LU,https://johra.pk/products/jh-146
KJC-LU-JHO-13531,JHO,Jhora,LU,https://johra.pk/products/jh-162
KJC-LU-JHO-13532,JHO,Jhora,LU,https://johra.pk/products/jh-290
KJC-LU-JHO-13533,JHO,Jhora,LU,https://johra.pk/products/jh-492
KJC-LU-JHO-13534,JHO,Jhora,LU,https://johra.pk/products/jh-172
KJC-LU-JHO-13535,JHO,Jhora,LU,https://johra.pk/products/jh-948
KJC-LU-JHO-13536,JHO,Jhora,LU,https://johra.pk/products/jh-486
KJC-LU-JHO-13537,JHO,Jhora,LU,https://johra.pk/products/jh-183
KJC-LU-JHO-13538,JHO,Jhora,LU,https://johra.pk/products/jh-448
KJC-LU-JHO-13539,JHO,Jhora,LU,https://johra.pk/products/jh-161
KJC-LU-JHO-13540,JHO,Jhora,LU,https://johra.pk/products/jh-12
KJC-LU-JHO-13541,JHO,Jhora,LU,https://johra.pk/products/jh-451
KJC-LU-JHO-13542,JHO,Jhora,LU,https://johra.pk/products/jh-237
KJC-LU-JHO-13543,JHO,Jhora,LU,https://johra.pk/products/jh-55
KJC-LU-JHO-13544,JHO,Jhora,LU,https://johra.pk/products/jh-934
KJC-LU-JHO-13545,JHO,Jhora,LU,https://johra.pk/products/jh-519
KJC-LU-JHO-13546,JHO,Jhora,LU,https://johra.pk/products/jh-17
KJC-LU-JHO-13547,JHO,Jhora,LU,https://johra.pk/products/jh-387
KJC-LU-JHO-13548,JHO,Jhora,LU,https://johra.pk/products/jh-54
KJC-LU-JHO-13549,JHO,Jhora,LU,https://johra.pk/products/jh-355
KJC-LU-JHO-13550,JHO,Jhora,LU,https://johra.pk/products/jh-615
KJC-LU-JHO-13551,JHO,Jhora,LU,https://johra.pk/products/jh-616
KJC-LU-JHO-13552,JHO,Jhora,LU,https://johra.pk/products/jh-625
KJC-LU-JHO-13553,JHO,Jhora,LU,https://johra.pk/products/jh-631
KJC-LU-LAK-13554,LAK,Lakhanee,LU,https://lakhanyonline.com/products/02-piece-unstitched-printed-lawn-with-chiffon-dupatta-1
KJC-LU-LAK-13555,LAK,Lakhanee,LU,https://lakhanyonline.com/products/02-piece-unstitched-printed-lawn-with-chiffon-dupatta-3
KJC-LU-LAK-13556,LAK,Lakhanee,LU,https://lakhanyonline.com/products/02-piece-unstitched-printed-lawn-with-chiffon-dupatta-4
KJC-LU-LAK-13557,LAK,Lakhanee,LU,https://lakhanyonline.com/products/02-piece-unstitched-printed-lawn-with-chiffon-dupatta-2
KJC-LU-LAK-13558,LAK,Lakhanee,LU,https://lakhanyonline.com/products/02-piece-unstitched-printed-lawn-with-chiffon-dupatta-5
KJC-LU-LAK-13559,LAK,Lakhanee,LU,https://lakhanyonline.com/products/02-piece-unstitched-printed-lawn-with-chiffon-dupatta
KJC-LU-LAK-13560,LAK,Lakhanee,LU,https://lakhanyonline.com/products/02-piece-unstitched-embroidered-jacquard-shirt-trouser
KJC-LU-LAK-13561,LAK,Lakhanee,LU,https://lakhanyonline.com/products/02-piece-unstitched-khaddar-embroidered-shirt-trouser-2
KJC-LU-LAK-13562,LAK,Lakhanee,LU,https://lakhanyonline.com/products/02-piece-unstitched-embroidered-textured-wool-shirt-trouser-1
KJC-LU-LAK-13563,LAK,Lakhanee,LU,https://lakhanyonline.com/products/02-piece-unstitched-khaddar-embroidered-shirt-trouser-1
KJC-LU-LAK-13564,LAK,Lakhanee,LU,https://lakhanyonline.com/products/02-piece-unstitched-embroidered-textured-wool-shirt-trouser
KJC-LU-LAK-13565,LAK,Lakhanee,LU,https://lakhanyonline.com/products/02-piece-unstitched-embroidered-jacquard-shirt-trouser-1
KJC-LU-LAK-13566,LAK,Lakhanee,LU,https://lakhanyonline.com/products/02-piece-unstitched-khaddar-embroidered-shirt-trouser-3
KJC-LU-LAK-13567,LAK,Lakhanee,LU,https://lakhanyonline.com/products/02-piece-unstitched-khaddar-embroidered-shirt-trouser
KJC-LU-LAK-13568,LAK,Lakhanee,LU,https://lakhanyonline.com/products/02-piece-unstitched-embroidered-textured-wool-shirt-trouser-2
KJC-LU-LAK-13569,LAK,Lakhanee,LU,https://lakhanyonline.com/products/02-piece-unstitched-embroidered-textured-wool-shirt-trouser-3
KJC-LU-LAK-13570,LAK,Lakhanee,LU,https://lakhanyonline.com/products/lsm-t-0025-uns-t
KJC-LU-LAK-13571,LAK,Lakhanee,LU,https://lakhanyonline.com/products/03-piece-unstitched-printed-embroidered-komal-lawn-27
KJC-LU-LAK-13572,LAK,Lakhanee,LU,https://lakhanyonline.com/products/03-piece-unstitched-printed-embroidered-komal-lawn-29
KJC-LU-LAK-13573,LAK,Lakhanee,LU,https://lakhanyonline.com/products/03-piece-unstitched-printed-embroidered-komal-lawn-30
KJC-LU-LAK-13574,LAK,Lakhanee,LU,https://lakhanyonline.com/products/03-piece-unstitched-printed-embroidered-komal-lawn-31
KJC-LU-LAK-13575,LAK,Lakhanee,LU,https://lakhanyonline.com/products/03-piece-unstitched-printed-embroidered-komal-lawn-32
KJC-LU-LAK-13576,LAK,Lakhanee,LU,https://lakhanyonline.com/products/03-piece-unstitched-printed-embroidered-komal-lawn-33
KJC-LU-LAK-13577,LAK,Lakhanee,LU,https://lakhanyonline.com/products/02-piece-unstitched-embroidered-with-shirt-trouser-19
KJC-LU-LAK-13578,LAK,Lakhanee,LU,https://lakhanyonline.com/products/02-piece-unstitched-embroidered-with-shirt-trouser-20
KJC-LU-LAK-13579,LAK,Lakhanee,LU,https://lakhanyonline.com/products/03-piece-unstitched-monochrome-dyed-embroidered-with-embroidered-chiffon-dupatta
KJC-LU-LAK-13580,LAK,Lakhanee,LU,https://lakhanyonline.com/products/03-piece-unstitched-monochrome-dyed-embroidered-with-embroidered-chiffon-dupatta-1
KJC-LU-LAK-13581,LAK,Lakhanee,LU,https://lakhanyonline.com/products/03-piece-unstitched-monochrome-dyed-embroidered-with-embroidered-chiffon-dupatta-2
KJC-LU-LAK-13582,LAK,Lakhanee,LU,https://lakhanyonline.com/products/03-piece-unstitched-monochrome-dyed-embroidered-with-embroidered-chiffon-dupatta-3
KJC-LU-LAK-13583,LAK,Lakhanee,LU,https://lakhanyonline.com/products/03-piece-unstitched-monochrome-dyed-embroidered-with-embroidered-chiffon-dupatta-4
KJC-LU-LAK-13584,LAK,Lakhanee,LU,https://lakhanyonline.com/products/03-piece-unstitched-printed-embroidered-with-printed-chiffon-dupatta
KJC-LU-LAK-13585,LAK,Lakhanee,LU,https://lakhanyonline.com/products/03-piece-unstitched-printed-embroidered-with-printed-chiffon-dupatta-1
KJC-LU-LAK-13586,LAK,Lakhanee,LU,https://lakhanyonline.com/products/03-piece-unstitched-printed-embroidered-with-printed-chiffon-dupatta-2
KJC-LU-LAK-13587,LAK,Lakhanee,LU,https://lakhanyonline.com/products/03-piece-unstitched-printed-embroidered-with-printed-chiffon-dupatta-3
KJC-LU-LAK-13588,LAK,Lakhanee,LU,https://lakhanyonline.com/products/03-piece-unstitched-printed-embroidered-with-printed-chiffon-dupatta-4
KJC-LU-LAK-13589,LAK,Lakhanee,LU,https://lakhanyonline.com/products/03-piece-unstitched-printed-embroidered-with-printed-chiffon-dupatta-5
KJC-LU-LAK-13590,LAK,Lakhanee,LU,https://lakhanyonline.com/products/03-piece-unstitched-monochrome-dyed-embroidered-with-embroidered-lawn-dupatta
KJC-LU-LAK-13591,LAK,Lakhanee,LU,https://lakhanyonline.com/products/03-piece-unstitched-monochrome-dyed-embroidered-with-embroidered-lawn-dupatta-1
KJC-LU-LAK-13592,LAK,Lakhanee,LU,https://lakhanyonline.com/products/03-piece-unstitched-monochrome-dyed-embroidered-with-embroidered-lawn-dupatta-2
KJC-LU-LAK-13593,LAK,Lakhanee,LU,https://lakhanyonline.com/products/03-piece-unstitched-embroidered-festive-eid-collection-1
KJC-LU-LAK-13594,LAK,Lakhanee,LU,https://lakhanyonline.com/products/03-piece-unstitched-monochrome-dyed-embroidered-with-embroidered-lawn-dupatta-3
KJC-LU-LAK-13595,LAK,Lakhanee,LU,https://lakhanyonline.com/products/03-piece-unstitched-printed-embroidered-with-printed-lawn-dupatta-18
KJC-LU-LAK-13596,LAK,Lakhanee,LU,https://lakhanyonline.com/products/03-piece-unstitched-embroidered-chikankari-2
KJC-LU-LAK-13597,LAK,Lakhanee,LU,https://lakhanyonline.com/products/03-piece-unstitched-dyed-embroidered-with-printed-chiffon-dupatta
KJC-LU-LAK-13598,LAK,Lakhanee,LU,https://lakhanyonline.com/products/03-piece-unstitched-dyed-embroidered-with-printed-chiffon-dupatta-1
KJC-LU-LAK-13599,LAK,Lakhanee,LU,https://lakhanyonline.com/products/03-piece-unstitched-dyed-embroidered-with-printed-chiffon-dupatta-copy
KJC-LU-LAK-13600,LAK,Lakhanee,LU,https://lakhanyonline.com/products/03-piece-unstitched-dyed-embroidered-with-printed-chiffon-dupatta-2
KJC-LU-LAK-13601,LAK,Lakhanee,LU,https://lakhanyonline.com/products/03-piece-unstitched-dyed-embroidered-with-printed-chiffon-dupatta-3
KJC-LU-LAK-13602,LAK,Lakhanee,LU,https://lakhanyonline.com/products/02-piece-unstitched-printed-embroidered-with-shirt-trouser
KJC-LU-LAK-13603,LAK,Lakhanee,LU,https://lakhanyonline.com/products/02-piece-unstitched-printed-embroidered-with-shirt-trouser-1
KJC-LU-LAK-13604,LAK,Lakhanee,LU,https://lakhanyonline.com/products/02-piece-unstitched-printed-embroidered-with-shirt-trouser-2
KJC-LU-LAK-13605,LAK,Lakhanee,LU,https://lakhanyonline.com/products/02-piece-unstitched-printed-embroidered-with-shirt-trouser-3
KJC-LU-LAK-13606,LAK,Lakhanee,LU,https://lakhanyonline.com/products/02-piece-unstitched-printed-embroidered-with-shirt-trouser-5
KJC-LU-LAK-13607,LAK,Lakhanee,LU,https://lakhanyonline.com/products/02-piece-unstitched-printed-embroidered-with-shirt-trouser-6
KJC-LU-LAK-13608,LAK,Lakhanee,LU,https://lakhanyonline.com/products/02-piece-unstitched-printed-embroidered-with-shirt-trouser-7
KJC-LU-LAK-13609,LAK,Lakhanee,LU,https://lakhanyonline.com/products/02-piece-unstitched-printed-embroidered-with-shirt-trouser-8
KJC-LU-LAK-13610,LAK,Lakhanee,LU,https://lakhanyonline.com/products/03-piece-unstitched-printed-embroidered-with-printed-lawn-dupatta-10
KJC-LU-LAK-13611,LAK,Lakhanee,LU,https://lakhanyonline.com/products/03-piece-unstitched-printed-embroidered-with-printed-lawn-dupatta-12
KJC-LU-LAK-13612,LAK,Lakhanee,LU,https://lakhanyonline.com/products/03-piece-unstitched-dyed-embroidered-with-printed-lawn-dupatta-5
KJC-LU-LAK-13613,LAK,Lakhanee,LU,https://lakhanyonline.com/products/03-piece-unstitched-printed-embroidered-with-printed-lawn-dupatta-16
KJC-LU-LAK-13614,LAK,Lakhanee,LU,https://lakhanyonline.com/products/02-piece-unstitched-embroidered-shirt-with-trouser
KJC-LU-LAK-13615,LAK,Lakhanee,LU,https://lakhanyonline.com/products/02-piece-unstitched-embroidered-shirt-with-trouser-1
KJC-LU-LAK-13616,LAK,Lakhanee,LU,https://lakhanyonline.com/products/02-piece-unstitched-embroidered-shirt-with-trouser-2
KJC-LU-LAK-13617,LAK,Lakhanee,LU,https://lakhanyonline.com/products/02-piece-unstitched-embroidered-shirt-with-trouser-3
KJC-LU-LAK-13618,LAK,Lakhanee,LU,https://lakhanyonline.com/products/02-piece-unstitched-embroidered-shirt-with-trouser-6
KJC-LU-LAK-13619,LAK,Lakhanee,LU,https://lakhanyonline.com/products/02-piece-unstitched-embroidered-shirt-with-trouser-7
KJC-LU-LAK-13620,LAK,Lakhanee,LU,https://lakhanyonline.com/products/03-piece-unstitched-dyed-embroidered-with-printed-lawn-dupatta-4
KJC-LU-LAK-13621,LAK,Lakhanee,LU,https://lakhanyonline.com/products/03-piece-unstitched-embroidered-festive-eid-collection
KJC-LU-LAK-13622,LAK,Lakhanee,LU,https://lakhanyonline.com/products/03-piece-unstitched-embroidered-festive-eid-collection-2
KJC-LU-LAK-13623,LAK,Lakhanee,LU,https://lakhanyonline.com/products/03-piece-unstitched-embroidered-festive-eid-collection-3
KJC-LU-LAK-13624,LAK,Lakhanee,LU,https://lakhanyonline.com/products/03-piece-unstitched-embroidered-festive-eid-collection-4
KJC-LU-LAK-13625,LAK,Lakhanee,LU,https://lakhanyonline.com/products/03-piece-unstitched-embroidered-with-cutwork-embroidered-chiffon-dupatta
KJC-LU-LAK-13626,LAK,Lakhanee,LU,https://lakhanyonline.com/products/03-piece-unstitched-embroidered-with-cutwork-embroidered-chiffon-dupatta-2
KJC-LU-LAK-13627,LAK,Lakhanee,LU,https://lakhanyonline.com/products/03-piece-unstitched-embroidered-with-cutwork-embroidered-chiffon-dupatta-4
KJC-LU-LAK-13628,LAK,Lakhanee,LU,https://lakhanyonline.com/products/03-piece-unstitched-embroidered-essentials-with-printed-chiffon-dupatta
KJC-LU-LAK-13629,LAK,Lakhanee,LU,https://lakhanyonline.com/products/03-piece-unstitched-embroidered-with-printed-chiffon-dupatta-1
KJC-LU-LAK-13630,LAK,Lakhanee,LU,https://lakhanyonline.com/products/03-piece-unstitched-printed-embroidered-komal-lawn-26
KJC-LU-LAK-13631,LAK,Lakhanee,LU,https://lakhanyonline.com/products/03-piece-unstitched-printed-embroidered-komal-lawn-25
KJC-LU-LAK-13632,LAK,Lakhanee,LU,https://lakhanyonline.com/products/03-piece-unstitched-embroidered-with-printed-chiffon-dupatta-2
KJC-LU-LAK-13633,LAK,Lakhanee,LU,https://lakhanyonline.com/products/03-piece-unstitched-embroidered-with-printed-chiffon-dupatta-3
KJC-LU-LAK-13634,LAK,Lakhanee,LU,https://lakhanyonline.com/products/03-piece-unstitched-embroidered-with-printed-chiffon-dupatta-4
KJC-LU-LAK-13635,LAK,Lakhanee,LU,https://lakhanyonline.com/products/03-piece-unstitched-embroidered-with-printed-chiffon-dupatta-5
KJC-LU-LAK-13636,LAK,Lakhanee,LU,https://lakhanyonline.com/products/03-piece-unstitched-embroidered-fancy-jacquard-peach-with-velvet
KJC-LU-LAK-13637,LAK,Lakhanee,LU,https://lakhanyonline.com/products/03-piece-unstitched-embroidered-fancy-jacquard-peach-with-velvet-1
KJC-LU-LAK-13638,LAK,Lakhanee,LU,https://lakhanyonline.com/products/03-piece-unstitched-embroidered-fancy-jacquard-peach-with-velvet-2
KJC-LU-LAK-13639,LAK,Lakhanee,LU,https://lakhanyonline.com/products/03-piece-unstitched-embroidered-fancy-jacquard-peach-with-velvet-4
KJC-LU-LAK-13640,LAK,Lakhanee,LU,https://lakhanyonline.com/products/03-piece-unstitched-embroidered-fancy-jacquard-peach-with-velvet-6
KJC-LU-LAK-13641,LAK,Lakhanee,LU,https://lakhanyonline.com/products/03-piece-unstitched-embroidered-chiffon
KJC-LU-LAK-13642,LAK,Lakhanee,LU,https://lakhanyonline.com/products/03-piece-unstitched-embroidered-chiffon-1
KJC-LU-LAK-13643,LAK,Lakhanee,LU,https://lakhanyonline.com/products/03-piece-unstitched-embroidered-chiffon-2
KJC-LU-LAK-13644,LAK,Lakhanee,LU,https://lakhanyonline.com/products/03-piece-unstitched-embroidered-chiffon-3
KJC-LU-LAK-13645,LAK,Lakhanee,LU,https://lakhanyonline.com/products/03-piece-unstitched-embroidered-chiffon-4
KJC-LU-LAK-13646,LAK,Lakhanee,LU,https://lakhanyonline.com/products/03-piece-unstitched-embroidered-chiffon-5
KJC-LU-LAK-13647,LAK,Lakhanee,LU,https://lakhanyonline.com/products/03-piece-unstitched-printed-embroidered-cashmi-wool-6
KJC-LU-LAK-13648,LAK,Lakhanee,LU,https://lakhanyonline.com/products/03-piece-unstitched-printed-embroidered-cashmi-wool-9
KJC-LU-LAK-13649,LAK,Lakhanee,LU,https://lakhanyonline.com/products/03-piece-unstitched-embroidered-with-fancy-embroidered-shawl
KJC-LU-LAK-13650,LAK,Lakhanee,LU,https://lakhanyonline.com/products/03-piece-unstitched-embroidered-with-fancy-embroidered-shawl-5
KJC-LU-LAK-13651,LAK,Lakhanee,LU,https://lakhanyonline.com/products/03-piece-unstitched-embroidered-with-fancy-embroidered-shawl-6
KJC-LU-LAK-13652,LAK,Lakhanee,LU,https://lakhanyonline.com/products/03-piece-unstitched-embroidered-printed-with-printed-chiffon-dupatta-4
KJC-LU-LAK-13653,LAK,Lakhanee,LU,https://lakhanyonline.com/products/03-piece-unstitched-embroidered-fancy-jacquard-peach-with-velvet-3
KJC-LU-LAK-13654,LAK,Lakhanee,LU,https://lakhanyonline.com/products/03-piece-unstitched-embroidered-fancy-jacquard-peach-with-velvet-5
KJC-LU-LAK-13655,LAK,Lakhanee,LU,https://lakhanyonline.com/products/03-piece-unstitched-printed-embroidered-komal-lawn-15
KJC-LU-LAK-13656,LAK,Lakhanee,LU,https://lakhanyonline.com/products/03-piece-unstitched-printed-embroidered-komal-lawn-19
KJC-LU-LAK-13657,LAK,Lakhanee,LU,https://lakhanyonline.com/products/03-piece-unstitched-printed-embroidered-komal-lawn-17
KJC-LU-LAK-13658,LAK,Lakhanee,LU,https://lakhanyonline.com/products/03-piece-unstitched-printed-embroidered-with-printed-lawn-dupatta-15
KJC-LU-LAK-13659,LAK,Lakhanee,LU,https://lakhanyonline.com/products/03-piece-unstitched-embroidered-with-printed-chiffon-dupatta
KJC-LU-LAK-13660,LAK,Lakhanee,LU,https://lakhanyonline.com/products/03-piece-unstitched-printed-embroidered-with-printed-lawn-dupatta-14
KJC-LU-LAK-13661,LAK,Lakhanee,LU,https://lakhanyonline.com/products/03-piece-unstitched-printed-embroidered-with-printed-lawn-dupatta-13
KJC-LU-LAK-13662,LAK,Lakhanee,LU,https://lakhanyonline.com/products/03-piece-unstitched-embroidered-essentials-with-printed-chiffon-dupatta-2
KJC-LU-LAK-13663,LAK,Lakhanee,LU,https://lakhanyonline.com/products/03-piece-unstitched-embroidered-essentials-with-printed-chiffon-dupatta-4
KJC-LU-LAK-13664,LAK,Lakhanee,LU,https://lakhanyonline.com/products/03-piece-unstitched-printed-embroidered-komal-lawn-24
KJC-LU-LAK-13665,LAK,Lakhanee,LU,https://lakhanyonline.com/products/03-piece-unstitched-embroidered-essentials-with-printed-chiffon-dupatta-1
KJC-LU-LAK-13666,LAK,Lakhanee,LU,https://lakhanyonline.com/products/02-piece-unstitched-embroidered-with-shirt-trouser-9
KJC-LU-LAK-13667,LAK,Lakhanee,LU,https://lakhanyonline.com/products/02-piece-unstitched-embroidered-with-shirt-trouser-10
KJC-LU-LAK-13668,LAK,Lakhanee,LU,https://lakhanyonline.com/products/02-piece-unstitched-embroidered-with-shirt-trouser-11
KJC-LU-LAK-13669,LAK,Lakhanee,LU,https://lakhanyonline.com/products/02-piece-unstitched-embroidered-with-shirt-trouser-2
KJC-LU-LAK-13670,LAK,Lakhanee,LU,https://lakhanyonline.com/products/02-piece-unstitched-embroidered-with-shirt-trouser-5
KJC-LU-LAK-13671,LAK,Lakhanee,LU,https://lakhanyonline.com/products/02-piece-unstitched-embroidered-with-shirt-trouser-8
KJC-LU-LAK-13672,LAK,Lakhanee,LU,https://lakhanyonline.com/products/02-piece-unstitched-embroidered-with-shirt-trouser-4
KJC-LU-LAK-13673,LAK,Lakhanee,LU,https://lakhanyonline.com/products/02-piece-unstitched-embroidered-jacquard-1
KJC-LU-LAK-13674,LAK,Lakhanee,LU,https://lakhanyonline.com/products/02-piece-unstitched-embroidered-with-shirt-trouser-24
KJC-LU-LAK-13675,LAK,Lakhanee,LU,https://lakhanyonline.com/products/02-piece-unstitched-embroidered-with-shirt-trouser-3
KJC-LU-LAK-13676,LAK,Lakhanee,LU,https://lakhanyonline.com/products/02-piece-unstitched-embroidered-with-shirt-trouser-1
KJC-LU-LAK-13677,LAK,Lakhanee,LU,https://lakhanyonline.com/products/02-piece-unstitched-embroidered-with-shirt-trouser-12
KJC-LU-LAK-13678,LAK,Lakhanee,LU,https://lakhanyonline.com/products/02-piece-unstitched-embroidered-lawn-shirt-trouser-2
KJC-LU-LAK-13679,LAK,Lakhanee,LU,https://lakhanyonline.com/products/03-piece-unstitched-printed-embroidered-with-printed-lawn-dupatta-23
KJC-LU-LAK-13680,LAK,Lakhanee,LU,https://lakhanyonline.com/products/03-piece-unstitched-printed-embroidered-with-printed-lawn-dupatta-24
KJC-LU-LAK-13681,LAK,Lakhanee,LU,https://lakhanyonline.com/products/03-piece-unstitched-printed-embroidered-with-printed-lawn-dupatta-20
KJC-LU-LAK-13682,LAK,Lakhanee,LU,https://lakhanyonline.com/products/03-piece-unstitched-printed-embroidered-with-printed-lawn-dupatta-21
KJC-LU-LAK-13683,LAK,Lakhanee,LU,https://lakhanyonline.com/products/03-piece-unstitched-printed-embroidered-komal-lawn-16
KJC-LU-LAK-13684,LAK,Lakhanee,LU,https://lakhanyonline.com/products/03-piece-unstitched-embroidered-with-cutwork-embroidered-lawn-dupatta-4
KJC-LU-LAK-13685,LAK,Lakhanee,LU,https://lakhanyonline.com/products/03-piece-unstitched-dyed-embroidered-with-embroidered-chiffon-dupatta
KJC-LU-LAK-13686,LAK,Lakhanee,LU,https://lakhanyonline.com/products/03-piece-unstitched-dyed-embroidered-with-embroidered-chiffon-dupatta-1
KJC-LU-LAK-13687,LAK,Lakhanee,LU,https://lakhanyonline.com/products/03-piece-unstitched-dyed-embroidered-with-embroidered-chiffon-dupatta-2
KJC-LU-LAK-13688,LAK,Lakhanee,LU,https://lakhanyonline.com/products/03-piece-unstitched-dyed-embroidered-with-embroidered-chiffon-dupatta-5
KJC-LU-LAK-13689,LAK,Lakhanee,LU,https://lakhanyonline.com/products/03-piece-unstitched-dyed-embroidered-with-embroidered-chiffon-dupatta-3
KJC-LU-LAK-13690,LAK,Lakhanee,LU,https://lakhanyonline.com/products/03-piece-unstitched-dyed-embroidered-with-embroidered-chiffon-dupatta-4
KJC-LU-LAK-13691,LAK,Lakhanee,LU,https://lakhanyonline.com/products/02-piece-unstitched-embroidered-with-shirt-trouser-23
KJC-LU-LAK-13692,LAK,Lakhanee,LU,https://lakhanyonline.com/products/03-piece-unstitched-printed-embroidered-with-printed-lawn-dupatta-22
KJC-LU-LAK-13693,LAK,Lakhanee,LU,https://lakhanyonline.com/products/03-piece-unstitched-embroidered-fancy-jacquard-peach-with-velvet-7
KJC-LU-LAK-13694,LAK,Lakhanee,LU,https://lakhanyonline.com/products/03-piece-unstitched-embroidered-with-cutwork-embroidered-lawn-dupatta-3
KJC-LU-LAK-13695,LAK,Lakhanee,LU,https://lakhanyonline.com/products/03-piece-unstitched-embroidered-chikankari-4
KJC-LU-LAK-13696,LAK,Lakhanee,LU,https://lakhanyonline.com/products/02-piece-unstitched-embroidered-with-shirt-trouser-18
KJC-LU-LAK-13697,LAK,Lakhanee,LU,https://lakhanyonline.com/products/03-piece-unstitched-embroidered-with-fancy-embroidered-shawl-2
KJC-LU-LAK-13698,LAK,Lakhanee,LU,https://lakhanyonline.com/products/03-piece-unstitched-embroidered-with-fancy-embroidered-shawl-1
KJC-LU-LAK-13699,LAK,Lakhanee,LU,https://lakhanyonline.com/products/03-piece-unstitched-embroidered-slub-peach-2
KJC-LU-LAK-13700,LAK,Lakhanee,LU,https://lakhanyonline.com/products/03-piece-unstitched-embroidered-slub-peach-4
KJC-LU-LAK-13701,LAK,Lakhanee,LU,https://lakhanyonline.com/products/03-piece-unstitched-printed-embroidered-cashmi-wool-4
KJC-LU-LAK-13702,LAK,Lakhanee,LU,https://lakhanyonline.com/products/03-piece-unstitched-printed-embroidered-cashmi-wool-7
KJC-LU-LAK-13703,LAK,Lakhanee,LU,https://lakhanyonline.com/products/03-piece-unstitched-printed-embroidered-cashmi-wool-8
KJC-LU-LAK-13704,LAK,Lakhanee,LU,https://lakhanyonline.com/products/03-piece-unstitched-printed-embroidered-cashmi-wool-11
KJC-LU-LAK-13705,LAK,Lakhanee,LU,https://lakhanyonline.com/products/03-piece-unstitched-printed-embroidered-cashmi-wool-13
KJC-LU-LAK-13706,LAK,Lakhanee,LU,https://lakhanyonline.com/products/03-piece-unstitched-printed-embroidered-cashmi-wool-14
KJC-LU-LAK-13707,LAK,Lakhanee,LU,https://lakhanyonline.com/products/03-piece-unstitched-winter-exclusive-embroidered-prints-5
KJC-LU-LAK-13708,LAK,Lakhanee,LU,https://lakhanyonline.com/products/unstitched-avon-cotton-shalwar-kameez-avon-cotton-off-white
KJC-LU-LAK-13709,LAK,Lakhanee,LU,https://lakhanyonline.com/products/unstitched-wash-wear-silver-shalwar-kameez
KJC-LU-LAK-13710,LAK,Lakhanee,LU,https://lakhanyonline.com/products/unstitched-wash-wear-purition-grey-shalwar-kameez
KJC-LU-LAK-13711,LAK,Lakhanee,LU,https://lakhanyonline.com/products/unstitched-wash-wear-chocolate-brown-shalwar-kameez-1
KJC-LU-LAK-13712,LAK,Lakhanee,LU,https://lakhanyonline.com/products/unstitched-wash-wear-cream-shalwar-kameez
KJC-LU-LAK-13713,LAK,Lakhanee,LU,https://lakhanyonline.com/products/unstitched-wash-wear-dark-cream-shalwar-kameez
KJC-LU-LAK-13714,LAK,Lakhanee,LU,https://lakhanyonline.com/products/unstitched-wash-wear-off-white-shalwar-kameez
KJC-LU-LAK-13715,LAK,Lakhanee,LU,https://lakhanyonline.com/products/unstitched-wash-wear-beige-shalwar-kameez
KJC-LU-LAK-13716,LAK,Lakhanee,LU,https://lakhanyonline.com/products/unstitched-wash-wear-white-shalwar-kameez
KJC-LU-LAK-13717,LAK,Lakhanee,LU,https://lakhanyonline.com/products/unstitched-avon-cotton-shalwar-kameez
KJC-LU-LAK-13718,LAK,Lakhanee,LU,https://lakhanyonline.com/products/03-piece-unstitched-printed-lawn-119
KJC-LU-LAK-13719,LAK,Lakhanee,LU,https://lakhanyonline.com/products/03-piece-unstitched-printed-lawn-120
KJC-LU-LAK-13720,LAK,Lakhanee,LU,https://lakhanyonline.com/products/03-piece-unstitched-printed-lawn-121
KJC-LU-LAK-13721,LAK,Lakhanee,LU,https://lakhanyonline.com/products/03-piece-unstitched-printed-lawn-122
KJC-LU-LAK-13722,LAK,Lakhanee,LU,https://lakhanyonline.com/products/03-piece-unstitched-printed-lawn-123
KJC-LU-LAK-13723,LAK,Lakhanee,LU,https://lakhanyonline.com/products/03-piece-unstitched-printed-lawn-124
KJC-LU-LAK-13724,LAK,Lakhanee,LU,https://lakhanyonline.com/products/03-piece-unstitched-embroidered-lawn-with-embroidered-chiffon-dupatta-19
KJC-LU-LAK-13725,LAK,Lakhanee,LU,https://lakhanyonline.com/products/03-piece-unstitched-embroidered-lawn-with-embroidered-chiffon-dupatta-20
KJC-LU-LAK-13726,LAK,Lakhanee,LU,https://lakhanyonline.com/products/03-piece-unstitched-embroidered-lawn-with-embroidered-chiffon-dupatta-21
KJC-LU-LAK-13727,LAK,Lakhanee,LU,https://lakhanyonline.com/products/03-piece-unstitched-embroidered-lawn-with-embroidered-lawn-dupatta-13
KJC-LU-LAK-13728,LAK,Lakhanee,LU,https://lakhanyonline.com/products/03-piece-unstitched-embroidered-lawn-with-embroidered-lawn-dupatta-14
KJC-LU-LAK-13729,LAK,Lakhanee,LU,https://lakhanyonline.com/products/03-piece-unstitched-embroidered-lawn-with-embroidered-lawn-dupatta-15
KJC-LU-LAK-13730,LAK,Lakhanee,LU,https://lakhanyonline.com/products/03-piece-unstitched-embroidered-lawn-with-chiffon-dupatta-1
KJC-LU-LAK-13731,LAK,Lakhanee,LU,https://lakhanyonline.com/products/03-piece-unstitched-printed-lawn-227
KJC-LU-LAK-13732,LAK,Lakhanee,LU,https://lakhanyonline.com/products/03-piece-unstitched-printed-lawn-228
KJC-LU-LAK-13733,LAK,Lakhanee,LU,https://lakhanyonline.com/products/03-piece-unstitched-printed-lawn-229
KJC-LU-LAK-13734,LAK,Lakhanee,LU,https://lakhanyonline.com/products/03-piece-unstitched-printed-lawn-230
KJC-LU-LAK-13735,LAK,Lakhanee,LU,https://lakhanyonline.com/products/03-piece-unstitched-printed-lawn-231
KJC-LU-LAK-13736,LAK,Lakhanee,LU,https://lakhanyonline.com/products/03-piece-unstitched-printed-lawn-232
KJC-LU-LAK-13737,LAK,Lakhanee,LU,https://lakhanyonline.com/products/03-piece-unstitched-printed-lawn-233
KJC-LU-LAK-13738,LAK,Lakhanee,LU,https://lakhanyonline.com/products/03-piece-unstitched-printed-arabic-lawn-with-printed-chiffon-dupatta-1
KJC-LU-LAK-13739,LAK,Lakhanee,LU,https://lakhanyonline.com/products/03-piece-unstitched-printed-arabic-lawn-with-printed-chiffon-dupatta-2
KJC-LU-LAK-13740,LAK,Lakhanee,LU,https://lakhanyonline.com/products/03-piece-unstitched-printed-arabic-lawn-with-printed-chiffon-dupatta-4
KJC-LU-LAK-13741,LAK,Lakhanee,LU,https://lakhanyonline.com/products/03-piece-unstitched-printed-lawn-202
KJC-LU-LAK-13742,LAK,Lakhanee,LU,https://lakhanyonline.com/products/03-piece-unstitched-komal-printed-lawn-22
KJC-LU-LAK-13743,LAK,Lakhanee,LU,https://lakhanyonline.com/products/03-piece-unstitched-pashmina-printed-57
KJC-LU-LAK-13744,LAK,Lakhanee,LU,https://lakhanyonline.com/products/03-piece-unstitched-pashmina-printed-59
KJC-LU-LAK-13745,LAK,Lakhanee,LU,https://lakhanyonline.com/products/03-piece-unstitched-pashmina-printed-64
KJC-LU-LAK-13746,LAK,Lakhanee,LU,https://lakhanyonline.com/products/03-piece-unstitched-pashmina-printed-66
KJC-LU-LAK-13747,LAK,Lakhanee,LU,https://lakhanyonline.com/products/03-piece-unstitched-pashmina-printed-70
KJC-LU-LAK-13748,LAK,Lakhanee,LU,https://lakhanyonline.com/products/03-piece-unstitched-textured-heavy-weight-printed-marina-15
KJC-LU-LAK-13749,LAK,Lakhanee,LU,https://lakhanyonline.com/products/03-piece-unstitched-textured-heavy-weight-printed-marina-16
KJC-LU-LAK-13750,LAK,Lakhanee,LU,https://lakhanyonline.com/products/03-piece-unstitched-textured-heavy-weight-printed-marina-7
KJC-LU-LAK-13751,LAK,Lakhanee,LU,https://lakhanyonline.com/products/03-piece-unstitched-pashmina-printed-42
KJC-LU-LAK-13752,LAK,Lakhanee,LU,https://lakhanyonline.com/products/03-piece-unstitched-pashmina-printed-43
KJC-LU-LAK-13753,LAK,Lakhanee,LU,https://lakhanyonline.com/products/03-piece-unstitched-pashmina-printed-45
KJC-LU-LAK-13754,LAK,Lakhanee,LU,https://lakhanyonline.com/products/03-piece-unstitched-pashmina-printed-47
KJC-LU-LAK-13755,LAK,Lakhanee,LU,https://lakhanyonline.com/products/03-piece-unstitched-textured-heavy-weight-printed-marina-1
KJC-LU-LAK-13756,LAK,Lakhanee,LU,https://lakhanyonline.com/products/03-piece-unstitched-pashmina-printed-18
KJC-LU-LAK-13757,LAK,Lakhanee,LU,https://lakhanyonline.com/products/03-piece-unstitched-pashmina-printed-19
KJC-LU-LAK-13758,LAK,Lakhanee,LU,https://lakhanyonline.com/products/03-piece-unstitched-pashmina-printed-20
KJC-LU-LAK-13759,LAK,Lakhanee,LU,https://lakhanyonline.com/products/03-piece-unstitched-pashmina-printed-22
KJC-LU-LAK-13760,LAK,Lakhanee,LU,https://lakhanyonline.com/products/03-piece-unstitched-pashmina-printed-23
KJC-LU-LAK-13761,LAK,Lakhanee,LU,https://lakhanyonline.com/products/03-piece-unstitched-pashmina-printed-25
KJC-LU-LAK-13762,LAK,Lakhanee,LU,https://lakhanyonline.com/products/03-piece-unstitched-pashmina-printed-28
KJC-LU-LAK-13763,LAK,Lakhanee,LU,https://lakhanyonline.com/products/03-piece-unstitched-pashmina-printed-36
KJC-LU-LAK-13764,LAK,Lakhanee,LU,https://lakhanyonline.com/products/03-piece-unstitched-pashmina-printed-37
KJC-LU-LAK-13765,LAK,Lakhanee,LU,https://lakhanyonline.com/products/03-piece-unstitched-pashmina-printed-38
KJC-LU-LAK-13766,LAK,Lakhanee,LU,https://lakhanyonline.com/products/03-piece-unstitched-pashmina-printed-39
KJC-LU-LAK-13767,LAK,Lakhanee,LU,https://lakhanyonline.com/products/03-piece-unstitched-pashmina-printed-40
KJC-LU-LAK-13768,LAK,Lakhanee,LU,https://lakhanyonline.com/products/02-piece-unstitched-printed-shirt-dupatta-8
KJC-LU-LAK-13769,LAK,Lakhanee,LU,https://lakhanyonline.com/products/03-piece-unstitched-pashmina-printed-49
KJC-LU-LAK-13770,LAK,Lakhanee,LU,https://lakhanyonline.com/products/03-piece-unstitched-pashmina-printed-53
KJC-LU-LAK-13771,LAK,Lakhanee,LU,https://lakhanyonline.com/products/03-piece-unstitched-pashmina-printed-55
KJC-LU-LAK-13772,LAK,Lakhanee,LU,https://lakhanyonline.com/products/03-piece-unstitched-pashmina-printed-56
KJC-LU-LAK-13773,LAK,Lakhanee,LU,https://lakhanyonline.com/products/02-piece-unstitched-printed-lawn-2
KJC-LU-LAK-13774,LAK,Lakhanee,LU,https://lakhanyonline.com/products/01-piece-unstitched-printed-lawn-shirt-4
KJC-LU-LAK-13775,LAK,Lakhanee,LU,https://lakhanyonline.com/products/03-piece-unstitched-pashmina-printed-21
KJC-LU-LAK-13776,LAK,Lakhanee,LU,https://lakhanyonline.com/products/03-piece-unstitched-pashmina-printed-27
KJC-LU-LAK-13777,LAK,Lakhanee,LU,https://lakhanyonline.com/products/03-piece-unstitched-pashmina-printed-29
KJC-LU-LAK-13778,LAK,Lakhanee,LU,https://lakhanyonline.com/products/03-piece-unstitched-pashmina-printed-30
KJC-LU-LAK-13779,LAK,Lakhanee,LU,https://lakhanyonline.com/products/03-piece-unstitched-pashmina-printed-31
KJC-LU-LAK-13780,LAK,Lakhanee,LU,https://lakhanyonline.com/products/03-piece-unstitched-pashmina-printed-32
KJC-LU-LAK-13781,LAK,Lakhanee,LU,https://lakhanyonline.com/products/03-piece-unstitched-pashmina-printed-33
KJC-LU-LAK-13782,LAK,Lakhanee,LU,https://lakhanyonline.com/products/03-piece-unstitched-pashmina-printed-35
KJC-LU-LAK-13783,LAK,Lakhanee,LU,https://lakhanyonline.com/products/03-piece-unstitched-cashmi-vool-printed-40
KJC-LU-LAK-13784,LAK,Lakhanee,LU,https://lakhanyonline.com/products/03-piece-unstitched-printed-lawn-210
KJC-LU-LAK-13785,LAK,Lakhanee,LU,https://lakhanyonline.com/products/03-piece-unstitched-printed-lawn-189
KJC-LU-LAK-13786,LAK,Lakhanee,LU,https://lakhanyonline.com/products/03-piece-unstitched-printed-lawn-151
KJC-LU-LAK-13787,LAK,Lakhanee,LU,https://lakhanyonline.com/products/03-piece-unstitched-printed-lawn-190
KJC-LU-LAK-13788,LAK,Lakhanee,LU,https://lakhanyonline.com/products/03-piece-unstitched-printed-lawn-187
KJC-LU-LAK-13789,LAK,Lakhanee,LU,https://lakhanyonline.com/products/03-piece-unstitched-printed-lawn-195
KJC-LU-LAK-13790,LAK,Lakhanee,LU,https://lakhanyonline.com/products/03-piece-unstitched-printed-lawn-214
KJC-LU-LAK-13791,LAK,Lakhanee,LU,https://lakhanyonline.com/products/03-piece-unstitched-printed-lawn-216
KJC-LU-LAK-13792,LAK,Lakhanee,LU,https://lakhanyonline.com/products/03-piece-unstitched-printed-lawn-234
KJC-LU-LAK-13793,LAK,Lakhanee,LU,https://lakhanyonline.com/products/03-piece-unstitched-printed-lawn-235
KJC-LU-LAK-13794,LAK,Lakhanee,LU,https://lakhanyonline.com/products/03-piece-unstitched-printed-lawn-236
KJC-LU-LAK-13795,LAK,Lakhanee,LU,https://lakhanyonline.com/products/03-piece-unstitched-printed-lawn-237
KJC-LU-LAK-13796,LAK,Lakhanee,LU,https://lakhanyonline.com/products/03-piece-unstitched-printed-lawn-238
KJC-LU-LAK-13797,LAK,Lakhanee,LU,https://lakhanyonline.com/products/03-piece-unstitched-printed-lawn-239
KJC-LU-LAK-13798,LAK,Lakhanee,LU,https://lakhanyonline.com/products/03-piece-unstitched-printed-lawn-240
KJC-LU-LAK-13799,LAK,Lakhanee,LU,https://lakhanyonline.com/products/03-piece-unstitched-printed-lawn-241
KJC-LU-LAK-13800,LAK,Lakhanee,LU,https://lakhanyonline.com/products/03-piece-unstitched-printed-lawn-242
KJC-LU-LAK-13801,LAK,Lakhanee,LU,https://lakhanyonline.com/products/03-piece-unstitched-printed-lawn-243
KJC-LU-LAK-13802,LAK,Lakhanee,LU,https://lakhanyonline.com/products/03-piece-unstitched-printed-embroidered-with-embroidered-cutwork-dupatta-6
KJC-LU-LAK-13803,LAK,Lakhanee,LU,https://lakhanyonline.com/products/03-piece-unstitched-printed-embroidered-with-embroidered-cutwork-dupatta-8
KJC-LU-LAK-13804,LAK,Lakhanee,LU,https://lakhanyonline.com/products/03-piece-unstitched-printed-embroidered-with-embroidered-cutwork-dupatta-9
KJC-LU-LAK-13805,LAK,Lakhanee,LU,https://lakhanyonline.com/products/03-piece-unstitched-komal-printed-lawn-19
KJC-LU-LAK-13806,LAK,Lakhanee,LU,https://lakhanyonline.com/products/02-piece-unstitched-printed-shirt-dupatta
KJC-LU-LAK-13807,LAK,Lakhanee,LU,https://lakhanyonline.com/products/03-piece-unstitched-printed-lawn-245
KJC-LU-LAK-13808,LAK,Lakhanee,LU,https://lakhanyonline.com/products/03-piece-unstitched-printed-lawn-246
KJC-LU-LAK-13809,LAK,Lakhanee,LU,https://lakhanyonline.com/products/03-piece-unstitched-printed-lawn-247
KJC-LU-LAK-13810,LAK,Lakhanee,LU,https://lakhanyonline.com/products/03-piece-unstitched-printed-lawn-248
KJC-LU-LAK-13811,LAK,Lakhanee,LU,https://lakhanyonline.com/products/03-piece-unstitched-printed-lawn-249
KJC-LU-LAK-13812,LAK,Lakhanee,LU,https://lakhanyonline.com/products/03-piece-unstitched-printed-lawn-250
KJC-LU-LAK-13813,LAK,Lakhanee,LU,https://lakhanyonline.com/products/03-piece-unstitched-printed-lawn-252
KJC-LU-LAK-13814,LAK,Lakhanee,LU,https://lakhanyonline.com/products/03-piece-unstitched-printed-lawn-253
KJC-LU-LAK-13815,LAK,Lakhanee,LU,https://lakhanyonline.com/products/03-piece-unstitched-printed-lawn-254
KJC-LU-LAK-13816,LAK,Lakhanee,LU,https://lakhanyonline.com/products/03-piece-unstitched-printed-lawn-255
KJC-LU-LAK-13817,LAK,Lakhanee,LU,https://lakhanyonline.com/products/03-piece-unstitched-printed-lawn-256
KJC-LU-LAK-13818,LAK,Lakhanee,LU,https://lakhanyonline.com/products/03-piece-unstitched-printed-lawn-257
KJC-LU-LAK-13819,LAK,Lakhanee,LU,https://lakhanyonline.com/products/03-piece-unstitched-printed-lawn-258
KJC-LU-LAK-13820,LAK,Lakhanee,LU,https://lakhanyonline.com/products/03-piece-unstitched-printed-lawn-259
KJC-LU-LAK-13821,LAK,Lakhanee,LU,https://lakhanyonline.com/products/03-piece-unstitched-printed-lawn-260
KJC-LU-LAK-13822,LAK,Lakhanee,LU,https://lakhanyonline.com/products/02-piece-unstitched-printed-lawn-19
KJC-LU-LAK-13823,LAK,Lakhanee,LU,https://lakhanyonline.com/products/02-piece-unstitched-printed-lawn-21
KJC-LU-LAK-13824,LAK,Lakhanee,LU,https://lakhanyonline.com/products/02-piece-unstitched-printed-lawn-22
KJC-LU-LAK-13825,LAK,Lakhanee,LU,https://lakhanyonline.com/products/02-piece-unstitched-printed-lawn-23
KJC-LU-LAK-13826,LAK,Lakhanee,LU,https://lakhanyonline.com/products/02-piece-unstitched-printed-lawn-25
KJC-LU-LAK-13827,LAK,Lakhanee,LU,https://lakhanyonline.com/products/02-piece-unstitched-printed-lawn-26
KJC-LU-LAK-13828,LAK,Lakhanee,LU,https://lakhanyonline.com/products/02-piece-unstitched-printed-lawn-27
KJC-LU-LAK-13829,LAK,Lakhanee,LU,https://lakhanyonline.com/products/02-piece-unstitched-printed-lawn-28
KJC-LU-LAK-13830,LAK,Lakhanee,LU,https://lakhanyonline.com/products/02-piece-unstitched-printed-lawn-29
KJC-LU-LAK-13831,LAK,Lakhanee,LU,https://lakhanyonline.com/products/02-piece-unstitched-printed-lawn-30
KJC-LU-LAK-13832,LAK,Lakhanee,LU,https://lakhanyonline.com/products/03-piece-unstitched-komal-printed-lawn-15
KJC-LU-LAK-13833,LAK,Lakhanee,LU,https://lakhanyonline.com/products/03-piece-unstitched-printed-lawn-23
KJC-LU-LAK-13834,LAK,Lakhanee,LU,https://lakhanyonline.com/products/03-piece-unstitched-printed-lawn-194
KJC-LU-LAK-13835,LAK,Lakhanee,LU,https://lakhanyonline.com/products/03-piece-unstitched-printed-komal-lawn-9
KJC-LU-LAK-13836,LAK,Lakhanee,LU,https://lakhanyonline.com/products/03-piece-unstitched-monochrome-printed-lawn
KJC-LU-LAK-13837,LAK,Lakhanee,LU,https://lakhanyonline.com/products/03-piece-unstitched-monochrome-printed-lawn-3
KJC-LU-LAK-13838,LAK,Lakhanee,LU,https://lakhanyonline.com/products/03-piece-unstitched-monochrome-printed-lawn-1
KJC-LU-LAK-13839,LAK,Lakhanee,LU,https://lakhanyonline.com/products/03-piece-unstitched-monochrome-printed-lawn-4
KJC-LU-LAK-13840,LAK,Lakhanee,LU,https://lakhanyonline.com/products/03-piece-unstitched-monochrome-printed-lawn-2
KJC-LU-LAK-13841,LAK,Lakhanee,LU,https://lakhanyonline.com/products/03-piece-unstitched-monochrome-printed-lawn-5
KJC-LU-LAK-13842,LAK,Lakhanee,LU,https://lakhanyonline.com/products/03-piece-unstitched-printed-lawn-206
KJC-LU-LAK-13843,LAK,Lakhanee,LU,https://lakhanyonline.com/products/03-piece-unstitched-printed-lawn-222
KJC-LU-LAK-13844,LAK,Lakhanee,LU,https://lakhanyonline.com/products/03-piece-unstitched-printed-lawn-207
KJC-LU-LAK-13845,LAK,Lakhanee,LU,https://lakhanyonline.com/products/02-piece-unstitched-printed-shirt-dupatta-5
KJC-LU-LAK-13846,LAK,Lakhanee,LU,https://lakhanyonline.com/products/02-piece-unstitched-printed-lawn-20
KJC-LU-LAK-13847,LAK,Lakhanee,LU,https://lakhanyonline.com/products/03-piece-unstitched-printed-lawn-188
KJC-LU-LAK-13848,LAK,Lakhanee,LU,https://lakhanyonline.com/products/02-piece-unstitched-printed-lawn-24
KJC-LU-LAK-13849,LAK,Lakhanee,LU,https://lakhanyonline.com/products/03-piece-unstitched-pashmina-printed-71
KJC-LU-LAK-13850,LAK,Lakhanee,LU,https://lakhanyonline.com/products/03-piece-unstitched-cashmi-vool-printed-34
KJC-LU-LAK-13851,LAK,Lakhanee,LU,https://lakhanyonline.com/products/03-piece-unstitched-printed-lawn-251
KJC-LU-LAK-13852,LAK,Lakhanee,LU,https://lakhanyonline.com/products/03-piece-unstitched-cashmi-vool-printed-37
KJC-LU-LAK-13853,LAK,Lakhanee,LU,https://lakhanyonline.com/products/03-piece-unstitched-embroidered-lawn-with-embroidered-organza-dupatta
KJC-LU-LAK-13854,LAK,Lakhanee,LU,https://lakhanyonline.com/products/03-piece-unstitched-embroidered-lawn-with-embroidered-organza-dupatta-1
KJC-LU-LAK-13855,LAK,Lakhanee,LU,https://lakhanyonline.com/products/03-piece-unstitched-embroidered-lawn-with-embroidered-organza-dupatta-2
KJC-LU-LAK-13856,LAK,Lakhanee,LU,https://lakhanyonline.com/products/03-piece-unstitched-embroidered-lawn-with-embroidered-net-dupatta
KJC-LU-LAK-13857,LAK,Lakhanee,LU,https://lakhanyonline.com/products/03-piece-unstitched-embroidered-lawn-with-embroidered-net-dupatta-1
KJC-LU-LAK-13858,LAK,Lakhanee,LU,https://lakhanyonline.com/products/02-piece-ready-to-wear-dyed-crepe-shirt-trouser
KJC-LU-LAK-13859,LAK,Lakhanee,LU,https://lakhanyonline.com/products/02-piece-ready-to-wear-dyed-crepe-shirt-trouser-1
KJC-LU-LAK-13860,LAK,Lakhanee,LU,https://lakhanyonline.com/products/02-piece-ready-to-wear-dyed-crepe-shirt-trouser-2
KJC-LU-LAK-13861,LAK,Lakhanee,LU,https://lakhanyonline.com/products/02-piece-ready-to-wear-dyed-crepe-shirt-trouser-3
KJC-LU-LAK-13862,LAK,Lakhanee,LU,https://lakhanyonline.com/products/02-piece-ready-to-wear-dyed-crepe-shirt-trouser-4
KJC-LU-LAK-13863,LAK,Lakhanee,LU,https://lakhanyonline.com/products/02-piece-ready-to-wear-embroidered-shirt-trouser-80
KJC-LU-LAK-13864,LAK,Lakhanee,LU,https://lakhanyonline.com/products/02-piece-ready-to-wear-printed-shirt-trouser-29
KJC-LU-LAK-13865,LAK,Lakhanee,LU,https://lakhanyonline.com/products/02-piece-ready-to-wear-printed-shirt-trouser-35
KJC-LU-LAK-13866,LAK,Lakhanee,LU,https://lakhanyonline.com/products/02-piece-ready-to-wear-embroidered-shirt-trouser-70
KJC-LU-LAK-13867,LAK,Lakhanee,LU,https://lakhanyonline.com/products/02-piece-ready-to-wear-embroidered-shirt-trouser-71
KJC-LU-LAK-13868,LAK,Lakhanee,LU,https://lakhanyonline.com/products/02-piece-ready-to-wear-embroidered-shirt-trouser-74
KJC-LU-LAK-13869,LAK,Lakhanee,LU,https://lakhanyonline.com/products/02-piece-ready-to-wear-embroidered-shirt-trouser-75
KJC-LU-LAK-13870,LAK,Lakhanee,LU,https://lakhanyonline.com/products/03-piece-stitched-embroidered-with-printed-chiffon-dupatta-4
KJC-LU-LAK-13871,LAK,Lakhanee,LU,https://lakhanyonline.com/products/03-piece-ready-to-wear-embroidered-khaddi-net-with-embroidered-fancy-net-dupatta-2
KJC-LU-LAK-13872,LAK,Lakhanee,LU,https://lakhanyonline.com/products/02-piece-ready-to-wear-embroidered-co-ords-2
KJC-LU-LAK-13873,LAK,Lakhanee,LU,https://lakhanyonline.com/products/02-piece-ready-to-wear-embroidered-co-ords-3
KJC-LU-LAK-13874,LAK,Lakhanee,LU,https://lakhanyonline.com/products/02-piece-ready-to-wear-embroidered-co-ords-7
KJC-LU-LAK-13875,LAK,Lakhanee,LU,https://lakhanyonline.com/products/02-piece-ready-to-wear-embroidered-co-ords-9
KJC-LU-LAK-13876,LAK,Lakhanee,LU,https://lakhanyonline.com/products/03-piece-ready-to-wear-embroidered-khaddi-net-with-embroidered-fancy-net-dupatta
KJC-LU-LAK-13877,LAK,Lakhanee,LU,https://lakhanyonline.com/products/03-piece-ready-to-wear-embroidered-khaddi-net-with-embroidered-fancy-net-dupatta-1
KJC-LU-LAK-13878,LAK,Lakhanee,LU,https://lakhanyonline.com/products/03-piece-ready-to-wear-embroidered-khaddi-net-with-embroidered-fancy-net-dupatta-3
KJC-LU-LAK-13879,LAK,Lakhanee,LU,https://lakhanyonline.com/products/03-piece-ready-to-wear-embroidered-khaddi-net-with-embroidered-fancy-net-dupatta-4
KJC-LU-LAK-13880,LAK,Lakhanee,LU,https://lakhanyonline.com/products/03-piece-ready-to-wear-embroidered-khaddi-net-with-embroidered-fancy-net-dupatta-5
KJC-LU-LAK-13881,LAK,Lakhanee,LU,https://lakhanyonline.com/products/02-piece-printed-ready-to-wear-poly-cambric
KJC-LU-LAK-13882,LAK,Lakhanee,LU,https://lakhanyonline.com/products/02-piece-printed-ready-to-wear-poly-cambric-1
KJC-LU-LAK-13883,LAK,Lakhanee,LU,https://lakhanyonline.com/products/02-piece-printed-ready-to-wear-poly-cambric-2
KJC-LU-LAK-13884,LAK,Lakhanee,LU,https://lakhanyonline.com/products/02-piece-printed-ready-to-wear-poly-cambric-3
KJC-LU-LAK-13885,LAK,Lakhanee,LU,https://lakhanyonline.com/products/02-piece-printed-ready-to-wear-poly-cambric-4
KJC-LU-LAK-13886,LAK,Lakhanee,LU,https://lakhanyonline.com/products/02-piece-ready-to-wear-embroidered-shirt-trouser-81
KJC-LU-LAK-13887,LAK,Lakhanee,LU,https://lakhanyonline.com/products/02-piece-ready-to-wear-embroidered-shirt-trouser-82
KJC-LU-LAK-13888,LAK,Lakhanee,LU,https://lakhanyonline.com/products/02-piece-ready-to-wear-embroidered-shirt-trouser-85
KJC-LU-LAK-13889,LAK,Lakhanee,LU,https://lakhanyonline.com/products/02-piece-ready-to-wear-embroidered-shirt-trouser-88
KJC-LU-LAK-13890,LAK,Lakhanee,LU,https://lakhanyonline.com/products/02-piece-ready-to-wear-embroidered-shirt-trouser-89
KJC-LU-LAK-13891,LAK,Lakhanee,LU,https://lakhanyonline.com/products/02-piece-ready-to-wear-embroidered-shirt-trouser-90
KJC-LU-LAK-13892,LAK,Lakhanee,LU,https://lakhanyonline.com/products/03-piece-stitched-embroidered-with-embroidered-lawn-dupatta-5
KJC-LU-LAK-13893,LAK,Lakhanee,LU,https://lakhanyonline.com/products/03-piece-stitched-printed-embroidered-with-printed-chiffon-dupatta-4
KJC-LU-LAK-13894,LAK,Lakhanee,LU,https://lakhanyonline.com/products/03-piece-stitched-printed-embroidered-with-printed-chiffon-dupatta-7
KJC-LU-LAK-13895,LAK,Lakhanee,LU,https://lakhanyonline.com/products/03-piece-stitched-printed-lawn-63
KJC-LU-LAK-13896,LAK,Lakhanee,LU,https://lakhanyonline.com/products/03-piece-stitched-printed-lawn-65
KJC-LU-LAK-13897,LAK,Lakhanee,LU,https://lakhanyonline.com/products/03-piece-stitched-printed-lawn-66
KJC-LU-LAK-13898,LAK,Lakhanee,LU,https://lakhanyonline.com/products/03-piece-stitched-printed-lawn-67
KJC-LU-LAK-13899,LAK,Lakhanee,LU,https://lakhanyonline.com/products/03-piece-stitched-printed-lawn-68
KJC-LU-LAK-13900,LAK,Lakhanee,LU,https://lakhanyonline.com/products/03-piece-stitched-printed-lawn-69
KJC-LU-LAK-13901,LAK,Lakhanee,LU,https://lakhanyonline.com/products/03-piece-stitched-printed-lawn-71
KJC-LU-LAK-13902,LAK,Lakhanee,LU,https://lakhanyonline.com/products/03-piece-stitched-printed-lawn-64
KJC-LU-LAK-13903,LAK,Lakhanee,LU,https://lakhanyonline.com/products/03-piece-ready-to-wear-lucknowi-eid-collection-2
KJC-LU-LAK-13904,LAK,Lakhanee,LU,https://lakhanyonline.com/products/03-piece-stitched-printed-embroidered-komal-lawn-1
KJC-LU-LAK-13905,LAK,Lakhanee,LU,https://lakhanyonline.com/products/03-piece-stitched-embroidered-essentials
KJC-LU-LAK-13906,LAK,Lakhanee,LU,https://lakhanyonline.com/products/03-piece-stitched-embroidered-essentials-1
KJC-LU-LAK-13907,LAK,Lakhanee,LU,https://lakhanyonline.com/products/03-piece-stitched-embroidered-with-printed-chiffon-dupatta-komal-lawn-3
KJC-LU-LAK-13908,LAK,Lakhanee,LU,https://lakhanyonline.com/products/03-piece-stitched-embroidered-with-embroidered-lawn-dupatta-2
KJC-LU-LAK-13909,LAK,Lakhanee,LU,https://lakhanyonline.com/products/02-piece-ready-to-wear-embroidered-shirt-trouser-79
KJC-LU-LAK-13910,LAK,Lakhanee,LU,https://lakhanyonline.com/products/02-piece-ready-to-wear-embroidered-shirt-trouser-87
KJC-LU-LAK-13911,LAK,Lakhanee,LU,https://lakhanyonline.com/products/02-piece-ready-to-wear-embroidered-shirt-trouser-72
KJC-LU-LAK-13912,LAK,Lakhanee,LU,https://lakhanyonline.com/products/02-piece-ready-to-wear-embroidered-shirt-trouser-69
KJC-LU-LAK-13913,LAK,Lakhanee,LU,https://lakhanyonline.com/products/02-piece-ready-to-wear-embroidered-shirt-trouser-73
KJC-LU-LAK-13914,LAK,Lakhanee,LU,https://lakhanyonline.com/products/03-piece-stitched-printed-embroidered-with-printed-chiffon-dupatta-5
KJC-LU-LAK-13915,LAK,Lakhanee,LU,https://lakhanyonline.com/products/02-piece-ready-to-wear-printed-shirt-trouser-37
KJC-LU-LAK-13916,LAK,Lakhanee,LU,https://lakhanyonline.com/products/02-piece-stitched-printed-shirt-dupatta-9
KJC-LU-LAK-13917,LAK,Lakhanee,LU,https://lakhanyonline.com/products/02-piece-ready-to-wear-printed-shirt-trouser-31
KJC-LU-LAK-13918,LAK,Lakhanee,LU,https://lakhanyonline.com/products/02-piece-ready-to-wear-embroidered-co-ords-4
KJC-LU-LAK-13919,LAK,Lakhanee,LU,https://lakhanyonline.com/products/03-piece-stitched-printed-lawn-58
KJC-LU-LAK-13920,LAK,Lakhanee,LU,https://lakhanyonline.com/products/03-piece-stitched-printed-lawn-54
KJC-LU-LAK-13921,LAK,Lakhanee,LU,https://lakhanyonline.com/products/02-piece-ready-to-wear-embroidered-co-ords-1
KJC-LU-LAK-13922,LAK,Lakhanee,LU,https://lakhanyonline.com/products/02-piece-ready-to-wear-embroidered-co-ords-6
KJC-LU-LAK-13923,LAK,Lakhanee,LU,https://lakhanyonline.com/products/03-piece-stitched-printed-embroidered-with-printed-chiffon-dupatta-3
KJC-LU-LAK-13924,LAK,Lakhanee,LU,https://lakhanyonline.com/products/03-piece-stitched-printed-lawn-62
KJC-LU-LAK-13925,LAK,Lakhanee,LU,https://lakhanyonline.com/products/02-piece-ready-to-wear-embroidered-shirt-trouser-78
KJC-LU-LAK-13926,LAK,Lakhanee,LU,https://lakhanyonline.com/products/medallion-sew
KJC-LU-MAB-13927,MAB,Maria B,LU,https://mariab.pk/products/lf-601-pink
KJC-LU-MAB-13928,MAB,Maria B,LU,https://mariab.pk/products/lf-616-s-pink
KJC-LU-MAB-13929,MAB,Maria B,LU,https://mariab.pk/products/lf-618-s-navy-blue
KJC-LU-MAB-13930,MAB,Maria B,LU,https://mariab.pk/products/lf-617-s-green
KJC-LU-MAB-13931,MAB,Maria B,LU,https://mariab.pk/products/lf-605-sea-green
KJC-LU-MAB-13932,MAB,Maria B,LU,https://mariab.pk/products/d-2602-b
KJC-LU-MAB-13933,MAB,Maria B,LU,https://mariab.pk/products/d-2606-b
KJC-LU-MAB-13934,MAB,Maria B,LU,https://mariab.pk/products/d-2607-a
KJC-LU-MAB-13935,MAB,Maria B,LU,https://mariab.pk/products/d-2607-b
KJC-LU-MAB-13936,MAB,Maria B,LU,https://mariab.pk/products/d-2608-b
KJC-LU-MAB-13937,MAB,Maria B,LU,https://mariab.pk/products/d-2611-a
KJC-LU-MAB-13938,MAB,Maria B,LU,https://mariab.pk/products/d-2612-a
KJC-LU-MAB-13939,MAB,Maria B,LU,https://mariab.pk/products/mpt-2903-a
KJC-LU-MAB-13940,MAB,Maria B,LU,https://mariab.pk/products/mpt-2903-b
KJC-LU-MAB-13941,MAB,Maria B,LU,https://mariab.pk/products/mpt-2904-a
KJC-LU-MAB-13942,MAB,Maria B,LU,https://mariab.pk/products/mpt-2904-b
KJC-LU-MAB-13943,MAB,Maria B,LU,https://mariab.pk/products/mpt-2905-b
KJC-LU-MAB-13944,MAB,Maria B,LU,https://mariab.pk/products/mpt-2907-b
KJC-LU-MAB-13945,MAB,Maria B,LU,https://mariab.pk/products/mpt-2910-b
KJC-LU-MAB-13946,MAB,Maria B,LU,https://mariab.pk/products/mpt-2911-b
KJC-LU-MAB-13947,MAB,Maria B,LU,https://mariab.pk/products/mpt-2912-a
KJC-LU-MAB-13948,MAB,Maria B,LU,https://mariab.pk/products/mpt-2913-a
KJC-LU-MAB-13949,MAB,Maria B,LU,https://mariab.pk/products/mpt-2914-b
KJC-LU-MAB-13950,MAB,Maria B,LU,https://mariab.pk/products/wf-09-02
KJC-LU-MAB-13951,MAB,Maria B,LU,https://mariab.pk/products/wf-09-06
KJC-LU-MAB-13952,MAB,Maria B,LU,https://mariab.pk/products/mpc-25-104
KJC-LU-MAB-13953,MAB,Maria B,LU,https://mariab.pk/products/d-2510-a
KJC-LU-MAB-13954,MAB,Maria B,LU,https://mariab.pk/products/cst-806
KJC-LU-MAB-13955,MAB,Maria B,LU,https://mariab.pk/products/d-2505-b
KJC-LU-MAB-13956,MAB,Maria B,LU,https://mariab.pk/products/mpt-2707-a
KJC-LU-MAB-13957,MAB,Maria B,LU,https://mariab.pk/products/mpt-2707-b
KJC-LU-MAB-13958,MAB,Maria B,LU,https://mariab.pk/products/mpc-26-201
KJC-LU-MAB-13959,MAB,Maria B,LU,https://mariab.pk/products/mpc-26-202
KJC-LU-MAB-13960,MAB,Maria B,LU,https://mariab.pk/products/mpc-26-203
KJC-LU-MAB-13961,MAB,Maria B,LU,https://mariab.pk/products/mpc-26-204
KJC-LU-MAB-13962,MAB,Maria B,LU,https://mariab.pk/products/mpc-26-205
KJC-LU-MAB-13963,MAB,Maria B,LU,https://mariab.pk/products/mpc-26-206
KJC-LU-MAB-13964,MAB,Maria B,LU,https://mariab.pk/products/mpc-26-207
KJC-LU-MAB-13965,MAB,Maria B,LU,https://mariab.pk/products/mpc-26-208
KJC-LU-MAB-13966,MAB,Maria B,LU,https://mariab.pk/products/el-26-14
KJC-LU-MAB-13967,MAB,Maria B,LU,https://mariab.pk/products/el-26-13
KJC-LU-MAB-13968,MAB,Maria B,LU,https://mariab.pk/products/el-26-12
KJC-LU-MAB-13969,MAB,Maria B,LU,https://mariab.pk/products/el-26-11
KJC-LU-MAB-13970,MAB,Maria B,LU,https://mariab.pk/products/el-26-10
KJC-LU-MAB-13971,MAB,Maria B,LU,https://mariab.pk/products/el-26-09
KJC-LU-MAB-13972,MAB,Maria B,LU,https://mariab.pk/products/el-26-07
KJC-LU-MAB-13973,MAB,Maria B,LU,https://mariab.pk/products/el-26-05
KJC-LU-MAB-13974,MAB,Maria B,LU,https://mariab.pk/products/el-26-04
KJC-LU-MAB-13975,MAB,Maria B,LU,https://mariab.pk/products/el-26-03
KJC-LU-MAB-13976,MAB,Maria B,LU,https://mariab.pk/products/el-26-01
KJC-LU-MAB-13977,MAB,Maria B,LU,https://mariab.pk/products/mpt-3002-a
KJC-LU-MAB-13978,MAB,Maria B,LU,https://mariab.pk/products/mpt-3002-b
KJC-LU-MAB-13979,MAB,Maria B,LU,https://mariab.pk/products/mpt-3003-a
KJC-LU-MAB-13980,MAB,Maria B,LU,https://mariab.pk/products/mpt-3004-b
KJC-LU-MAB-13981,MAB,Maria B,LU,https://mariab.pk/products/mpt-3005-a
KJC-LU-MAB-13982,MAB,Maria B,LU,https://mariab.pk/products/mpt-3005-b
KJC-LU-MAB-13983,MAB,Maria B,LU,https://mariab.pk/products/mpt-3008-b
KJC-LU-MAB-13984,MAB,Maria B,LU,https://mariab.pk/products/mpt-3010-a
KJC-LU-MAB-13985,MAB,Maria B,LU,https://mariab.pk/products/mpt-3010-b
KJC-LU-MAB-13986,MAB,Maria B,LU,https://mariab.pk/products/mpc-26-101
KJC-LU-MAB-13987,MAB,Maria B,LU,https://mariab.pk/products/mpc-26-102
KJC-LU-MAB-13988,MAB,Maria B,LU,https://mariab.pk/products/mpc-26-103
KJC-LU-MAB-13989,MAB,Maria B,LU,https://mariab.pk/products/mpc-26-105
KJC-LU-MAB-13990,MAB,Maria B,LU,https://mariab.pk/products/mpc-26-106
KJC-LU-MAB-13991,MAB,Maria B,LU,https://mariab.pk/products/mpc-26-107
KJC-LU-MAB-13992,MAB,Maria B,LU,https://mariab.pk/products/mpc-26-108
KJC-LU-MAB-13993,MAB,Maria B,LU,https://mariab.pk/products/d-2602-a
KJC-LU-MAB-13994,MAB,Maria B,LU,https://mariab.pk/products/d-2603-a
KJC-LU-MAB-13995,MAB,Maria B,LU,https://mariab.pk/products/d-2603-b
KJC-LU-MAB-13996,MAB,Maria B,LU,https://mariab.pk/products/d-2604-a
KJC-LU-MAB-13997,MAB,Maria B,LU,https://mariab.pk/products/d-2604-b
KJC-LU-MAB-13998,MAB,Maria B,LU,https://mariab.pk/products/d-2605-b
KJC-LU-MAB-13999,MAB,Maria B,LU,https://mariab.pk/products/d-2606-a
KJC-LU-MAB-14000,MAB,Maria B,LU,https://mariab.pk/products/d-2609-a
KJC-LU-MAB-14001,MAB,Maria B,LU,https://mariab.pk/products/d-2609-b
KJC-LU-MAB-14002,MAB,Maria B,LU,https://mariab.pk/products/d-2610-a
KJC-LU-MAB-14003,MAB,Maria B,LU,https://mariab.pk/products/d-2610-b
KJC-LU-MAB-14004,MAB,Maria B,LU,https://mariab.pk/products/d-2611-b
KJC-LU-MAB-14005,MAB,Maria B,LU,https://mariab.pk/products/d-2612-b
KJC-LU-MAB-14006,MAB,Maria B,LU,https://mariab.pk/products/mpt-2902-b
KJC-LU-MAB-14007,MAB,Maria B,LU,https://mariab.pk/products/mpt-2906-a
KJC-LU-MAB-14008,MAB,Maria B,LU,https://mariab.pk/products/mpt-2906-b
KJC-LU-MAB-14009,MAB,Maria B,LU,https://mariab.pk/products/mpt-2907-a
KJC-LU-MAB-14010,MAB,Maria B,LU,https://mariab.pk/products/mpt-2908-a
KJC-LU-MAB-14011,MAB,Maria B,LU,https://mariab.pk/products/mpt-2910-a
KJC-LU-MAB-14012,MAB,Maria B,LU,https://mariab.pk/products/mpt-2911-a
KJC-LU-MAB-14013,MAB,Maria B,LU,https://mariab.pk/products/mpt-2913-b
KJC-LU-MAB-14014,MAB,Maria B,LU,https://mariab.pk/products/mpt-2801-a
KJC-LU-MAB-14015,MAB,Maria B,LU,https://mariab.pk/products/mpt-2801-b
KJC-LU-MAB-14016,MAB,Maria B,LU,https://mariab.pk/products/mpt-2803-b
KJC-LU-MAB-14017,MAB,Maria B,LU,https://mariab.pk/products/mpt-2805-b
KJC-LU-MAB-14018,MAB,Maria B,LU,https://mariab.pk/products/wl-1312
KJC-LU-MAB-14019,MAB,Maria B,LU,https://mariab.pk/products/wf-09-03
KJC-LU-MAB-14020,MAB,Maria B,LU,https://mariab.pk/products/mpt-2705-a
KJC-LU-MAB-14021,MAB,Maria B,LU,https://mariab.pk/products/mpt-2706-a
KJC-LU-MAB-14022,MAB,Maria B,LU,https://mariab.pk/products/mpt-2708-a
KJC-LU-MAB-14023,MAB,Maria B,LU,https://mariab.pk/products/mpc-25-102
KJC-LU-MAB-14024,MAB,Maria B,LU,https://mariab.pk/products/mpc-25-103
KJC-LU-MUS-14025,MUS,Mushq,LU,https://mushq.com/products/freyelle
KJC-LU-MUS-14026,MUS,Mushq,LU,https://mushq.com/products/alyana-slit-shirt
KJC-LU-MUS-14027,MUS,Mushq,LU,https://mushq.com/products/born-ready
KJC-LU-MUS-14028,MUS,Mushq,LU,https://mushq.com/products/rose-mood
KJC-LU-MUS-14029,MUS,Mushq,LU,https://mushq.com/products/effortlessly-me
KJC-LU-MUS-14030,MUS,Mushq,LU,https://mushq.com/products/soft-spotlight
KJC-LU-MUS-14031,MUS,Mushq,LU,https://mushq.com/products/naturally-me
KJC-LU-MUS-14032,MUS,Mushq,LU,https://mushq.com/products/main-character
KJC-LU-MUS-14033,MUS,Mushq,LU,https://mushq.com/products/rosalie-crown
KJC-LU-MUS-14034,MUS,Mushq,LU,https://mushq.com/products/belladona-royale
KJC-LU-MUS-14035,MUS,Mushq,LU,https://mushq.com/products/day-dreamer
KJC-LU-MUS-14036,MUS,Mushq,LU,https://mushq.com/products/in-my-element
KJC-LU-MUS-14037,MUS,Mushq,LU,https://mushq.com/products/cardinal-gem
KJC-LU-MUS-14038,MUS,Mushq,LU,https://mushq.com/products/celestia-crown
KJC-LU-MUS-14039,MUS,Mushq,LU,https://mushq.com/products/star-off-duty
KJC-LU-MUS-14040,MUS,Mushq,LU,https://mushq.com/products/scene-stealer
KJC-LU-MUS-14041,MUS,Mushq,LU,https://mushq.com/products/royal-affair
KJC-LU-MUS-14042,MUS,Mushq,LU,https://mushq.com/products/rouge-sapphire
KJC-LU-MUS-14043,MUS,Mushq,LU,https://mushq.com/products/vivienne-rose
KJC-LU-MUS-14044,MUS,Mushq,LU,https://mushq.com/products/queens-promise
KJC-LU-MUS-14045,MUS,Mushq,LU,https://mushq.com/products/carmine-jewel
KJC-LU-MUS-14046,MUS,Mushq,LU,https://mushq.com/products/cupid-slit-shirt
KJC-LU-MUS-14047,MUS,Mushq,LU,https://mushq.com/products/reina-rouge
KJC-LU-MUS-14048,MUS,Mushq,LU,https://mushq.com/products/before-the-rain
KJC-LU-MUS-14049,MUS,Mushq,LU,https://mushq.com/products/elodie
KJC-LU-MUS-14050,MUS,Mushq,LU,https://mushq.com/products/solare
KJC-LU-MUS-14051,MUS,Mushq,LU,https://mushq.com/products/enchanted-vine
KJC-LU-MUS-14052,MUS,Mushq,LU,https://mushq.com/products/wild-bloom
KJC-LU-MUS-14053,MUS,Mushq,LU,https://mushq.com/products/rosewood-secret
KJC-LU-MUS-14054,MUS,Mushq,LU,https://mushq.com/products/whispering-ivy
KJC-LU-MUS-14055,MUS,Mushq,LU,https://mushq.com/products/ethereal-eden
KJC-LU-MUS-14056,MUS,Mushq,LU,https://mushq.com/products/bloomveil
KJC-LU-MUS-14057,MUS,Mushq,LU,https://mushq.com/products/nocturne-flora
KJC-LU-MUS-14058,MUS,Mushq,LU,https://mushq.com/products/garden-royale
KJC-LU-MUS-14059,MUS,Mushq,LU,https://mushq.com/products/ivory-botanica
KJC-LU-MUS-14060,MUS,Mushq,LU,https://mushq.com/products/luma-bloom
KJC-LU-MUS-14061,MUS,Mushq,LU,https://mushq.com/products/velvet-ivy
KJC-LU-MUS-14062,MUS,Mushq,LU,https://mushq.com/products/rosearie-dream
KJC-LU-MUS-14063,MUS,Mushq,LU,https://mushq.com/products/elodie-1
KJC-LU-MUS-14064,MUS,Mushq,LU,https://mushq.com/products/elif
KJC-LU-MUS-14065,MUS,Mushq,LU,https://mushq.com/products/norah
KJC-LU-MUS-14066,MUS,Mushq,LU,https://mushq.com/products/endless-love-1
KJC-LU-MUS-14067,MUS,Mushq,LU,https://mushq.com/products/peony-glow
KJC-LU-MUS-14068,MUS,Mushq,LU,https://mushq.com/products/blooming-romance
KJC-LU-MUS-14069,MUS,Mushq,LU,https://mushq.com/products/love-escape
KJC-LU-MUS-14070,MUS,Mushq,LU,https://mushq.com/products/silent-vows
KJC-LU-MUS-14071,MUS,Mushq,LU,https://mushq.com/products/gillian
KJC-LU-MUS-14072,MUS,Mushq,LU,https://mushq.com/products/rosewood
KJC-LU-RAE-14073,RAE,Raessa,LU,https://raeesapremium.com/products/noor-e-fajar-orchard-of-daffodils-od-08
KJC-LU-RAE-14074,RAE,Raessa,LU,https://raeesapremium.com/products/noor-e-fajar-orchard-of-daffodils-od-04
KJC-LU-RAE-14075,RAE,Raessa,LU,https://raeesapremium.com/products/noor-e-fajar-orchard-of-daffodils-od-03
KJC-LU-RAE-14076,RAE,Raessa,LU,https://raeesapremium.com/products/noor-e-fajar-orchard-of-daffodils-od-07
KJC-LU-RAE-14077,RAE,Raessa,LU,https://raeesapremium.com/products/noor-e-fajar-orchard-of-daffodils-od-01
KJC-LU-RAE-14078,RAE,Raessa,LU,https://raeesapremium.com/products/luxury-collection-hu-2002
KJC-LU-RAE-14079,RAE,Raessa,LU,https://raeesapremium.com/products/luxury-collection-hu-2004
KJC-LU-RAE-14080,RAE,Raessa,LU,https://raeesapremium.com/products/luxury-collection-hu-2006
KJC-LU-RAE-14081,RAE,Raessa,LU,https://raeesapremium.com/products/luxury-chiffon-hu-1006
KJC-LU-RAE-14082,RAE,Raessa,LU,https://raeesapremium.com/products/raeesa-premium-dl-1015-roseate-belle
KJC-LU-RAE-14083,RAE,Raessa,LU,https://raeesapremium.com/products/raeesa-premium-dl-1017-nightingale
KJC-LU-RAE-14084,RAE,Raessa,LU,https://raeesapremium.com/products/raeesa-premium-dahlia-dd-08
KJC-LU-RAE-14085,RAE,Raessa,LU,https://raeesapremium.com/products/raeesa-premium-dahlia-dd-07
KJC-LU-RAE-14086,RAE,Raessa,LU,https://raeesapremium.com/products/raeesa-premium-dahlia-dd-06
KJC-LU-RAE-14087,RAE,Raessa,LU,https://raeesapremium.com/products/raeesa-premium-dahlia-dd-05
KJC-LU-RAE-14088,RAE,Raessa,LU,https://raeesapremium.com/products/raeesa-premium-dahlia-dd-04
KJC-LU-RAE-14089,RAE,Raessa,LU,https://raeesapremium.com/products/raeesa-premium-dahlia-dd-03
KJC-LU-RAE-14090,RAE,Raessa,LU,https://raeesapremium.com/products/raeesa-premium-dahlia-dd-01
KJC-LU-RAE-14091,RAE,Raessa,LU,https://raeesapremium.com/products/ly-08-rudbeckia
KJC-LU-RAE-14092,RAE,Raessa,LU,https://raeesapremium.com/products/ly-07-gentian
KJC-LU-RAE-14093,RAE,Raessa,LU,https://raeesapremium.com/products/ly-06-pansy
KJC-LU-RAE-14094,RAE,Raessa,LU,https://raeesapremium.com/products/ly-05-amaryllis
KJC-LU-RAE-14095,RAE,Raessa,LU,https://raeesapremium.com/products/ly-04-nemophila
KJC-LU-RAE-14096,RAE,Raessa,LU,https://raeesapremium.com/products/ly-03-carnation
KJC-LU-RAE-14097,RAE,Raessa,LU,https://raeesapremium.com/products/ly-02-moluccella
KJC-LU-RAE-14098,RAE,Raessa,LU,https://raeesapremium.com/products/ly-01-wisteria
KJC-LU-RAE-14099,RAE,Raessa,LU,https://raeesapremium.com/products/raeesa-premium-dl-1018-mehtaab
KJC-LU-RAE-14100,RAE,Raessa,LU,https://raeesapremium.com/products/raeesa-premium-dl-1011-celestial-dream
KJC-LU-RAE-14101,RAE,Raessa,LU,https://raeesapremium.com/products/raeesa-premium-dl-1013-caribbean-coast
KJC-LU-RAE-14102,RAE,Raessa,LU,https://raeesapremium.com/products/luxury-collection-dehleez-rh-1003
KJC-LU-RAE-14103,RAE,Raessa,LU,https://raeesapremium.com/products/luxury-collection-dehleez-rh-1001
KJC-LU-RAE-14104,RAE,Raessa,LU,https://raeesapremium.com/products/luxury-collection-hu-2008
KJC-LU-RAE-14105,RAE,Raessa,LU,https://raeesapremium.com/products/luxury-collection-hu-2005
KJC-LU-RAE-14106,RAE,Raessa,LU,https://raeesapremium.com/products/luxury-collection-hu-2003
KJC-LU-RAE-14107,RAE,Raessa,LU,https://raeesapremium.com/products/luxury-chiffon-hu-1009
KJC-LU-RAR-14108,RAR,Rang Rasia,LU,https://rangrasiya.com.pk/products/malika
KJC-LU-RAR-14109,RAR,Rang Rasia,LU,https://rangrasiya.com.pk/products/layla
KJC-LU-RAR-14110,RAR,Rang Rasia,LU,https://rangrasiya.com.pk/products/zulaykha
KJC-LU-RAR-14111,RAR,Rang Rasia,LU,https://rangrasiya.com.pk/products/heer-1
KJC-LU-RAR-14112,RAR,Rang Rasia,LU,https://rangrasiya.com.pk/products/nafisa
KJC-LU-RAR-14113,RAR,Rang Rasia,LU,https://rangrasiya.com.pk/products/sheherzade
KJC-LU-RAR-14114,RAR,Rang Rasia,LU,https://rangrasiya.com.pk/products/roshni
KJC-LU-RAR-14115,RAR,Rang Rasia,LU,https://rangrasiya.com.pk/products/nooreh-2
KJC-LU-RAR-14116,RAR,Rang Rasia,LU,https://rangrasiya.com.pk/products/reena
KJC-LU-RAR-14117,RAR,Rang Rasia,LU,https://rangrasiya.com.pk/products/zubiya-1
KJC-LU-RAR-14118,RAR,Rang Rasia,LU,https://rangrasiya.com.pk/products/vaneeza
KJC-LU-RAR-14119,RAR,Rang Rasia,LU,https://rangrasiya.com.pk/products/elysia-1
KJC-LU-RAR-14120,RAR,Rang Rasia,LU,https://rangrasiya.com.pk/products/ushna
KJC-LU-RAR-14121,RAR,Rang Rasia,LU,https://rangrasiya.com.pk/products/reeha
KJC-LU-RAR-14122,RAR,Rang Rasia,LU,https://rangrasiya.com.pk/products/sharleez
KJC-LU-RAR-14123,RAR,Rang Rasia,LU,https://rangrasiya.com.pk/products/lara-3
KJC-LU-RAR-14124,RAR,Rang Rasia,LU,https://rangrasiya.com.pk/products/roshane
KJC-LU-RAR-14125,RAR,Rang Rasia,LU,https://rangrasiya.com.pk/products/naba
KJC-LU-RAR-14126,RAR,Rang Rasia,LU,https://rangrasiya.com.pk/products/coco-2
KJC-LU-RAR-14127,RAR,Rang Rasia,LU,https://rangrasiya.com.pk/products/hooria
KJC-LU-RAR-14128,RAR,Rang Rasia,LU,https://rangrasiya.com.pk/products/jade-3
KJC-LU-RAR-14129,RAR,Rang Rasia,LU,https://rangrasiya.com.pk/products/waliya
KJC-LU-RAR-14130,RAR,Rang Rasia,LU,https://rangrasiya.com.pk/products/nadia
KJC-LU-RAR-14131,RAR,Rang Rasia,LU,https://rangrasiya.com.pk/products/rania-3
KJC-LU-RAR-14132,RAR,Rang Rasia,LU,https://rangrasiya.com.pk/products/amyra-2
KJC-LU-RAR-14133,RAR,Rang Rasia,LU,https://rangrasiya.com.pk/products/nadine
KJC-LU-RAR-14134,RAR,Rang Rasia,LU,https://rangrasiya.com.pk/products/maya-5
KJC-LU-RAR-14135,RAR,Rang Rasia,LU,https://rangrasiya.com.pk/products/zaynah
KJC-LU-RAR-14136,RAR,Rang Rasia,LU,https://rangrasiya.com.pk/products/zoya-2
KJC-LU-RAR-14137,RAR,Rang Rasia,LU,https://rangrasiya.com.pk/products/haya-3
KJC-LU-RAR-14138,RAR,Rang Rasia,LU,https://rangrasiya.com.pk/products/mahi-1
KJC-LU-RAR-14139,RAR,Rang Rasia,LU,https://rangrasiya.com.pk/products/aysel-2
KJC-LU-RAR-14140,RAR,Rang Rasia,LU,https://rangrasiya.com.pk/products/nehal
KJC-LU-RAR-14141,RAR,Rang Rasia,LU,https://rangrasiya.com.pk/products/lara-2
KJC-LU-RAR-14142,RAR,Rang Rasia,LU,https://rangrasiya.com.pk/products/irha
KJC-LU-RAR-14143,RAR,Rang Rasia,LU,https://rangrasiya.com.pk/products/keya-2
KJC-LU-RAR-14144,RAR,Rang Rasia,LU,https://rangrasiya.com.pk/products/leah-2
KJC-LU-RAR-14145,RAR,Rang Rasia,LU,https://rangrasiya.com.pk/products/isla-1
KJC-LU-RAR-14146,RAR,Rang Rasia,LU,https://rangrasiya.com.pk/products/zoey-2
KJC-LU-RAR-14147,RAR,Rang Rasia,LU,https://rangrasiya.com.pk/products/lily-2
KJC-LU-RAR-14148,RAR,Rang Rasia,LU,https://rangrasiya.com.pk/products/areha
KJC-LU-RAR-14149,RAR,Rang Rasia,LU,https://rangrasiya.com.pk/products/liaro
KJC-LU-RAR-14150,RAR,Rang Rasia,LU,https://rangrasiya.com.pk/products/ezra
KJC-LU-RAR-14151,RAR,Rang Rasia,LU,https://rangrasiya.com.pk/products/aria-3
KJC-LU-RAR-14152,RAR,Rang Rasia,LU,https://rangrasiya.com.pk/products/kaia-2
KJC-LU-RAR-14153,RAR,Rang Rasia,LU,https://rangrasiya.com.pk/products/nora-2
KJC-LU-RAR-14154,RAR,Rang Rasia,LU,https://rangrasiya.com.pk/products/leeza
KJC-LU-RAR-14155,RAR,Rang Rasia,LU,https://rangrasiya.com.pk/products/mila
KJC-LU-RAR-14156,RAR,Rang Rasia,LU,https://rangrasiya.com.pk/products/ivy-1
KJC-LU-RAR-14157,RAR,Rang Rasia,LU,https://rangrasiya.com.pk/products/sage-2
KJC-LU-RAR-14158,RAR,Rang Rasia,LU,https://rangrasiya.com.pk/products/blush-2
KJC-LU-RAR-14159,RAR,Rang Rasia,LU,https://rangrasiya.com.pk/products/olivine-1
KJC-LU-RAR-14160,RAR,Rang Rasia,LU,https://rangrasiya.com.pk/products/utopia-1
KJC-LU-RAR-14161,RAR,Rang Rasia,LU,https://rangrasiya.com.pk/products/symphonia-1
KJC-LU-RAR-14162,RAR,Rang Rasia,LU,https://rangrasiya.com.pk/products/charlotte-1
KJC-LU-RAR-14163,RAR,Rang Rasia,LU,https://rangrasiya.com.pk/products/luna-2
KJC-LU-RAR-14164,RAR,Rang Rasia,LU,https://rangrasiya.com.pk/products/rosemary
KJC-LU-RAR-14165,RAR,Rang Rasia,LU,https://rangrasiya.com.pk/products/mellow-2
KJC-LU-RAR-14166,RAR,Rang Rasia,LU,https://rangrasiya.com.pk/products/hazel-5
KJC-LU-RAR-14167,RAR,Rang Rasia,LU,https://rangrasiya.com.pk/products/aria-2
KJC-LU-RAR-14168,RAR,Rang Rasia,LU,https://rangrasiya.com.pk/products/gardenia-3
KJC-LU-RAR-14169,RAR,Rang Rasia,LU,https://rangrasiya.com.pk/products/midnight-2
KJC-LU-RAR-14170,RAR,Rang Rasia,LU,https://rangrasiya.com.pk/products/miraal
KJC-LU-RAR-14171,RAR,Rang Rasia,LU,https://rangrasiya.com.pk/products/alizah
KJC-LU-RAR-14172,RAR,Rang Rasia,LU,https://rangrasiya.com.pk/products/mirha-1
KJC-LU-RAR-14173,RAR,Rang Rasia,LU,https://rangrasiya.com.pk/products/rania-2
KJC-LU-RAR-14174,RAR,Rang Rasia,LU,https://rangrasiya.com.pk/products/shireen
KJC-LU-RAR-14175,RAR,Rang Rasia,LU,https://rangrasiya.com.pk/products/manah
KJC-LU-RAR-14176,RAR,Rang Rasia,LU,https://rangrasiya.com.pk/products/safina
KJC-LU-RAR-14177,RAR,Rang Rasia,LU,https://rangrasiya.com.pk/products/meharmah-1
KJC-LU-RAR-14178,RAR,Rang Rasia,LU,https://rangrasiya.com.pk/products/haneen
KJC-LU-RAR-14179,RAR,Rang Rasia,LU,https://rangrasiya.com.pk/products/daniya
KJC-LU-RAR-14180,RAR,Rang Rasia,LU,https://rangrasiya.com.pk/products/minahil
KJC-LU-RAR-14181,RAR,Rang Rasia,LU,https://rangrasiya.com.pk/products/eshal
KJC-LU-RAR-14182,RAR,Rang Rasia,LU,https://rangrasiya.com.pk/products/haniya
KJC-LU-RAR-14183,RAR,Rang Rasia,LU,https://rangrasiya.com.pk/products/laraib
KJC-LU-RAR-14184,RAR,Rang Rasia,LU,https://rangrasiya.com.pk/products/ariana-2
KJC-LU-RAR-14185,RAR,Rang Rasia,LU,https://rangrasiya.com.pk/products/sophie
KJC-LU-RAR-14186,RAR,Rang Rasia,LU,https://rangrasiya.com.pk/products/amelia-2
KJC-LU-RAR-14187,RAR,Rang Rasia,LU,https://rangrasiya.com.pk/products/freesia-1
KJC-LU-RAR-14188,RAR,Rang Rasia,LU,https://rangrasiya.com.pk/products/mahra
KJC-LU-RAR-14189,RAR,Rang Rasia,LU,https://rangrasiya.com.pk/products/orchid-2
KJC-LU-RAR-14190,RAR,Rang Rasia,LU,https://rangrasiya.com.pk/products/scarlet-3
KJC-LU-RAR-14191,RAR,Rang Rasia,LU,https://rangrasiya.com.pk/products/isabella-2
KJC-LU-RAR-14192,RAR,Rang Rasia,LU,https://rangrasiya.com.pk/products/bellla
KJC-LU-RAR-14193,RAR,Rang Rasia,LU,https://rangrasiya.com.pk/products/ocean-3
KJC-LU-RAR-14194,RAR,Rang Rasia,LU,https://rangrasiya.com.pk/products/zinnia-2
KJC-LU-RAR-14195,RAR,Rang Rasia,LU,https://rangrasiya.com.pk/products/liana-4
KJC-LU-RAR-14196,RAR,Rang Rasia,LU,https://rangrasiya.com.pk/products/aaleen
KJC-LU-RAR-14197,RAR,Rang Rasia,LU,https://rangrasiya.com.pk/products/aqua
KJC-LU-RAR-14198,RAR,Rang Rasia,LU,https://rangrasiya.com.pk/products/prisa
KJC-LU-RAR-14199,RAR,Rang Rasia,LU,https://rangrasiya.com.pk/products/alaya-2
KJC-LU-RAR-14200,RAR,Rang Rasia,LU,https://rangrasiya.com.pk/products/zariah-1
KJC-LU-RAR-14201,RAR,Rang Rasia,LU,https://rangrasiya.com.pk/products/natalia-2
KJC-LU-RAR-14202,RAR,Rang Rasia,LU,https://rangrasiya.com.pk/products/ayleen-2
KJC-LU-RAR-14203,RAR,Rang Rasia,LU,https://rangrasiya.com.pk/products/mahsa-1
KJC-LU-RAR-14204,RAR,Rang Rasia,LU,https://rangrasiya.com.pk/products/bareeha
KJC-LU-RAR-14205,RAR,Rang Rasia,LU,https://rangrasiya.com.pk/products/amani-2
KJC-LU-RAR-14206,RAR,Rang Rasia,LU,https://rangrasiya.com.pk/products/minal
KJC-LU-RAR-14207,RAR,Rang Rasia,LU,https://rangrasiya.com.pk/products/elnaz-1
KJC-LU-RAR-14208,RAR,Rang Rasia,LU,https://rangrasiya.com.pk/products/elaheh-2
KJC-LU-RAR-14209,RAR,Rang Rasia,LU,https://rangrasiya.com.pk/products/zara-3
KJC-LU-RAR-14210,RAR,Rang Rasia,LU,https://rangrasiya.com.pk/products/rameen-2
KJC-LU-RAR-14211,RAR,Rang Rasia,LU,https://rangrasiya.com.pk/products/alaya-1
KJC-LU-RAR-14212,RAR,Rang Rasia,LU,https://rangrasiya.com.pk/products/elnaz
KJC-LU-RAR-14213,RAR,Rang Rasia,LU,https://rangrasiya.com.pk/products/amelia-1
KJC-LU-RAR-14214,RAR,Rang Rasia,LU,https://rangrasiya.com.pk/products/natalia
KJC-LU-RAR-14215,RAR,Rang Rasia,LU,https://rangrasiya.com.pk/products/alaya
KJC-LU-RAR-14216,RAR,Rang Rasia,LU,https://rangrasiya.com.pk/products/aysel
KJC-LU-RAR-14217,RAR,Rang Rasia,LU,https://rangrasiya.com.pk/products/amani-1
KJC-LU-RAR-14218,RAR,Rang Rasia,LU,https://rangrasiya.com.pk/products/ariana
KJC-LU-RAR-14219,RAR,Rang Rasia,LU,https://rangrasiya.com.pk/products/mahsa
KJC-LU-RAR-14220,RAR,Rang Rasia,LU,https://rangrasiya.com.pk/products/camila
KJC-LU-RAR-14221,RAR,Rang Rasia,LU,https://rangrasiya.com.pk/products/elaheh-1
KJC-LU-RAR-14222,RAR,Rang Rasia,LU,https://rangrasiya.com.pk/products/zariha
KJC-LU-RAR-14223,RAR,Rang Rasia,LU,https://rangrasiya.com.pk/products/autumn
KJC-LU-RAR-14224,RAR,Rang Rasia,LU,https://rangrasiya.com.pk/products/audrey
KJC-LU-RAR-14225,RAR,Rang Rasia,LU,https://rangrasiya.com.pk/products/abigail
KJC-LU-RAR-14226,RAR,Rang Rasia,LU,https://rangrasiya.com.pk/products/evelyn
KJC-LU-RAR-14227,RAR,Rang Rasia,LU,https://rangrasiya.com.pk/products/grace-1
KJC-LU-RAR-14228,RAR,Rang Rasia,LU,https://rangrasiya.com.pk/products/zala
KJC-LU-RAR-14229,RAR,Rang Rasia,LU,https://rangrasiya.com.pk/products/delilah
KJC-LU-RAR-14230,RAR,Rang Rasia,LU,https://rangrasiya.com.pk/products/erica
KJC-LU-RAR-14231,RAR,Rang Rasia,LU,https://rangrasiya.com.pk/products/lisa-1
KJC-LU-RAR-14232,RAR,Rang Rasia,LU,https://rangrasiya.com.pk/products/ava
KJC-LU-RAR-14233,RAR,Rang Rasia,LU,https://rangrasiya.com.pk/products/meharmah
KJC-LU-RAR-14234,RAR,Rang Rasia,LU,https://rangrasiya.com.pk/products/midnight
KJC-LU-RAR-14235,RAR,Rang Rasia,LU,https://rangrasiya.com.pk/products/amyra
KJC-LU-RAR-14236,RAR,Rang Rasia,LU,https://rangrasiya.com.pk/products/coral-1
KJC-LU-RAR-14237,RAR,Rang Rasia,LU,https://rangrasiya.com.pk/products/ella
KJC-LU-RAR-14238,RAR,Rang Rasia,LU,https://rangrasiya.com.pk/products/zara-1
KJC-LU-RAR-14239,RAR,Rang Rasia,LU,https://rangrasiya.com.pk/products/zufash
KJC-LU-RAR-14240,RAR,Rang Rasia,LU,https://rangrasiya.com.pk/products/flamingo
KJC-LU-RAR-14241,RAR,Rang Rasia,LU,https://rangrasiya.com.pk/products/ocean
KJC-LU-RAR-14242,RAR,Rang Rasia,LU,https://rangrasiya.com.pk/products/heather-1
KJC-LU-RAR-14243,RAR,Rang Rasia,LU,https://rangrasiya.com.pk/products/blush
KJC-LU-RAR-14244,RAR,Rang Rasia,LU,https://rangrasiya.com.pk/products/haya-1
KJC-LU-RAR-14245,RAR,Rang Rasia,LU,https://rangrasiya.com.pk/products/pearl
KJC-LU-RAR-14246,RAR,Rang Rasia,LU,https://rangrasiya.com.pk/products/ayla
KJC-LU-RAR-14247,RAR,Rang Rasia,LU,https://rangrasiya.com.pk/products/gardenia-1
KJC-LU-RAR-14248,RAR,Rang Rasia,LU,https://rangrasiya.com.pk/products/azure
KJC-LU-RAR-14249,RAR,Rang Rasia,LU,https://rangrasiya.com.pk/products/uzuri
KJC-LU-RAR-14250,RAR,Rang Rasia,LU,https://rangrasiya.com.pk/products/apple-green
KJC-LU-RAR-14251,RAR,Rang Rasia,LU,https://rangrasiya.com.pk/products/camellia-1
KJC-LU-RAR-14252,RAR,Rang Rasia,LU,https://rangrasiya.com.pk/products/iris-1
KJC-LU-RAR-14253,RAR,Rang Rasia,LU,https://rangrasiya.com.pk/products/nooreh
KJC-LU-RAR-14254,RAR,Rang Rasia,LU,https://rangrasiya.com.pk/products/charlette
KJC-LU-RAR-14255,RAR,Rang Rasia,LU,https://rangrasiya.com.pk/products/utopia
KJC-LU-RAR-14256,RAR,Rang Rasia,LU,https://rangrasiya.com.pk/products/mellow
KJC-LU-RAR-14257,RAR,Rang Rasia,LU,https://rangrasiya.com.pk/products/rose-mary
KJC-LU-RAR-14258,RAR,Rang Rasia,LU,https://rangrasiya.com.pk/products/liana
KJC-LU-RAR-14259,RAR,Rang Rasia,LU,https://rangrasiya.com.pk/products/carnation-1
KJC-LU-RAR-14260,RAR,Rang Rasia,LU,https://rangrasiya.com.pk/products/olivia-2
KJC-LU-RAR-14261,RAR,Rang Rasia,LU,https://rangrasiya.com.pk/products/coral
KJC-LU-RAR-14262,RAR,Rang Rasia,LU,https://rangrasiya.com.pk/products/aquamarine
KJC-LU-RAR-14263,RAR,Rang Rasia,LU,https://rangrasiya.com.pk/products/ayleen
KJC-LU-RAR-14264,RAR,Rang Rasia,LU,https://rangrasiya.com.pk/products/mahzala
KJC-LU-RAR-14265,RAR,Rang Rasia,LU,https://rangrasiya.com.pk/products/sand
KJC-LU-RAR-14266,RAR,Rang Rasia,LU,https://rangrasiya.com.pk/products/oriana
KJC-LU-RAR-14267,RAR,Rang Rasia,LU,https://rangrasiya.com.pk/products/mira
KJC-LU-RAR-14268,RAR,Rang Rasia,LU,https://rangrasiya.com.pk/products/rose
KJC-LU-RAR-14269,RAR,Rang Rasia,LU,https://rangrasiya.com.pk/products/khush-bakhta
KJC-LU-RAR-14270,RAR,Rang Rasia,LU,https://rangrasiya.com.pk/products/lemon
KJC-LU-RAR-14271,RAR,Rang Rasia,LU,https://rangrasiya.com.pk/products/symphonia
KJC-LU-RAR-14272,RAR,Rang Rasia,LU,https://rangrasiya.com.pk/products/mint
KJC-LU-RAR-14273,RAR,Rang Rasia,LU,https://rangrasiya.com.pk/products/hazel-2
KJC-LU-RAR-14274,RAR,Rang Rasia,LU,https://rangrasiya.com.pk/products/maya-3
KJC-LU-RAR-14275,RAR,Rang Rasia,LU,https://rangrasiya.com.pk/products/coco
KJC-LU-RAR-14276,RAR,Rang Rasia,LU,https://rangrasiya.com.pk/products/ivy
KJC-LU-RAR-14277,RAR,Rang Rasia,LU,https://rangrasiya.com.pk/products/hazel-1
KJC-LU-RAR-14278,RAR,Rang Rasia,LU,https://rangrasiya.com.pk/products/zimil
KJC-LU-RAR-14279,RAR,Rang Rasia,LU,https://rangrasiya.com.pk/products/ivory-1
KJC-LU-RAR-14280,RAR,Rang Rasia,LU,https://rangrasiya.com.pk/products/freesia
KJC-LU-RAR-14281,RAR,Rang Rasia,LU,https://rangrasiya.com.pk/products/minaal
KJC-LU-RAR-14282,RAR,Rang Rasia,LU,https://rangrasiya.com.pk/products/natasha
KJC-LU-RAR-14283,RAR,Rang Rasia,LU,https://rangrasiya.com.pk/products/parisa
KJC-LU-RAR-14284,RAR,Rang Rasia,LU,https://rangrasiya.com.pk/products/raya
KJC-LU-RAR-14285,RAR,Rang Rasia,LU,https://rangrasiya.com.pk/products/zinnia-1
KJC-LU-RAR-14286,RAR,Rang Rasia,LU,https://rangrasiya.com.pk/products/nareman
KJC-LU-RAR-14287,RAR,Rang Rasia,LU,https://rangrasiya.com.pk/products/liah
KJC-LU-RAR-14288,RAR,Rang Rasia,LU,https://rangrasiya.com.pk/products/bella-1
KJC-LU-RAR-14289,RAR,Rang Rasia,LU,https://rangrasiya.com.pk/products/eva
KJC-LU-RAR-14290,RAR,Rang Rasia,LU,https://rangrasiya.com.pk/products/cinnamon
KJC-LU-RAR-14291,RAR,Rang Rasia,LU,https://rangrasiya.com.pk/products/zarmina
KJC-LU-RAR-14292,RAR,Rang Rasia,LU,https://rangrasiya.com.pk/products/dahlia-1
KJC-LU-RAR-14293,RAR,Rang Rasia,LU,https://rangrasiya.com.pk/products/salmon
KJC-LU-RAR-14294,RAR,Rang Rasia,LU,https://rangrasiya.com.pk/products/lily
KJC-LU-RAR-14295,RAR,Rang Rasia,LU,https://rangrasiya.com.pk/products/jade-1
KJC-LU-RAR-14296,RAR,Rang Rasia,LU,https://rangrasiya.com.pk/products/luna
KJC-LU-RAR-14297,RAR,Rang Rasia,LU,https://rangrasiya.com.pk/products/deena
KJC-LU-RAR-14298,RAR,Rang Rasia,LU,https://rangrasiya.com.pk/products/cinamon
KJC-LU-RAR-14299,RAR,Rang Rasia,LU,https://rangrasiya.com.pk/products/starling
KJC-LU-RAR-14300,RAR,Rang Rasia,LU,https://rangrasiya.com.pk/products/aria-1
KJC-LU-RAR-14301,RAR,Rang Rasia,LU,https://rangrasiya.com.pk/products/natalia-1
KJC-LU-RAR-14302,RAR,Rang Rasia,LU,https://rangrasiya.com.pk/products/sunshine
KJC-LU-RAR-14303,RAR,Rang Rasia,LU,https://rangrasiya.com.pk/products/ebony
KJC-LU-RAR-14304,RAR,Rang Rasia,LU,https://rangrasiya.com.pk/products/sage-1
KJC-LU-RAR-14305,RAR,Rang Rasia,LU,https://rangrasiya.com.pk/products/amelia
KJC-LU-RAR-14306,RAR,Rang Rasia,LU,https://rangrasiya.com.pk/products/olivine
KJC-LU-RAR-14307,RAR,Rang Rasia,LU,https://rangrasiya.com.pk/products/ariana-1
KJC-LU-RAR-14308,RAR,Rang Rasia,LU,https://rangrasiya.com.pk/products/carnation-2
KJC-LU-RAR-14309,RAR,Rang Rasia,LU,https://rangrasiya.com.pk/products/ivory
KJC-LU-RAR-14310,RAR,Rang Rasia,LU,https://rangrasiya.com.pk/products/dahlia-2
KJC-LU-RAR-14311,RAR,Rang Rasia,LU,https://rangrasiya.com.pk/products/luna-1
KJC-LU-RAR-14312,RAR,Rang Rasia,LU,https://rangrasiya.com.pk/products/rania
KJC-LU-RAR-14313,RAR,Rang Rasia,LU,https://rangrasiya.com.pk/products/gia
KJC-LU-RAR-14314,RAR,Rang Rasia,LU,https://rangrasiya.com.pk/products/mehr-1
KJC-LU-RAR-14315,RAR,Rang Rasia,LU,https://rangrasiya.com.pk/products/firuzeh
KJC-LU-RAR-14316,RAR,Rang Rasia,LU,https://rangrasiya.com.pk/products/noor
KJC-LU-RAR-14317,RAR,Rang Rasia,LU,https://rangrasiya.com.pk/products/nooreh-1
KJC-LU-RAR-14318,RAR,Rang Rasia,LU,https://rangrasiya.com.pk/products/leah
KJC-LU-RAR-14319,RAR,Rang Rasia,LU,https://rangrasiya.com.pk/products/onyx
KJC-LU-RAR-14320,RAR,Rang Rasia,LU,https://rangrasiya.com.pk/products/orchid
KJC-LU-RAR-14321,RAR,Rang Rasia,LU,https://rangrasiya.com.pk/products/kelly
KJC-LU-RAR-14322,RAR,Rang Rasia,LU,https://rangrasiya.com.pk/products/zinnia
KJC-LU-RAR-14323,RAR,Rang Rasia,LU,https://rangrasiya.com.pk/products/shahay-1
KJC-LU-RAR-14324,RAR,Rang Rasia,LU,https://rangrasiya.com.pk/products/bella
KJC-LU-RAR-14325,RAR,Rang Rasia,LU,https://rangrasiya.com.pk/products/carnelian
KJC-LU-RAR-14326,RAR,Rang Rasia,LU,https://rangrasiya.com.pk/products/roshina
KJC-LU-RAR-14327,RAR,Rang Rasia,LU,https://rangrasiya.com.pk/products/liana-1
KJC-LU-RAR-14328,RAR,Rang Rasia,LU,https://rangrasiya.com.pk/products/bella-2
KJC-LU-RAR-14329,RAR,Rang Rasia,LU,https://rangrasiya.com.pk/products/marganite
KJC-LU-RAR-14330,RAR,Rang Rasia,LU,https://rangrasiya.com.pk/products/lvy
KJC-LU-RAR-14331,RAR,Rang Rasia,LU,https://rangrasiya.com.pk/products/leyla
KJC-LU-RAR-14332,RAR,Rang Rasia,LU,https://rangrasiya.com.pk/products/gardenia-2
KJC-LU-RAR-14333,RAR,Rang Rasia,LU,https://rangrasiya.com.pk/products/hazel-4
KJC-LU-RAR-14334,RAR,Rang Rasia,LU,https://rangrasiya.com.pk/products/emerald
KJC-LU-RAR-14335,RAR,Rang Rasia,LU,https://rangrasiya.com.pk/products/fareesia-1
KJC-LU-RAR-14336,RAR,Rang Rasia,LU,https://rangrasiya.com.pk/products/rubellite
KJC-LU-RAR-14337,RAR,Rang Rasia,LU,https://rangrasiya.com.pk/products/mellow-1
KJC-LU-RAR-14338,RAR,Rang Rasia,LU,https://rangrasiya.com.pk/products/isabella-1
KJC-LU-RAR-14339,RAR,Rang Rasia,LU,https://rangrasiya.com.pk/products/lara
KJC-LU-RAR-14340,RAR,Rang Rasia,LU,https://rangrasiya.com.pk/products/keya
KJC-LU-RAR-14341,RAR,Rang Rasia,LU,https://rangrasiya.com.pk/products/rameen
KJC-LU-RAR-14342,RAR,Rang Rasia,LU,https://rangrasiya.com.pk/products/ocean-2
KJC-LU-RAR-14343,RAR,Rang Rasia,LU,https://rangrasiya.com.pk/products/zeenal
KJC-LU-RAR-14344,RAR,Rang Rasia,LU,https://rangrasiya.com.pk/products/camilia
KJC-LU-RAR-14345,RAR,Rang Rasia,LU,https://rangrasiya.com.pk/products/gul-bano
KJC-LU-RAR-14346,RAR,Rang Rasia,LU,https://rangrasiya.com.pk/products/orchid-1
KJC-LU-RAR-14347,RAR,Rang Rasia,LU,https://rangrasiya.com.pk/products/moonstone
KJC-LU-RAR-14348,RAR,Rang Rasia,LU,https://rangrasiya.com.pk/products/blush-1
KJC-LU-RAR-14349,RAR,Rang Rasia,LU,https://rangrasiya.com.pk/products/liana-2
KJC-LU-RAR-14350,RAR,Rang Rasia,LU,https://rangrasiya.com.pk/products/scarlet-2
KJC-LU-RAR-14351,RAR,Rang Rasia,LU,https://rangrasiya.com.pk/products/mia-1
KJC-LU-RAR-14352,RAR,Rang Rasia,LU,https://rangrasiya.com.pk/products/lime
KJC-LU-RAR-14353,RAR,Rang Rasia,LU,https://rangrasiya.com.pk/products/flora-1
KJC-LU-RAR-14354,RAR,Rang Rasia,LU,https://rangrasiya.com.pk/products/iris-2
KJC-LU-RAR-14355,RAR,Rang Rasia,LU,https://rangrasiya.com.pk/products/heather-2
KJC-LU-RAR-14356,RAR,Rang Rasia,LU,https://rangrasiya.com.pk/products/pariwarsh
KJC-LU-RAR-14357,RAR,Rang Rasia,LU,https://rangrasiya.com.pk/products/seiah
KJC-LU-RAR-14358,RAR,Rang Rasia,LU,https://rangrasiya.com.pk/products/nora
KJC-LU-RAR-14359,RAR,Rang Rasia,LU,https://rangrasiya.com.pk/products/aria
KJC-LU-RAR-14360,RAR,Rang Rasia,LU,https://rangrasiya.com.pk/products/elysia
KJC-LU-RAR-14361,RAR,Rang Rasia,LU,https://rangrasiya.com.pk/products/zariah
KJC-LU-RAR-14362,RAR,Rang Rasia,LU,https://rangrasiya.com.pk/products/amani
KJC-LU-RAR-14363,RAR,Rang Rasia,LU,https://rangrasiya.com.pk/products/serena
KJC-LU-RAR-14364,RAR,Rang Rasia,LU,https://rangrasiya.com.pk/products/ekin
KJC-LU-RAR-14365,RAR,Rang Rasia,LU,https://rangrasiya.com.pk/products/ayra-1
KJC-LU-RAR-14366,RAR,Rang Rasia,LU,https://rangrasiya.com.pk/products/jasper
KJC-LU-RAR-14367,RAR,Rang Rasia,LU,https://rangrasiya.com.pk/products/crimson
KJC-LU-RAR-14368,RAR,Rang Rasia,LU,https://rangrasiya.com.pk/products/sun-kissed
KJC-LU-RAR-14369,RAR,Rang Rasia,LU,https://rangrasiya.com.pk/products/ocean-1
KJC-LU-RAR-14370,RAR,Rang Rasia,LU,https://rangrasiya.com.pk/products/isabella
KJC-LU-RAR-14371,RAR,Rang Rasia,LU,https://rangrasiya.com.pk/products/mia
KJC-LU-RAR-14372,RAR,Rang Rasia,LU,https://rangrasiya.com.pk/products/midnight-1
KJC-LU-RAR-14373,RAR,Rang Rasia,LU,https://rangrasiya.com.pk/products/azure-1
KJC-LU-RAR-14374,RAR,Rang Rasia,LU,https://rangrasiya.com.pk/products/madeira
KJC-LU-RAR-14375,RAR,Rang Rasia,LU,https://rangrasiya.com.pk/products/kaia
KJC-LU-RAR-14376,RAR,Rang Rasia,LU,https://rangrasiya.com.pk/products/scarlet-1
KJC-LU-RAR-14377,RAR,Rang Rasia,LU,https://rangrasiya.com.pk/products/jehan
KJC-LU-RAR-14378,RAR,Rang Rasia,LU,https://rangrasiya.com.pk/products/mirha
KJC-LU-RAR-14379,RAR,Rang Rasia,LU,https://rangrasiya.com.pk/products/zoey
KJC-LU-RAR-14380,RAR,Rang Rasia,LU,https://rangrasiya.com.pk/products/elaheh
KJC-LU-RAR-14381,RAR,Rang Rasia,LU,https://rangrasiya.com.pk/products/olivine-2
KJC-LU-RAR-14382,RAR,Rang Rasia,LU,https://rangrasiya.com.pk/products/mayel
KJC-LU-RAR-14383,RAR,Rang Rasia,LU,https://rangrasiya.com.pk/products/ivy-2
KJC-LU-RAR-14384,RAR,Rang Rasia,LU,https://rangrasiya.com.pk/products/mahsa-2
KJC-LU-RAR-14385,RAR,Rang Rasia,LU,https://rangrasiya.com.pk/products/hoorain
KJC-LU-RAR-14386,RAR,Rang Rasia,LU,https://rangrasiya.com.pk/products/elnaz-2
KJC-LU-RAR-14387,RAR,Rang Rasia,LU,https://rangrasiya.com.pk/products/blush-3
KJC-LU-RAR-14388,RAR,Rang Rasia,LU,https://rangrasiya.com.pk/products/midnight-4
KJC-LU-RAR-14389,RAR,Rang Rasia,LU,https://rangrasiya.com.pk/products/affogato-1
KJC-LU-RAR-14390,RAR,Rang Rasia,LU,https://rangrasiya.com.pk/products/natasha-1
KJC-LU-RAR-14391,RAR,Rang Rasia,LU,https://rangrasiya.com.pk/products/mahnaz-1
KJC-LU-RAR-14392,RAR,Rang Rasia,LU,https://rangrasiya.com.pk/products/arezou-1
KJC-LU-RAR-14393,RAR,Rang Rasia,LU,https://rangrasiya.com.pk/products/dilara-2
KJC-LU-RAR-14394,RAR,Rang Rasia,LU,https://rangrasiya.com.pk/products/mirha-2
KJC-LU-RAR-14395,RAR,Rang Rasia,LU,https://rangrasiya.com.pk/products/safa
KJC-LU-RAR-14396,RAR,Rang Rasia,LU,https://rangrasiya.com.pk/products/parisa-2
KJC-LU-RAR-14397,RAR,Rang Rasia,LU,https://rangrasiya.com.pk/products/sage-3
KJC-LU-RAR-14398,RAR,Rang Rasia,LU,https://rangrasiya.com.pk/products/zoha
KJC-LU-RAR-14399,RAR,Rang Rasia,LU,https://rangrasiya.com.pk/products/mahiba
KJC-LU-RAR-14400,RAR,Rang Rasia,LU,https://rangrasiya.com.pk/products/sofia-1
KJC-LU-RAR-14401,RAR,Rang Rasia,LU,https://rangrasiya.com.pk/products/cold-brew
KJC-LU-RAR-14402,RAR,Rang Rasia,LU,https://rangrasiya.com.pk/products/nawal
KJC-LU-RAR-14403,RAR,Rang Rasia,LU,https://rangrasiya.com.pk/products/samara
KJC-LU-RAR-14404,RAR,Rang Rasia,LU,https://rangrasiya.com.pk/products/misha
KJC-LU-RAR-14405,RAR,Rang Rasia,LU,https://rangrasiya.com.pk/products/georgia
KJC-LU-RAR-14406,RAR,Rang Rasia,LU,https://rangrasiya.com.pk/products/defne
KJC-LU-RAR-14407,RAR,Rang Rasia,LU,https://rangrasiya.com.pk/products/alara
KJC-LU-RAR-14408,RAR,Rang Rasia,LU,https://rangrasiya.com.pk/products/maya-6
KJC-LU-RAR-14409,RAR,Rang Rasia,LU,https://rangrasiya.com.pk/products/layl
KJC-LU-RAR-14410,RAR,Rang Rasia,LU,https://rangrasiya.com.pk/products/mahi-2
KJC-LU-RAR-14411,RAR,Rang Rasia,LU,https://rangrasiya.com.pk/products/nadine-1
KJC-LU-RAR-14412,RAR,Rang Rasia,LU,https://rangrasiya.com.pk/products/isla-3
KJC-LU-RAR-14413,RAR,Rang Rasia,LU,https://rangrasiya.com.pk/products/haniya-1
KJC-LU-RAR-14414,RAR,Rang Rasia,LU,https://rangrasiya.com.pk/products/mahra-1
KJC-LU-RAR-14415,RAR,Rang Rasia,LU,https://rangrasiya.com.pk/products/alizeh
KJC-LU-RAR-14416,RAR,Rang Rasia,LU,https://rangrasiya.com.pk/products/ayleen-3
KJC-LU-RAR-14417,RAR,Rang Rasia,LU,https://rangrasiya.com.pk/products/minaal-1
KJC-LU-RAR-14418,RAR,Rang Rasia,LU,https://rangrasiya.com.pk/products/zariah-2
KJC-LU-RAR-14419,RAR,Rang Rasia,LU,https://rangrasiya.com.pk/products/aria-4
KJC-LU-RAR-14420,RAR,Rang Rasia,LU,https://rangrasiya.com.pk/products/symphonia-2
KJC-LU-RAR-14421,RAR,Rang Rasia,LU,https://rangrasiya.com.pk/products/peony
KJC-LU-RAR-14422,RAR,Rang Rasia,LU,https://rangrasiya.com.pk/products/gardenia-4
KJC-LU-RAR-14423,RAR,Rang Rasia,LU,https://rangrasiya.com.pk/products/daisy-1
KJC-LU-RAR-14424,RAR,Rang Rasia,LU,https://rangrasiya.com.pk/products/luna-3
KJC-LU-RAR-14425,RAR,Rang Rasia,LU,https://rangrasiya.com.pk/products/charlotte-2
KJC-LU-RAR-14426,RAR,Rang Rasia,LU,https://rangrasiya.com.pk/products/zeenat-2
KJC-LU-RAR-14427,RAR,Rang Rasia,LU,https://rangrasiya.com.pk/products/mocha-1
KJC-LU-RAR-14428,RAR,Rang Rasia,LU,https://rangrasiya.com.pk/products/narmeen
KJC-LU-RAR-14429,RAR,Rang Rasia,LU,https://rangrasiya.com.pk/products/amil
KJC-LU-RAR-14430,RAR,Rang Rasia,LU,https://rangrasiya.com.pk/products/zinnia-3
KJC-LU-RAR-14431,RAR,Rang Rasia,LU,https://rangrasiya.com.pk/products/viola
KJC-LU-RAR-14432,RAR,Rang Rasia,LU,https://rangrasiya.com.pk/products/gabriella
KJC-LU-RAR-14433,RAR,Rang Rasia,LU,https://rangrasiya.com.pk/products/cecilia
KJC-LU-RAR-14434,RAR,Rang Rasia,LU,https://rangrasiya.com.pk/products/laleh
KJC-LU-RAR-14435,RAR,Rang Rasia,LU,https://rangrasiya.com.pk/products/yumna
KJC-LU-RAR-14436,RAR,Rang Rasia,LU,https://rangrasiya.com.pk/products/shirin
KJC-LU-RAR-14437,RAR,Rang Rasia,LU,https://rangrasiya.com.pk/products/afsaneh
KJC-LU-RAR-14438,RAR,Rang Rasia,LU,https://rangrasiya.com.pk/products/sahar-1
KJC-LU-RAR-14439,RAR,Rang Rasia,LU,https://rangrasiya.com.pk/products/tara
KJC-LU-RAR-14440,RAR,Rang Rasia,LU,https://rangrasiya.com.pk/products/nilofer
KJC-LU-RAR-14441,RAR,Rang Rasia,LU,https://rangrasiya.com.pk/products/mysha
KJC-LU-RAR-14442,RAR,Rang Rasia,LU,https://rangrasiya.com.pk/products/nehal-1
KJC-LU-RAR-14443,RAR,Rang Rasia,LU,https://rangrasiya.com.pk/products/leah-3
KJC-LU-RAR-14444,RAR,Rang Rasia,LU,https://rangrasiya.com.pk/products/irha-1
KJC-LU-RAR-14445,RAR,Rang Rasia,LU,https://rangrasiya.com.pk/products/zoey-3
KJC-LU-RAR-14446,RAR,Rang Rasia,LU,https://rangrasiya.com.pk/products/kaia-3
KJC-LU-RAR-14447,RAR,Rang Rasia,LU,https://rangrasiya.com.pk/products/nadia-1
KJC-LU-RAR-14448,RAR,Rang Rasia,LU,https://rangrasiya.com.pk/products/aria-5
KJC-LU-RAR-14449,RAR,Rang Rasia,LU,https://rangrasiya.com.pk/products/leeza-1
KJC-LU-RAR-14450,RAR,Rang Rasia,LU,https://rangrasiya.com.pk/products/hiba
KJC-LU-RAR-14451,RAR,Rang Rasia,LU,https://rangrasiya.com.pk/products/lily-3
KJC-LU-RAR-14452,RAR,Rang Rasia,LU,https://rangrasiya.com.pk/products/aalen
KJC-LU-RAR-14453,RAR,Rang Rasia,LU,https://rangrasiya.com.pk/products/safina-1
KJC-LU-RAR-14454,RAR,Rang Rasia,LU,https://rangrasiya.com.pk/products/misha-1
KJC-LU-RAR-14455,RAR,Rang Rasia,LU,https://rangrasiya.com.pk/products/miraal-1
KJC-LU-RAR-14456,RAR,Rang Rasia,LU,https://rangrasiya.com.pk/products/manha
KJC-LU-RAR-14457,RAR,Rang Rasia,LU,https://rangrasiya.com.pk/products/eshal-1
KJC-LU-RAR-14458,RAR,Rang Rasia,LU,https://rangrasiya.com.pk/products/haneen-1
KJC-LU-RAR-14459,RAR,Rang Rasia,LU,https://rangrasiya.com.pk/products/meharmah-2
KJC-LU-RAR-14460,RAR,Rang Rasia,LU,https://rangrasiya.com.pk/products/nooreh-3
KJC-LU-RAR-14461,RAR,Rang Rasia,LU,https://rangrasiya.com.pk/products/natalia-3
KJC-LU-RAR-14462,RAR,Rang Rasia,LU,https://rangrasiya.com.pk/products/rameen-3
KJC-LU-RAR-14463,RAR,Rang Rasia,LU,https://rangrasiya.com.pk/products/alaya-3
KJC-LU-RAR-14464,RAR,Rang Rasia,LU,https://rangrasiya.com.pk/products/zara-4
KJC-LU-RAR-14465,RAR,Rang Rasia,LU,https://rangrasiya.com.pk/products/amani-3
KJC-LU-RAR-14466,RAR,Rang Rasia,LU,https://rangrasiya.com.pk/products/elaheh-3
KJC-LU-RAR-14467,RAR,Rang Rasia,LU,https://rangrasiya.com.pk/products/acacia
KJC-LU-RAR-14468,RAR,Rang Rasia,LU,https://rangrasiya.com.pk/products/mellow-3
KJC-LU-RAR-14469,RAR,Rang Rasia,LU,https://rangrasiya.com.pk/products/aster
KJC-LU-RAR-14470,RAR,Rang Rasia,LU,https://rangrasiya.com.pk/products/hazel-6
KJC-LU-RAR-14471,RAR,Rang Rasia,LU,https://rangrasiya.com.pk/products/utopia-2
KJC-LU-RAR-14472,RAR,Rang Rasia,LU,https://rangrasiya.com.pk/products/rosemary-1
KJC-LU-RAR-14473,RAR,Rang Rasia,LU,https://rangrasiya.com.pk/products/fareeha
KJC-LU-RAR-14474,RAR,Rang Rasia,LU,https://rangrasiya.com.pk/products/aaliyah
KJC-LU-RAR-14475,RAR,Rang Rasia,LU,https://rangrasiya.com.pk/products/basma
KJC-LU-RAR-14476,RAR,Rang Rasia,LU,https://rangrasiya.com.pk/products/zaiena
KJC-LU-RAR-14477,RAR,Rang Rasia,LU,https://rangrasiya.com.pk/products/americano-1
KJC-LU-RAR-14478,RAR,Rang Rasia,LU,https://rangrasiya.com.pk/products/cappuccino-1
KJC-LU-RAR-14479,RAR,Rang Rasia,LU,https://rangrasiya.com.pk/products/cardamom-1
KJC-LU-RAR-14480,RAR,Rang Rasia,LU,https://rangrasiya.com.pk/products/rose-2
KJC-LU-RAR-14481,RAR,Rang Rasia,LU,https://rangrasiya.com.pk/products/espresso-1
KJC-LU-RAR-14482,RAR,Rang Rasia,LU,https://rangrasiya.com.pk/products/matcha-1
KJC-LU-RAR-14483,RAR,Rang Rasia,LU,https://rangrasiya.com.pk/products/chai-1
KJC-LU-RAR-14484,RAR,Rang Rasia,LU,https://rangrasiya.com.pk/products/latte-1
KJC-LU-RAR-14485,RAR,Rang Rasia,LU,https://rangrasiya.com.pk/products/frappe
KJC-LU-RAR-14486,RAR,Rang Rasia,LU,https://rangrasiya.com.pk/products/mint-2
KJC-LU-RAR-14487,RAR,Rang Rasia,LU,https://rangrasiya.com.pk/products/cortado-1
KJC-LU-RAR-14488,RAR,Rang Rasia,LU,https://rangrasiya.com.pk/products/ayra-2
KJC-LU-RAR-14489,RAR,Rang Rasia,LU,https://rangrasiya.com.pk/products/malisa
KJC-LU-RAR-14490,RAR,Rang Rasia,LU,https://rangrasiya.com.pk/products/irsia
KJC-LU-RAR-14491,RAR,Rang Rasia,LU,https://rangrasiya.com.pk/products/sharmeen
KJC-LU-RAR-14492,RAR,Rang Rasia,LU,https://rangrasiya.com.pk/products/soha
KJC-LU-RAR-14493,RAR,Rang Rasia,LU,https://rangrasiya.com.pk/products/feryal
KJC-LU-RAR-14494,RAR,Rang Rasia,LU,https://rangrasiya.com.pk/products/farwa
KJC-LU-RAR-14495,RAR,Rang Rasia,LU,https://rangrasiya.com.pk/products/radin
KJC-LU-RAR-14496,RAR,Rang Rasia,LU,https://rangrasiya.com.pk/products/behnaz
KJC-LU-RAR-14497,RAR,Rang Rasia,LU,https://rangrasiya.com.pk/products/gazal
KJC-LU-RAR-14498,RAR,Rang Rasia,LU,https://rangrasiya.com.pk/products/delilah-1
KJC-LU-RAR-14499,RAR,Rang Rasia,LU,https://rangrasiya.com.pk/products/midnight-3
KJC-LU-RAR-14500,RAR,Rang Rasia,LU,https://rangrasiya.com.pk/products/grace-2
KJC-LU-RAR-14501,RAR,Rang Rasia,LU,https://rangrasiya.com.pk/products/audrey-1
KJC-LU-RAR-14502,RAR,Rang Rasia,LU,https://rangrasiya.com.pk/products/lisa-2
KJC-LU-RAR-14503,RAR,Rang Rasia,LU,https://rangrasiya.com.pk/products/emily-2
KJC-LU-RAR-14504,RAR,Rang Rasia,LU,https://rangrasiya.com.pk/products/evlyn
KJC-LU-RAR-14505,RAR,Rang Rasia,LU,https://rangrasiya.com.pk/products/eva-2
KJC-LU-RAR-14506,RAR,Rang Rasia,LU,https://rangrasiya.com.pk/products/autumn-1
KJC-LU-RAR-14507,RAR,Rang Rasia,LU,https://rangrasiya.com.pk/products/ella-1
KJC-LU-RAR-14508,RAR,Rang Rasia,LU,https://rangrasiya.com.pk/products/isla-2
KJC-LU-RAR-14509,RAR,Rang Rasia,LU,https://rangrasiya.com.pk/products/freya-1
KJC-LU-RAR-14510,RAR,Rang Rasia,LU,https://rangrasiya.com.pk/products/abigail-1
KJC-LU-RAR-14511,RAR,Rang Rasia,LU,https://rangrasiya.com.pk/products/jade-4
KJC-LU-RAR-14512,RAR,Rang Rasia,LU,https://rangrasiya.com.pk/products/alisha
KJC-LU-RAR-14513,RAR,Rang Rasia,LU,https://rangrasiya.com.pk/products/nayab
KJC-LU-RAR-14514,RAR,Rang Rasia,LU,https://rangrasiya.com.pk/products/neha
KJC-LU-RAR-14515,RAR,Rang Rasia,LU,https://rangrasiya.com.pk/products/nimir
KJC-LU-RAR-14516,RAR,Rang Rasia,LU,https://rangrasiya.com.pk/products/rose-1
KJC-LU-RAR-14517,RAR,Rang Rasia,LU,https://rangrasiya.com.pk/products/mint-1
KJC-LU-RAR-14518,RAR,Rang Rasia,LU,https://rangrasiya.com.pk/products/chai
KJC-LU-RAR-14519,RAR,Rang Rasia,LU,https://rangrasiya.com.pk/products/cardamom
KJC-LU-RAR-14520,RAR,Rang Rasia,LU,https://rangrasiya.com.pk/products/cappuccino
KJC-LU-RAR-14521,RAR,Rang Rasia,LU,https://rangrasiya.com.pk/products/latte
KJC-LU-RAR-14522,RAR,Rang Rasia,LU,https://rangrasiya.com.pk/products/hot-choclate
KJC-LU-RAR-14523,RAR,Rang Rasia,LU,https://rangrasiya.com.pk/products/matcha
KJC-LU-RAR-14524,RAR,Rang Rasia,LU,https://rangrasiya.com.pk/products/affogato
KJC-LU-RAR-14525,RAR,Rang Rasia,LU,https://rangrasiya.com.pk/products/americano
KJC-LU-RAR-14526,RAR,Rang Rasia,LU,https://rangrasiya.com.pk/products/espresso
KJC-LU-RAR-14527,RAR,Rang Rasia,LU,https://rangrasiya.com.pk/products/cortado
KJC-LU-RAR-14528,RAR,Rang Rasia,LU,https://rangrasiya.com.pk/products/mocha
KJC-LU-RAR-14529,RAR,Rang Rasia,LU,https://rangrasiya.com.pk/products/lavender
KJC-LU-RAR-14530,RAR,Rang Rasia,LU,https://rangrasiya.com.pk/products/freya
KJC-LU-RAR-14531,RAR,Rang Rasia,LU,https://rangrasiya.com.pk/products/isla
KJC-LU-RAR-14532,RAR,Rang Rasia,LU,https://rangrasiya.com.pk/products/emily-1
KJC-LU-RAR-14533,RAR,Rang Rasia,LU,https://rangrasiya.com.pk/products/isabella-4
KJC-LU-RAR-14534,RAR,Rang Rasia,LU,https://rangrasiya.com.pk/products/amelia-3
KJC-LU-RAR-14535,RAR,Rang Rasia,LU,https://rangrasiya.com.pk/products/ariana-4
KJC-LU-RAR-14536,RAR,Rang Rasia,LU,https://rangrasiya.com.pk/products/fareesia-2
KJC-LU-RAR-14537,RAR,Rang Rasia,LU,https://rangrasiya.com.pk/products/orchid-3
KJC-LU-RAR-14538,RAR,Rang Rasia,LU,https://rangrasiya.com.pk/products/liana-5
KJC-LU-RAR-14539,RAR,Rang Rasia,LU,https://rangrasiya.com.pk/products/ariana-3
KJC-LU-RAR-14540,RAR,Rang Rasia,LU,https://rangrasiya.com.pk/products/serene
KJC-LU-RAR-14541,RAR,Rang Rasia,LU,https://rangrasiya.com.pk/products/isabella-3
KJC-LU-RAR-14542,RAR,Rang Rasia,LU,https://rangrasiya.com.pk/products/seline
KJC-LU-RAR-14543,RAR,Rang Rasia,LU,https://rangrasiya.com.pk/products/rosalia-1
KJC-LU-RAR-14544,RAR,Rang Rasia,LU,https://rangrasiya.com.pk/products/aurora
KJC-LU-RAR-14545,RAR,Rang Rasia,LU,https://rangrasiya.com.pk/products/elena-1
KJC-LU-RAR-14546,RAR,Rang Rasia,LU,https://rangrasiya.com.pk/products/emilia
KJC-LU-RAR-14547,RAR,Rang Rasia,LU,https://rangrasiya.com.pk/products/yasna
KJC-LU-RAR-14548,RAR,Rang Rasia,LU,https://rangrasiya.com.pk/products/bahar
KJC-LU-RAR-14549,RAR,Rang Rasia,LU,https://rangrasiya.com.pk/products/mina
KJC-LU-RAR-14550,RAR,Rang Rasia,LU,https://rangrasiya.com.pk/products/tina
KJC-LU-RAR-14551,RAR,Rang Rasia,LU,https://rangrasiya.com.pk/products/zahra
KJC-LU-RAR-14552,RAR,Rang Rasia,LU,https://rangrasiya.com.pk/products/haya-4
KJC-LU-RAR-14553,RAR,Rang Rasia,LU,https://rangrasiya.com.pk/products/ayra-3
KJC-LU-RAR-14554,RAR,Rang Rasia,LU,https://rangrasiya.com.pk/products/zaha
KJC-LU-RAR-14555,RAR,Rang Rasia,LU,https://rangrasiya.com.pk/products/raha
KJC-LU-RAR-14556,RAR,Rang Rasia,LU,https://rangrasiya.com.pk/products/hania
KJC-LU-RAR-14557,RAR,Rang Rasia,LU,https://rangrasiya.com.pk/products/ayla-2
KJC-LU-RAR-14558,RAR,Rang Rasia,LU,https://rangrasiya.com.pk/products/alayna
KJC-LU-RAR-14559,RAR,Rang Rasia,LU,https://rangrasiya.com.pk/products/rania-4
KJC-LU-RAR-14560,RAR,Rang Rasia,LU,https://rangrasiya.com.pk/products/liaro-1
KJC-LU-RAR-14561,RAR,Rang Rasia,LU,https://rangrasiya.com.pk/products/nora-3
KJC-LU-RAR-14562,RAR,Rang Rasia,LU,https://rangrasiya.com.pk/products/keya-3
KJC-LU-RAR-14563,RAR,Rang Rasia,LU,https://rangrasiya.com.pk/products/mila-1
KJC-LU-RAR-14564,RAR,Rang Rasia,LU,https://rangrasiya.com.pk/products/lara-4
KJC-LU-RAR-14565,RAR,Rang Rasia,LU,https://rangrasiya.com.pk/products/ezra-1
